{"type": "FeatureCollection", "crs": {"type": "name", "properties": {"name": "urn:ogc:def:crs:OGC:1.3:CRS84"}}, "features": [{"type": "Feature", "properties": {"NAME_1": "Andaman and Nicobar"}, "geometry": {"type": "MultiPolygon", "coordinates": [[[[93.79, 6.85], [93.79, 6.85], [93.79, 6.85]]], [[[93.72, 7.21], [93.71, 7.23], [93.72, 7.21], [93.72, 7.21]]], [[[93.85, 7.24], [93.84, 7.22], [93.88, 7.21], [93.91, 7.03], [93.95, 7.01], [93.91, 6.99], [93.95, 6.95], [93.9, 6.91], [93.9, 6.8], [93.85, 6.82], [93.83, 6.75], [93.8, 6.76], [93.82, 6.82], [93.79, 6.82], [93.73, 6.99], [93.69, 7.02], [93.66, 7.0], [93.66, 7.13], [93.68, 7.19], [93.8, 7.2], [93.85, 7.24], [93.85, 7.24]]], [[[93.85, 7.29], [93.85, 7.29], [93.85, 7.29]]], [[[93.66, 7.38], [93.66, 7.38], [93.66, 7.38]]], [[[93.77, 7.4], [93.77, 7.4], [93.77, 7.4]]], [[[93.69, 7.41], [93.69, 7.41], [93.69, 7.41]]], [[[93.71, 7.44], [93.76, 7.36], [93.65, 7.24], [93.63, 7.37], [93.71, 7.39], [93.71, 7.44], [93.71, 7.44]]], [[[93.65, 7.48], [93.65, 7.48], [93.65, 7.48]]], [[[93.63, 7.48], [93.63, 7.48], [93.63, 7.48]]], [[[93.54, 7.53], [93.55, 7.51], [93.54, 7.53], [93.54, 7.53]]], [[[93.34, 7.91], [93.34, 7.91], [93.34, 7.91]]], [[[93.34, 7.91], [93.34, 7.91], [93.34, 7.91]]], [[[93.38, 8.02], [93.41, 8.01], [93.4, 7.97], [93.47, 7.93], [93.46, 7.87], [93.43, 7.91], [93.35, 7.89], [93.35, 7.95], [93.32, 7.93], [93.32, 8.0], [93.38, 8.02], [93.38, 8.02]]], [[[93.55, 8.03], [93.58, 8.0], [93.58, 7.93], [93.51, 7.98], [93.55, 8.03], [93.55, 8.03]]], [[[93.58, 8.13], [93.6, 8.04], [93.57, 8.06], [93.58, 8.13], [93.58, 8.13]]], [[[93.53, 8.23], [93.55, 8.2], [93.5, 8.14], [93.55, 8.09], [93.55, 8.04], [93.49, 8.0], [93.49, 8.05], [93.51, 8.04], [93.51, 8.07], [93.53, 8.05], [93.53, 8.08], [93.48, 8.05], [93.49, 8.1], [93.46, 8.11], [93.45, 8.18], [93.53, 8.23], [93.53, 8.23]]], [[[93.24, 8.27], [93.25, 8.22], [93.22, 8.24], [93.24, 8.27], [93.24, 8.27]]], [[[93.13, 8.36], [93.13, 8.26], [93.19, 8.23], [93.2, 8.19], [93.12, 8.22], [93.08, 8.28], [93.09, 8.34], [93.13, 8.36], [93.13, 8.36]]], [[[93.65, 8.39], [93.65, 8.39], [93.65, 8.39]]], [[[93.63, 8.39], [93.63, 8.39], [93.63, 8.39]]], [[[93.04, 8.47], [93.06, 8.44], [93.04, 8.47], [93.04, 8.47]]], [[[93.61, 8.48], [93.61, 8.48], [93.61, 8.48]]], [[[93.62, 8.57], [93.62, 8.42], [93.62, 8.57], [93.62, 8.57]]], [[[93.61, 8.58], [93.61, 8.58], [93.61, 8.58]]], [[[92.86, 8.82], [92.86, 8.82], [92.86, 8.82]]], [[[92.79, 9.12], [92.79, 9.12], [92.79, 9.12]]], [[[92.8, 9.12], [92.8, 9.12], [92.8, 9.12]]], [[[92.81, 9.13], [92.81, 9.13], [92.81, 9.13]]], [[[92.79, 9.24], [92.86, 9.2], [92.83, 9.19], [92.81, 9.12], [92.73, 9.12], [92.72, 9.22], [92.77, 9.21], [92.77, 9.26], [92.79, 9.24], [92.79, 9.24]]], [[[92.52, 10.9], [92.59, 10.79], [92.6, 10.68], [92.54, 10.63], [92.57, 10.57], [92.52, 10.51], [92.44, 10.55], [92.38, 10.53], [92.42, 10.61], [92.38, 10.67], [92.38, 10.79], [92.4, 10.76], [92.46, 10.87], [92.51, 10.87], [92.52, 10.9], [92.52, 10.9]]], [[[92.61, 10.94], [92.61, 10.94], [92.61, 10.94]]], [[[92.23, 10.98], [92.21, 10.98], [92.23, 10.98], [92.23, 10.98]]], [[[92.66, 10.98], [92.66, 10.98], [92.66, 10.98]]], [[[92.73, 11.14], [92.73, 11.14], [92.73, 11.14]]], [[[92.73, 11.15], [92.73, 11.15], [92.73, 11.15]]], [[[92.68, 11.18], [92.68, 11.18], [92.68, 11.18]]], [[[92.71, 11.29], [92.69, 11.24], [92.71, 11.29], [92.71, 11.29]]], [[[92.7, 11.31], [92.7, 11.31], [92.7, 11.31]]], [[[92.72, 11.32], [92.72, 11.32], [92.72, 11.32]]], [[[92.55, 11.39], [92.55, 11.39], [92.55, 11.39]]], [[[92.56, 11.39], [92.56, 11.39], [92.56, 11.39]]], [[[92.67, 11.49], [92.67, 11.49], [92.67, 11.49]]], [[[92.61, 11.5], [92.61, 11.5], [92.61, 11.5]]], [[[92.64, 11.51], [92.64, 11.51], [92.64, 11.51]]], [[[92.64, 11.51], [92.68, 11.47], [92.69, 11.43], [92.65, 11.41], [92.69, 11.37], [92.59, 11.35], [92.64, 11.51], [92.64, 11.51]]], [[[92.27, 11.52], [92.27, 11.52], [92.27, 11.52]]], [[[92.6, 11.53], [92.6, 11.53], [92.6, 11.53]]], [[[92.56, 11.54], [92.57, 11.52], [92.56, 11.54], [92.56, 11.54]]], [[[92.63, 11.54], [92.63, 11.54], [92.63, 11.54]]], [[[92.61, 11.56], [92.62, 11.53], [92.61, 11.56], [92.61, 11.56]]], [[[92.57, 11.56], [92.57, 11.56], [92.57, 11.56]]], [[[92.57, 11.57], [92.57, 11.57], [92.57, 11.57]]], [[[92.6, 11.54], [92.58, 11.53], [92.59, 11.58], [92.6, 11.54], [92.6, 11.54]]], [[[92.58, 11.58], [92.58, 11.58], [92.58, 11.58]]], [[[92.61, 11.59], [92.62, 11.56], [92.61, 11.59], [92.61, 11.59]]], [[[92.22, 11.59], [92.27, 11.59], [92.27, 11.52], [92.21, 11.53], [92.22, 11.59], [92.22, 11.59]]], [[[92.54, 11.6], [92.57, 11.57], [92.53, 11.55], [92.54, 11.6], [92.54, 11.6]]], [[[92.7, 11.66], [92.7, 11.66], [92.7, 11.66]]], [[[92.76, 11.67], [92.76, 11.67], [92.76, 11.67]]], [[[92.72, 11.69], [92.72, 11.69], [92.72, 11.69]]], [[[92.55, 11.72], [92.55, 11.72], [92.55, 11.72]]], [[[93.08, 11.78], [93.08, 11.78], [93.08, 11.78]]], [[[93.02, 11.84], [93.06, 11.85], [93.07, 11.82], [93.04, 11.81], [93.02, 11.84], [93.02, 11.84]]], [[[92.6, 11.91], [92.6, 11.91], [92.6, 11.91]]], [[[92.57, 11.95], [92.57, 11.95], [92.57, 11.95]]], [[[92.73, 11.95], [92.73, 11.95], [92.73, 11.95]]], [[[92.74, 11.96], [92.74, 11.96], [92.74, 11.96]]], [[[92.75, 11.97], [92.77, 11.97], [92.75, 11.94], [92.75, 11.97], [92.75, 11.97]]], [[[92.6, 11.98], [92.6, 11.93], [92.6, 11.98], [92.6, 11.98]]], [[[92.58, 11.98], [92.58, 11.98], [92.58, 11.98]]], [[[92.78, 12.02], [92.78, 12.02], [92.78, 12.02]]], [[[92.97, 12.03], [93.01, 12.03], [93.05, 11.88], [93.0, 11.95], [92.93, 11.98], [92.96, 12.05], [92.97, 12.03], [92.97, 12.03]]], [[[92.97, 12.06], [92.97, 12.06], [92.97, 12.06]]], [[[92.99, 12.11], [93.0, 12.04], [92.96, 12.07], [92.96, 12.11], [92.99, 12.11], [92.99, 12.11]]], [[[92.99, 12.11], [92.99, 12.11], [92.99, 12.11]]], [[[92.74, 12.11], [92.74, 12.11], [92.74, 12.11]]], [[[92.95, 12.12], [92.95, 12.08], [92.95, 12.12], [92.95, 12.12]]], [[[92.63, 12.11], [92.63, 12.11], [92.63, 12.11]]], [[[92.63, 12.12], [92.63, 12.12], [92.63, 12.12]]], [[[93.1, 12.14], [93.1, 12.14], [93.1, 12.14]]], [[[93.12, 12.15], [93.11, 12.13], [93.12, 12.15], [93.12, 12.15]]], [[[92.85, 12.15], [92.85, 12.15], [92.85, 12.15]]], [[[93.03, 12.16], [93.05, 12.05], [93.01, 12.07], [93.01, 12.11], [92.96, 12.12], [92.96, 12.15], [92.99, 12.15], [93.01, 12.11], [93.0, 12.14], [93.03, 12.16], [93.03, 12.16]]], [[[92.76, 12.18], [92.76, 12.18], [92.76, 12.18]]], [[[92.72, 12.18], [92.72, 12.18], [92.72, 12.18]]], [[[92.73, 12.19], [92.73, 12.19], [92.73, 12.19]]], [[[93.07, 12.21], [93.1, 12.14], [93.08, 12.08], [93.04, 12.13], [93.07, 12.21], [93.07, 12.21]]], [[[92.68, 12.21], [92.68, 12.21], [92.68, 12.21]]], [[[93.02, 12.23], [93.02, 12.23], [93.02, 12.23]]], [[[92.94, 12.22], [92.93, 12.2], [92.94, 12.22], [92.94, 12.22]]], [[[92.7, 12.24], [92.7, 12.17], [92.76, 12.18], [92.74, 12.06], [92.76, 12.07], [92.78, 12.02], [92.74, 12.04], [92.77, 12.0], [92.72, 11.98], [92.73, 11.85], [92.68, 11.82], [92.72, 11.82], [92.74, 11.93], [92.79, 11.93], [92.76, 11.7], [92.7, 11.71], [92.71, 11.67], [92.67, 11.65], [92.69, 11.62], [92.69, 11.65], [92.73, 11.66], [92.72, 11.69], [92.76, 11.67], [92.71, 11.48], [92.7, 11.51], [92.65, 11.51], [92.64, 11.58], [92.62, 11.56], [92.61, 11.62], [92.65, 11.63], [92.6, 11.64], [92.59, 11.72], [92.56, 11.69], [92.55, 11.84], [92.51, 11.85], [92.56, 11.95], [92.61, 11.86], [92.62, 12.11], [92.66, 12.22], [92.66, 12.18], [92.7, 12.24], [92.7, 12.24]]], [[[92.73, 12.24], [92.77, 12.18], [92.72, 12.19], [92.73, 12.24], [92.73, 12.24]]], [[[92.88, 12.25], [92.88, 12.25], [92.88, 12.25]]], [[[92.87, 12.24], [92.87, 12.24], [92.87, 12.24]]], [[[92.7, 12.24], [92.7, 12.24], [92.7, 12.24]]], [[[92.9, 12.26], [92.91, 12.22], [92.88, 12.21], [92.87, 12.25], [92.9, 12.26], [92.9, 12.26]]], [[[93.08, 12.26], [93.09, 12.24], [93.11, 12.26], [93.1, 12.2], [93.06, 12.23], [93.08, 12.26], [93.08, 12.26]]], [[[92.9, 12.26], [92.9, 12.26], [92.9, 12.26]]], [[[92.74, 12.27], [92.74, 12.27], [92.74, 12.27]]], [[[93.03, 12.28], [93.03, 12.28], [93.03, 12.28]]], [[[92.75, 12.29], [92.73, 12.25], [92.75, 12.29], [92.75, 12.29]]], [[[92.74, 12.29], [92.74, 12.29], [92.74, 12.29]]], [[[92.77, 12.27], [92.75, 12.28], [92.77, 12.27], [92.77, 12.27]]], [[[92.75, 12.29], [92.75, 12.29], [92.75, 12.29]]], [[[92.77, 12.29], [92.77, 12.29], [92.77, 12.29]]], [[[92.88, 12.29], [92.88, 12.29], [92.88, 12.29]]], [[[92.71, 12.3], [92.71, 12.23], [92.71, 12.3], [92.71, 12.3]]], [[[92.77, 12.3], [92.77, 12.3], [92.77, 12.3]]], [[[92.94, 12.28], [92.92, 12.23], [92.9, 12.29], [92.93, 12.28], [92.94, 12.31], [92.94, 12.28], [92.94, 12.28]]], [[[92.78, 12.31], [92.87, 12.31], [92.89, 12.26], [92.86, 12.25], [92.88, 12.19], [92.82, 12.17], [92.81, 12.1], [92.79, 12.11], [92.76, 12.06], [92.74, 12.11], [92.77, 12.24], [92.74, 12.25], [92.78, 12.31], [92.78, 12.31]]], [[[93.07, 12.32], [93.07, 12.32], [93.07, 12.32]]], [[[93.84, 12.32], [93.88, 12.29], [93.87, 12.23], [93.86, 12.27], [93.85, 12.23], [93.83, 12.24], [93.85, 12.27], [93.83, 12.24], [93.81, 12.29], [93.82, 12.31], [93.85, 12.29], [93.84, 12.32], [93.84, 12.32]]], [[[92.91, 12.33], [92.91, 12.33], [92.91, 12.33]]], [[[92.91, 12.34], [92.91, 12.34], [92.91, 12.34]]], [[[92.91, 12.34], [92.92, 12.36], [92.91, 12.34], [92.91, 12.34]]], [[[92.9, 12.39], [92.9, 12.39], [92.9, 12.39]]], [[[92.85, 12.41], [92.89, 12.41], [92.89, 12.38], [92.84, 12.39], [92.85, 12.41], [92.85, 12.41]]], [[[92.9, 12.41], [92.9, 12.41], [92.9, 12.41]]], [[[92.89, 12.41], [92.89, 12.41], [92.89, 12.41]]], [[[92.87, 12.42], [92.87, 12.42], [92.87, 12.42]]], [[[92.9, 12.42], [92.9, 12.42], [92.9, 12.42]]], [[[92.83, 12.43], [92.85, 12.41], [92.83, 12.43], [92.83, 12.43]]], [[[92.96, 12.41], [92.92, 12.36], [92.93, 12.42], [92.96, 12.44], [92.96, 12.41], [92.96, 12.41]]], [[[92.88, 12.45], [92.88, 12.45], [92.88, 12.45]]], [[[92.68, 12.54], [92.67, 12.52], [92.68, 12.54], [92.68, 12.54]]], [[[92.7, 12.64], [92.7, 12.64], [92.7, 12.64]]], [[[92.73, 12.7], [92.73, 12.7], [92.73, 12.7]]], [[[92.72, 12.74], [92.72, 12.74], [92.72, 12.74]]], [[[92.73, 12.75], [92.73, 12.75], [92.73, 12.75]]], [[[92.66, 12.77], [92.66, 12.77], [92.66, 12.77]]], [[[92.72, 12.77], [92.72, 12.77], [92.72, 12.77]]], [[[92.72, 12.76], [92.72, 12.79], [92.72, 12.76], [92.72, 12.76]]], [[[92.72, 12.8], [92.72, 12.8], [92.72, 12.8]]], [[[92.72, 12.8], [92.72, 12.8], [92.72, 12.8]]], [[[92.72, 12.8], [92.72, 12.8], [92.72, 12.8]]], [[[92.71, 12.83], [92.72, 12.72], [92.69, 12.8], [92.71, 12.83], [92.71, 12.83]]], [[[92.73, 12.84], [92.73, 12.84], [92.73, 12.84]]], [[[92.73, 12.86], [92.73, 12.86], [92.73, 12.86]]], [[[92.73, 12.86], [92.71, 12.83], [92.73, 12.86], [92.73, 12.86]]], [[[92.78, 12.86], [92.78, 12.86], [92.78, 12.86]]], [[[92.77, 12.85], [92.76, 12.87], [92.77, 12.85], [92.77, 12.85]]], [[[92.76, 12.88], [92.76, 12.88], [92.76, 12.88]]], [[[92.79, 12.89], [92.79, 12.89], [92.79, 12.89]]], [[[92.89, 12.9], [92.89, 12.9], [92.89, 12.9]]], [[[92.76, 12.91], [92.75, 12.89], [92.76, 12.91], [92.76, 12.91]]], [[[92.86, 12.91], [92.86, 12.91], [92.86, 12.91]]], [[[92.79, 12.91], [92.8, 12.89], [92.77, 12.9], [92.79, 12.91], [92.79, 12.91]]], [[[92.91, 12.92], [92.91, 12.92], [92.91, 12.92]]], [[[92.77, 12.92], [92.77, 12.92], [92.77, 12.92]]], [[[92.94, 12.92], [92.94, 12.92], [92.94, 12.92]]], [[[92.77, 12.92], [92.77, 12.92], [92.77, 12.92]]], [[[92.9, 12.92], [92.95, 12.84], [92.93, 12.77], [92.98, 12.72], [92.97, 12.49], [92.93, 12.48], [92.96, 12.47], [92.91, 12.44], [92.92, 12.41], [92.83, 12.5], [92.9, 12.42], [92.81, 12.43], [92.79, 12.47], [92.9, 12.32], [92.72, 12.3], [92.69, 12.51], [92.71, 12.6], [92.68, 12.61], [92.71, 12.61], [92.74, 12.67], [92.78, 12.67], [92.79, 12.63], [92.79, 12.71], [92.77, 12.67], [92.73, 12.67], [92.75, 12.72], [92.72, 12.83], [92.74, 12.81], [92.76, 12.86], [92.79, 12.81], [92.77, 12.83], [92.79, 12.89], [92.88, 12.88], [92.9, 12.92], [92.9, 12.92]]], [[[92.77, 12.93], [92.77, 12.93], [92.77, 12.93]]], [[[92.88, 12.93], [92.86, 12.92], [92.88, 12.93], [92.88, 12.93]]], [[[92.77, 12.93], [92.77, 12.93], [92.77, 12.93]]], [[[92.89, 12.94], [92.89, 12.94], [92.89, 12.94]]], [[[92.9, 12.94], [92.9, 12.94], [92.9, 12.94]]], [[[92.67, 12.95], [92.67, 12.95], [92.67, 12.95]]], [[[92.67, 12.95], [92.67, 12.95], [92.67, 12.95]]], [[[92.7, 12.99], [92.72, 12.87], [92.68, 12.84], [92.67, 12.78], [92.66, 12.88], [92.63, 12.88], [92.67, 12.88], [92.64, 12.92], [92.68, 12.93], [92.67, 12.97], [92.7, 12.99], [92.7, 12.99]]], [[[93.01, 13.0], [92.98, 12.93], [92.95, 12.94], [92.97, 12.95], [92.95, 12.98], [93.01, 13.0], [93.01, 13.0]]], [[[92.99, 13.0], [92.99, 13.0], [92.99, 13.0]]], [[[92.91, 13.0], [92.91, 13.0], [92.91, 13.0]]], [[[92.95, 13.02], [92.95, 13.02], [92.95, 13.02]]], [[[92.93, 13.02], [92.92, 13.0], [92.93, 13.02], [92.93, 13.02]]], [[[92.92, 13.04], [92.92, 13.04], [92.92, 13.04]]], [[[92.93, 13.05], [92.93, 13.05], [92.93, 13.05]]], [[[92.92, 13.06], [92.92, 13.06], [92.92, 13.06]]], [[[92.73, 13.1], [92.73, 13.1], [92.73, 13.1]]], [[[92.72, 13.1], [92.7, 13.07], [92.72, 13.1], [92.72, 13.1]]], [[[92.79, 13.17], [92.79, 13.17], [92.79, 13.17]]], [[[93.06, 13.22], [93.06, 13.22], [93.06, 13.22]]], [[[93.02, 13.28], [93.02, 13.28], [93.02, 13.28]]], [[[93.07, 13.3], [93.07, 13.3], [93.07, 13.3]]], [[[93.02, 13.33], [93.02, 13.3], [93.02, 13.33], [93.02, 13.33]]], [[[92.97, 13.33], [92.97, 13.33], [92.97, 13.33]]], [[[93.02, 13.34], [93.02, 13.34], [93.02, 13.34]]], [[[93.04, 13.34], [93.04, 13.34], [93.04, 13.34]]], [[[93.08, 13.36], [93.08, 13.36], [93.08, 13.36]]], [[[93.08, 13.37], [93.08, 13.37], [93.08, 13.37]]], [[[93.06, 13.38], [93.06, 13.38], [93.06, 13.38]]], [[[92.87, 13.41], [92.87, 13.41], [92.87, 13.41]]], [[[92.81, 13.42], [92.82, 13.4], [92.81, 13.42], [92.81, 13.42]]], [[[93.09, 13.42], [93.09, 13.42], [93.09, 13.42]]], [[[93.07, 13.43], [93.07, 13.43], [93.07, 13.43]]], [[[93.1, 13.44], [93.1, 13.44], [93.1, 13.44]]], [[[92.84, 13.44], [92.82, 13.42], [92.84, 13.44], [92.84, 13.44]]], [[[94.27, 13.46], [94.25, 13.43], [94.27, 13.46], [94.27, 13.46]]], [[[92.87, 13.51], [92.87, 13.51], [92.87, 13.51]]], [[[92.92, 13.52], [92.92, 13.52], [92.92, 13.52]]], [[[92.91, 13.54], [92.91, 13.54], [92.91, 13.54]]], [[[92.88, 13.54], [92.88, 13.54], [92.88, 13.54]]], [[[93.01, 13.56], [93.01, 13.56], [93.01, 13.56]]], [[[93.06, 13.57], [93.06, 13.57], [93.06, 13.57]]], [[[93.03, 13.57], [93.02, 13.43], [93.04, 13.4], [93.07, 13.41], [93.03, 13.37], [93.06, 13.38], [93.09, 13.33], [93.06, 13.3], [93.04, 13.37], [92.99, 13.33], [92.96, 13.36], [92.95, 13.33], [93.01, 13.32], [93.04, 13.26], [93.07, 13.27], [93.03, 13.19], [93.04, 13.08], [93.01, 13.03], [92.97, 13.04], [92.98, 13.01], [92.93, 13.04], [92.94, 13.08], [92.89, 13.06], [92.92, 13.06], [92.9, 13.02], [92.94, 12.97], [92.91, 12.95], [92.9, 13.0], [92.85, 12.93], [92.88, 12.9], [92.84, 12.88], [92.79, 12.91], [92.79, 12.99], [92.82, 12.98], [92.83, 13.01], [92.79, 13.01], [92.79, 13.06], [92.83, 13.11], [92.81, 13.13], [92.85, 13.14], [92.81, 13.15], [92.85, 13.24], [92.82, 13.27], [92.83, 13.35], [92.87, 13.38], [92.84, 13.41], [92.87, 13.4], [92.87, 13.47], [92.93, 13.5], [92.92, 13.54], [92.99, 13.53], [92.98, 13.56], [93.01, 13.54], [93.03, 13.57], [93.03, 13.57]]], [[[92.9, 13.6], [92.89, 13.57], [92.9, 13.6], [92.9, 13.6]]], [[[93.06, 13.65], [93.05, 13.62], [93.06, 13.65], [93.06, 13.65]]], [[[93.02, 13.67], [93.02, 13.67], [93.02, 13.67]]], [[[93.02, 13.68], [93.03, 13.63], [92.98, 13.64], [92.98, 13.67], [93.02, 13.68], [93.02, 13.68]]], [[[93.22, 14.02], [93.23, 13.97], [93.22, 14.02], [93.22, 14.02]]], [[[93.37, 14.05], [93.37, 14.05], [93.37, 14.05]]], [[[93.38, 14.13], [93.38, 14.13], [93.38, 14.13]]], [[[93.37, 14.16], [93.36, 14.06], [93.37, 14.16], [93.37, 14.16]]], [[[93.36, 14.19], [93.36, 14.19], [93.36, 14.19]]], [[[93.37, 14.19], [93.37, 14.19], [93.37, 14.19]]], [[[93.55, 14.78], [93.55, 14.78], [93.55, 14.78]]], [[[93.57, 14.85], [93.57, 14.85], [93.57, 14.85]]], [[[93.57, 14.86], [93.57, 14.86], [93.57, 14.86]]], [[[93.57, 14.87], [93.57, 14.87], [93.57, 14.87]]], [[[93.64, 14.9], [93.61, 14.84], [93.64, 14.9], [93.64, 14.9]]], [[[93.65, 14.93], [93.65, 14.93], [93.65, 14.93]]]]}}, {"type": "Feature", "properties": {"NAME_1": "Andhra Pradesh"}, "geometry": {"type": "MultiPolygon", "coordinates": [[[[80.27, 13.46], [80.29, 13.45], [80.27, 13.46], [80.27, 13.46]]], [[[80.23, 13.49], [80.23, 13.49], [80.23, 13.49]]], [[[80.23, 13.49], [80.23, 13.49], [80.23, 13.49]]], [[[80.27, 13.52], [80.26, 13.5], [80.27, 13.52], [80.27, 13.52]]], [[[80.19, 13.52], [80.19, 13.52], [80.19, 13.52]]], [[[80.18, 13.54], [80.18, 13.54], [80.18, 13.54]]], [[[80.05, 13.59], [80.05, 13.59], [80.05, 13.59]]], [[[80.15, 13.62], [80.17, 13.58], [80.14, 13.54], [80.13, 13.59], [80.16, 13.59], [80.12, 13.61], [80.15, 13.62], [80.15, 13.62]]], [[[80.1, 13.64], [80.1, 13.64], [80.1, 13.64]]], [[[80.11, 13.65], [80.11, 13.65], [80.11, 13.65]]], [[[80.1, 13.68], [80.1, 13.68], [80.1, 13.68]]], [[[80.06, 15.2], [80.06, 15.2], [80.06, 15.2]]], [[[80.21, 15.5], [80.21, 15.5], [80.21, 15.5]]], [[[81.03, 15.77], [81.03, 15.77], [81.03, 15.77]]], [[[80.78, 15.84], [80.79, 15.82], [80.78, 15.84], [80.78, 15.84]]], [[[80.79, 15.84], [80.79, 15.84], [80.79, 15.84]]], [[[80.79, 15.86], [80.79, 15.86], [80.79, 15.86]]], [[[80.77, 15.86], [80.78, 15.84], [80.77, 15.86], [80.77, 15.86]]], [[[81.54, 16.36], [81.51, 16.35], [81.54, 16.36], [81.54, 16.36]]], [[[81.54, 16.36], [81.54, 16.36], [81.54, 16.36]]], [[[82.32, 16.58], [82.32, 16.58], [82.32, 16.58]]], [[[82.26, 16.68], [82.26, 16.68], [82.26, 16.68]]], [[[82.3, 16.71], [82.3, 16.71], [82.3, 16.71]]], [[[82.31, 16.72], [82.31, 16.72], [82.31, 16.72]]], [[[82.31, 16.73], [82.31, 16.73], [82.31, 16.73]]], [[[82.33, 16.72], [82.33, 16.72], [82.33, 16.72]]], [[[82.33, 16.72], [82.33, 16.69], [82.37, 16.72], [82.32, 16.63], [82.31, 16.65], [82.31, 16.6], [82.26, 16.64], [82.26, 16.69], [82.33, 16.72], [82.33, 16.72]]], [[[83.17, 17.57], [83.17, 17.57], [83.17, 17.57]]], [[[83.31, 17.68], [83.31, 17.68], [83.31, 17.68]]], [[[83.31, 17.68], [83.31, 17.68], [83.31, 17.68]]], [[[83.27, 17.71], [83.27, 17.71], [83.27, 17.71]]], [[[82.3, 16.71], [82.3, 16.74], [82.17, 16.73], [82.26, 16.69], [82.25, 16.65], [82.29, 16.62], [82.26, 16.59], [82.3, 16.6], [82.27, 16.57], [82.3, 16.56], [81.73, 16.31], [81.55, 16.36], [81.36, 16.36], [81.35, 16.33], [81.37, 16.36], [81.39, 16.34], [81.32, 16.32], [81.23, 16.24], [81.14, 16.03], [81.15, 15.97], [81.0, 15.84], [80.99, 15.74], [80.82, 15.71], [80.78, 15.77], [80.79, 15.79], [80.82, 15.74], [80.79, 15.86], [80.64, 15.88], [80.41, 15.8], [80.27, 15.68], [80.21, 15.47], [80.13, 15.39], [80.1, 15.31], [80.08, 15.32], [80.1, 15.3], [80.09, 15.2], [80.05, 15.21], [80.08, 15.18], [80.05, 15.0], [80.09, 14.88], [80.09, 14.81], [80.06, 14.82], [80.1, 14.8], [80.11, 14.73], [80.2, 14.6], [80.12, 14.11], [80.25, 13.82], [80.23, 13.65], [80.32, 13.43], [80.29, 13.45], [80.28, 13.53], [80.26, 13.52], [80.27, 13.56], [80.14, 13.73], [80.14, 13.61], [80.11, 13.63], [80.13, 13.67], [80.1, 13.71], [80.1, 13.65], [80.08, 13.66], [80.05, 13.58], [80.11, 13.51], [80.27, 13.47], [80.27, 13.42], [80.31, 13.43], [80.32, 13.37], [80.23, 13.48], [80.14, 13.48], [80.07, 13.54], [79.99, 13.53], [80.04, 13.48], [79.96, 13.45], [79.93, 13.34], [79.79, 13.28], [79.75, 13.3], [79.72, 13.27], [79.78, 13.22], [79.74, 13.19], [79.73, 13.22], [79.7, 13.2], [79.7, 13.23], [79.67, 13.23], [79.67, 13.28], [79.57, 13.25], [79.52, 13.32], [79.4, 13.32], [79.37, 13.3], [79.43, 13.28], [79.41, 13.21], [79.45, 13.22], [79.42, 13.18], [79.37, 13.18], [79.31, 13.1], [79.25, 13.15], [79.22, 13.14], [79.16, 13.01], [79.07, 13.01], [78.98, 13.08], [78.91, 13.07], [78.89, 13.04], [78.93, 13.02], [78.88, 13.02], [78.88, 13.09], [78.8, 13.08], [78.78, 13.05], [78.7, 13.06], [78.69, 13.0], [78.65, 13.02], [78.61, 12.98], [78.65, 12.92], [78.6, 12.87], [78.55, 12.69], [78.52, 12.68], [78.53, 12.7], [78.48, 12.73], [78.51, 12.7], [78.46, 12.66], [78.46, 12.62], [78.37, 12.61], [78.27, 12.69], [78.21, 12.67], [78.19, 12.7], [78.23, 12.72], [78.24, 12.85], [78.32, 12.86], [78.31, 12.89], [78.35, 12.93], [78.37, 12.9], [78.44, 12.9], [78.45, 12.85], [78.42, 12.97], [78.46, 12.96], [78.45, 13.03], [78.5, 13.05], [78.53, 13.1], [78.51, 13.12], [78.57, 13.16], [78.54, 13.19], [78.57, 13.2], [78.58, 13.27], [78.55, 13.3], [78.55, 13.27], [78.51, 13.26], [78.47, 13.31], [78.37, 13.32], [78.4, 13.32], [78.36, 13.35], [78.39, 13.58], [78.23, 13.59], [78.18, 13.56], [78.2, 13.6], [78.16, 13.65], [78.08, 13.64], [78.06, 13.69], [78.11, 13.68], [78.08, 13.73], [78.12, 13.78], [78.11, 13.85], [78.04, 13.89], [78.04, 13.85], [77.98, 13.86], [77.97, 13.82], [77.94, 13.82], [77.98, 13.95], [77.92, 13.9], [77.89, 13.93], [77.81, 13.93], [77.83, 13.86], [77.71, 13.79], [77.71, 13.73], [77.65, 13.78], [77.61, 13.76], [77.63, 13.73], [77.55, 13.72], [77.53, 13.75], [77.52, 13.69], [77.49, 13.71], [77.45, 13.68], [77.46, 13.8], [77.42, 13.79], [77.42, 13.84], [77.36, 13.85], [77.33, 13.82], [77.31, 13.86], [77.25, 13.84], [77.23, 13.9], [77.18, 13.86], [77.17, 13.92], [77.16, 13.86], [77.12, 13.85], [77.16, 13.83], [77.17, 13.75], [77.05, 13.74], [77.02, 13.77], [77.01, 13.73], [76.99, 13.74], [76.97, 13.82], [77.04, 13.93], [76.93, 14.02], [76.98, 14.07], [76.93, 14.13], [76.88, 14.13], [76.89, 14.16], [76.94, 14.19], [77.02, 14.17], [77.02, 14.05], [77.12, 14.04], [77.14, 13.99], [77.32, 14.02], [77.36, 13.95], [77.34, 13.91], [77.4, 13.88], [77.43, 13.9], [77.41, 13.91], [77.43, 13.97], [77.38, 13.97], [77.38, 14.01], [77.33, 14.02], [77.4, 14.11], [77.34, 14.1], [77.39, 14.17], [77.51, 14.16], [77.5, 14.27], [77.45, 14.27], [77.44, 14.31], [77.39, 14.33], [77.37, 14.31], [77.42, 14.21], [77.38, 14.19], [77.36, 14.27], [77.29, 14.27], [77.28, 14.33], [77.2, 14.31], [77.14, 14.34], [77.11, 14.21], [76.93, 14.25], [76.95, 14.3], [76.9, 14.32], [76.88, 14.39], [76.94, 14.4], [76.97, 14.48], [76.86, 14.47], [76.76, 14.6], [76.8, 14.73], [76.78, 14.78], [76.85, 14.8], [76.84, 14.89], [76.87, 14.94], [76.76, 14.97], [76.77, 15.07], [76.8, 15.09], [76.88, 15.03], [77.05, 15.03], [77.04, 15.01], [77.08, 15.0], [77.15, 15.11], [77.13, 15.14], [77.16, 15.15], [77.16, 15.19], [77.12, 15.23], [77.17, 15.25], [77.11, 15.33], [77.06, 15.32], [77.03, 15.44], [76.97, 15.49], [77.03, 15.5], [77.03, 15.63], [77.08, 15.65], [77.12, 15.63], [77.08, 15.72], [77.04, 15.73], [77.07, 15.8], [77.02, 15.83], [77.05, 15.88], [77.09, 15.92], [77.24, 15.96], [77.51, 15.92], [77.49, 16.25], [77.56, 16.3], [77.59, 16.29], [77.59, 16.34], [77.49, 16.38], [77.41, 16.36], [77.28, 16.4], [77.24, 16.47], [77.37, 16.48], [77.37, 16.51], [77.42, 16.52], [77.39, 16.57], [77.46, 16.58], [77.47, 16.65], [77.42, 16.66], [77.46, 16.67], [77.47, 16.71], [77.42, 16.72], [77.44, 16.78], [77.47, 16.78], [77.45, 16.91], [77.5, 17.02], [77.48, 17.08], [77.36, 17.16], [77.4, 17.21], [77.38, 17.22], [77.45, 17.27], [77.45, 17.37], [77.48, 17.35], [77.53, 17.37], [77.52, 17.44], [77.61, 17.44], [77.65, 17.5], [77.68, 17.47], [77.69, 17.49], [77.59, 17.53], [77.59, 17.56], [77.53, 17.57], [77.5, 17.54], [77.44, 17.58], [77.45, 17.69], [77.57, 17.76], [77.5, 17.78], [77.51, 17.8], [77.58, 17.88], [77.6, 17.87], [77.58, 17.9], [77.62, 17.9], [77.62, 17.96], [77.65, 17.95], [77.64, 18.0], [77.55, 18.03], [77.55, 18.06], [77.6, 18.08], [77.6, 18.15], [77.56, 18.19], [77.6, 18.28], [77.56, 18.28], [77.57, 18.32], [77.52, 18.35], [77.56, 18.42], [77.53, 18.44], [77.59, 18.45], [77.55, 18.47], [77.6, 18.47], [77.6, 18.55], [77.74, 18.55], [77.73, 18.68], [77.76, 18.71], [77.79, 18.68], [77.84, 18.81], [77.95, 18.83], [77.88, 18.91], [77.84, 18.91], [77.85, 18.95], [77.77, 18.98], [77.76, 19.02], [77.76, 19.06], [77.8, 19.05], [77.8, 19.1], [77.85, 19.09], [77.84, 19.19], [77.87, 19.26], [77.91, 19.27], [77.86, 19.3], [77.95, 19.34], [78.02, 19.3], [78.05, 19.24], [78.18, 19.24], [78.18, 19.41], [78.31, 19.46], [78.28, 19.55], [78.31, 19.61], [78.27, 19.67], [78.35, 19.71], [78.37, 19.78], [78.34, 19.84], [78.29, 19.85], [78.32, 19.92], [78.34, 19.91], [78.32, 19.89], [78.38, 19.88], [78.49, 19.79], [78.52, 19.82], [78.6, 19.82], [78.71, 19.77], [78.85, 19.76], [78.86, 19.66], [78.97, 19.65], [78.98, 19.58], [78.95, 19.55], [79.05, 19.55], [79.18, 19.46], [79.22, 19.46], [79.24, 19.61], [79.37, 19.57], [79.47, 19.5], [79.53, 19.55], [79.6, 19.5], [79.64, 19.58], [79.73, 19.6], [79.81, 19.58], [79.82, 19.54], [79.92, 19.49], [79.97, 19.41], [79.92, 19.23], [79.94, 19.16], [79.86, 19.12], [79.86, 19.03], [79.92, 19.05], [79.94, 18.96], [79.94, 18.86], [79.89, 18.83], [79.93, 18.78], [80.01, 18.77], [80.1, 18.68], [80.19, 18.68], [80.27, 18.72], [80.34, 18.59], [80.49, 18.63], [80.6, 18.55], [80.69, 18.42], [80.73, 18.41], [80.74, 18.3], [80.79, 18.26], [80.73, 18.22], [80.73, 18.17], [80.79, 18.16], [80.82, 18.23], [80.87, 18.21], [80.86, 18.13], [80.97, 18.17], [80.94, 18.08], [81.0, 17.84], [81.05, 17.78], [81.16, 17.85], [81.38, 17.8], [81.62, 17.82], [81.66, 17.88], [81.73, 17.87], [81.8, 17.94], [81.94, 17.98], [82.02, 18.06], [82.05, 18.04], [82.07, 18.07], [82.26, 17.98], [82.26, 18.04], [82.33, 18.04], [82.33, 18.14], [82.37, 18.14], [82.31, 18.17], [82.34, 18.27], [82.39, 18.29], [82.38, 18.32], [82.33, 18.32], [82.38, 18.35], [82.36, 18.41], [82.47, 18.54], [82.52, 18.51], [82.53, 18.43], [82.55, 18.44], [82.53, 18.39], [82.6, 18.37], [82.58, 18.27], [82.63, 18.23], [82.66, 18.29], [82.77, 18.33], [82.8, 18.44], [82.89, 18.41], [82.88, 18.38], [82.93, 18.35], [83.06, 18.38], [83.06, 18.43], [83.03, 18.42], [83.02, 18.45], [83.09, 18.54], [83.03, 18.55], [83.05, 18.6], [83.02, 18.58], [83.01, 18.64], [83.05, 18.65], [83.13, 18.77], [83.21, 18.72], [83.22, 18.77], [83.27, 18.76], [83.3, 18.8], [83.36, 18.8], [83.35, 18.83], [83.4, 18.83], [83.41, 18.87], [83.35, 18.92], [83.38, 18.92], [83.35, 18.96], [83.32, 18.92], [83.33, 18.96], [83.3, 18.99], [83.41, 19.0], [83.45, 18.94], [83.45, 19.0], [83.48, 19.0], [83.46, 19.07], [83.51, 19.06], [83.49, 19.02], [83.52, 19.0], [83.54, 19.07], [83.58, 19.05], [83.62, 19.15], [83.72, 19.01], [83.7, 18.99], [83.73, 18.98], [83.74, 18.92], [83.78, 18.9], [83.74, 18.98], [83.79, 19.01], [83.87, 18.82], [84.03, 18.8], [84.08, 18.74], [84.15, 18.78], [84.33, 18.79], [84.35, 18.83], [84.33, 18.86], [84.36, 18.85], [84.35, 18.88], [84.39, 18.87], [84.37, 18.9], [84.43, 18.91], [84.44, 18.97], [84.41, 19.01], [84.47, 18.98], [84.57, 19.07], [84.59, 19.01], [84.62, 19.06], [84.66, 19.06], [84.59, 19.12], [84.71, 19.15], [84.69, 19.12], [84.76, 19.06], [84.58, 18.88], [84.55, 18.79], [84.36, 18.56], [84.15, 18.38], [84.12, 18.3], [83.67, 18.09], [83.57, 18.02], [83.51, 17.93], [83.46, 17.92], [83.41, 17.85], [83.42, 17.82], [83.31, 17.69], [83.26, 17.71], [83.3, 17.67], [83.24, 17.64], [83.22, 17.59], [82.61, 17.3], [82.32, 17.07], [82.25, 16.94], [82.25, 16.9], [82.31, 16.84], [82.36, 16.85], [82.36, 16.96], [82.32, 16.99], [82.36, 16.97], [82.36, 16.81], [82.3, 16.71], [82.3, 16.71]]]]}}, {"type": "Feature", "properties": {"NAME_1": "Arunachal Pradesh"}, "geometry": {"type": "Polygon", "coordinates": [[[96.16, 29.38], [96.23, 29.24], [96.29, 29.24], [96.36, 29.29], [96.39, 29.26], [96.35, 29.17], [96.23, 29.15], [96.19, 29.09], [96.11, 29.08], [96.18, 29.0], [96.15, 28.95], [96.17, 28.9], [96.34, 29.03], [96.53, 29.08], [96.48, 28.97], [96.52, 28.97], [96.55, 28.86], [96.62, 28.78], [96.59, 28.72], [96.47, 28.69], [96.5, 28.64], [96.4, 28.59], [96.41, 28.56], [96.35, 28.56], [96.32, 28.53], [96.37, 28.48], [96.26, 28.41], [96.37, 28.39], [96.4, 28.34], [96.45, 28.42], [96.66, 28.47], [96.76, 28.42], [96.77, 28.37], [96.9, 28.39], [96.97, 28.32], [97.08, 28.37], [97.13, 28.36], [97.17, 28.3], [97.28, 28.28], [97.4, 28.2], [97.36, 28.2], [97.31, 28.09], [97.42, 28.02], [97.38, 27.99], [97.39, 27.9], [97.32, 27.89], [97.31, 27.93], [97.24, 27.9], [97.1, 27.79], [97.1, 27.75], [97.01, 27.74], [96.98, 27.67], [96.94, 27.67], [96.9, 27.62], [96.94, 27.53], [96.91, 27.46], [96.97, 27.42], [97.0, 27.33], [97.06, 27.29], [97.1, 27.21], [97.17, 27.16], [97.15, 27.1], [96.88, 27.19], [96.86, 27.22], [96.89, 27.23], [96.89, 27.27], [96.86, 27.27], [96.81, 27.35], [96.72, 27.38], [96.61, 27.37], [96.52, 27.29], [96.3, 27.3], [96.04, 27.2], [95.94, 27.05], [95.81, 27.02], [95.77, 26.98], [95.74, 26.89], [95.67, 26.91], [95.61, 26.82], [95.53, 26.83], [95.43, 26.7], [95.27, 26.66], [95.22, 26.74], [95.24, 26.79], [95.18, 26.86], [95.23, 26.89], [95.2, 27.04], [95.25, 27.03], [95.31, 27.09], [95.45, 27.13], [95.46, 27.21], [95.51, 27.27], [95.59, 27.23], [95.79, 27.29], [95.9, 27.26], [95.9, 27.29], [96.02, 27.37], [95.98, 27.44], [95.97, 27.42], [95.93, 27.45], [95.9, 27.41], [95.89, 27.44], [95.85, 27.43], [95.89, 27.5], [95.88, 27.55], [95.79, 27.62], [95.8, 27.69], [95.76, 27.72], [95.98, 27.97], [95.61, 27.96], [95.52, 27.88], [95.38, 27.84], [95.31, 27.87], [94.86, 27.74], [94.84, 27.7], [94.69, 27.67], [94.47, 27.56], [94.43, 27.6], [94.28, 27.59], [94.25, 27.64], [94.21, 27.6], [94.26, 27.56], [94.26, 27.52], [94.16, 27.48], [93.8, 27.14], [93.84, 27.07], [93.79, 27.05], [93.78, 27.07], [93.68, 26.97], [93.49, 26.94], [93.27, 26.96], [93.02, 26.92], [92.92, 26.96], [92.9, 27.0], [92.66, 27.04], [92.65, 26.99], [92.59, 26.96], [92.44, 26.96], [92.28, 26.9], [92.11, 26.89], [92.12, 26.96], [92.08, 27.04], [92.03, 27.06], [92.02, 27.16], [92.07, 27.21], [92.04, 27.27], [92.12, 27.29], [92.06, 27.33], [92.02, 27.48], [91.65, 27.48], [91.56, 27.58], [91.64, 27.77], [91.54, 27.86], [91.67, 27.86], [91.75, 27.8], [91.83, 27.81], [91.88, 27.72], [91.93, 27.72], [91.98, 27.77], [92.06, 27.76], [92.2, 27.86], [92.26, 27.86], [92.31, 27.78], [92.37, 27.79], [92.38, 27.82], [92.45, 27.8], [92.49, 27.84], [92.56, 27.82], [92.74, 27.99], [92.66, 28.06], [92.7, 28.14], [92.8, 28.2], [92.82, 28.17], [92.9, 28.2], [92.91, 28.24], [92.96, 28.26], [93.0, 28.23], [93.03, 28.26], [93.02, 28.3], [93.22, 28.33], [93.23, 28.41], [93.18, 28.44], [93.28, 28.5], [93.3, 28.6], [93.34, 28.64], [93.45, 28.68], [93.47, 28.65], [93.48, 28.68], [93.79, 28.67], [93.84, 28.71], [93.93, 28.67], [94.0, 28.77], [93.99, 28.84], [94.16, 28.95], [94.23, 29.1], [94.29, 29.15], [94.36, 29.15], [94.43, 29.23], [94.55, 29.22], [94.62, 29.35], [94.8, 29.22], [94.8, 29.16], [94.89, 29.18], [95.03, 29.13], [95.01, 29.17], [95.11, 29.12], [95.25, 29.11], [95.26, 29.06], [95.41, 29.03], [95.49, 29.08], [95.49, 29.14], [95.55, 29.13], [95.55, 29.22], [95.73, 29.3], [95.78, 29.36], [95.8, 29.34], [95.88, 29.39], [95.96, 29.38], [96.06, 29.46], [96.16, 29.38], [96.16, 29.38]]]}}, {"type": "Feature", "properties": {"NAME_1": "Assam"}, "geometry": {"type": "MultiPolygon", "coordinates": [[[[89.87, 25.54], [89.86, 25.47], [89.87, 25.54], [89.87, 25.54]]], [[[89.87, 25.54], [89.87, 25.54], [89.87, 25.54]]], [[[95.95, 27.94], [95.76, 27.72], [95.8, 27.69], [95.79, 27.62], [95.88, 27.55], [95.89, 27.5], [95.85, 27.43], [95.89, 27.44], [95.9, 27.41], [95.93, 27.45], [95.97, 27.42], [95.98, 27.44], [96.02, 27.37], [95.9, 27.29], [95.9, 27.26], [95.79, 27.29], [95.59, 27.23], [95.51, 27.27], [95.46, 27.21], [95.45, 27.13], [95.31, 27.09], [95.25, 27.03], [95.2, 27.04], [95.02, 26.92], [94.89, 26.94], [94.76, 26.77], [94.66, 26.72], [94.6, 26.74], [94.59, 26.7], [94.54, 26.71], [94.46, 26.67], [94.46, 26.64], [94.41, 26.62], [94.4, 26.53], [94.32, 26.46], [94.29, 26.48], [94.28, 26.56], [94.17, 26.42], [94.18, 26.34], [94.12, 26.34], [94.0, 26.17], [93.99, 26.07], [93.95, 26.01], [93.98, 25.92], [93.89, 25.85], [93.83, 25.86], [93.8, 25.81], [93.78, 25.84], [93.8, 25.92], [93.77, 25.97], [93.69, 25.91], [93.71, 25.85], [93.57, 25.76], [93.49, 25.65], [93.33, 25.55], [93.4, 25.46], [93.46, 25.44], [93.47, 25.3], [93.39, 25.25], [93.34, 25.1], [93.26, 25.04], [93.26, 24.95], [93.19, 24.84], [93.2, 24.81], [93.16, 24.79], [93.11, 24.81], [93.11, 24.74], [93.08, 24.71], [93.08, 24.59], [93.11, 24.58], [93.06, 24.57], [93.04, 24.41], [92.83, 24.38], [92.76, 24.52], [92.69, 24.35], [92.62, 24.33], [92.62, 24.26], [92.55, 24.25], [92.53, 24.17], [92.47, 24.13], [92.42, 24.19], [92.42, 24.25], [92.21, 24.25], [92.27, 24.37], [92.23, 24.46], [92.23, 24.56], [92.3, 24.74], [92.24, 24.91], [92.3, 24.92], [92.39, 24.85], [92.49, 24.87], [92.49, 24.95], [92.42, 24.98], [92.48, 25.11], [92.54, 25.1], [92.52, 25.14], [92.62, 25.12], [92.66, 25.18], [92.8, 25.22], [92.76, 25.25], [92.79, 25.32], [92.74, 25.38], [92.65, 25.44], [92.61, 25.42], [92.6, 25.47], [92.57, 25.46], [92.66, 25.59], [92.57, 25.56], [92.56, 25.61], [92.5, 25.62], [92.39, 25.75], [92.23, 25.72], [92.16, 25.67], [92.15, 25.81], [92.23, 25.9], [92.16, 25.91], [92.16, 25.95], [92.3, 26.08], [92.17, 26.08], [92.12, 26.04], [91.99, 26.04], [91.92, 26.0], [91.87, 26.05], [91.88, 26.1], [91.82, 26.12], [91.73, 26.06], [91.72, 25.95], [91.68, 25.91], [91.61, 25.94], [91.64, 25.96], [91.63, 26.02], [91.57, 26.03], [91.5, 25.92], [91.54, 25.93], [91.47, 25.87], [91.52, 25.89], [91.53, 25.87], [91.33, 25.84], [91.29, 25.76], [91.22, 25.72], [91.18, 25.77], [91.2, 25.86], [91.0, 25.82], [91.03, 25.89], [90.97, 25.89], [90.94, 25.95], [90.92, 25.91], [90.88, 25.95], [90.74, 25.91], [90.74, 25.96], [90.61, 25.9], [90.63, 25.94], [90.58, 25.96], [90.51, 25.9], [90.53, 25.96], [90.48, 26.02], [90.43, 25.99], [90.36, 26.01], [90.32, 25.97], [90.18, 25.94], [90.11, 25.96], [90.0, 25.88], [90.0, 25.84], [89.94, 25.82], [89.96, 25.77], [89.89, 25.74], [90.02, 25.6], [89.87, 25.54], [89.89, 25.63], [89.83, 25.72], [89.84, 25.79], [89.81, 25.82], [89.89, 25.93], [89.83, 25.95], [89.88, 25.98], [89.85, 26.01], [89.82, 25.98], [89.82, 26.04], [89.78, 26.03], [89.79, 26.11], [89.77, 26.1], [89.77, 26.14], [89.69, 26.19], [89.73, 26.21], [89.7, 26.21], [89.73, 26.24], [89.7, 26.27], [89.74, 26.27], [89.72, 26.31], [89.76, 26.29], [89.75, 26.32], [89.79, 26.36], [89.86, 26.38], [89.83, 26.39], [89.87, 26.45], [89.86, 26.74], [89.97, 26.72], [90.15, 26.75], [90.19, 26.77], [90.21, 26.85], [90.31, 26.85], [90.36, 26.9], [90.42, 26.9], [90.65, 26.77], [91.06, 26.78], [91.09, 26.82], [91.34, 26.78], [91.4, 26.84], [91.48, 26.79], [91.61, 26.82], [91.68, 26.8], [91.82, 26.86], [91.87, 26.92], [92.0, 26.85], [92.06, 26.85], [92.1, 26.89], [92.28, 26.9], [92.44, 26.96], [92.59, 26.96], [92.65, 26.99], [92.66, 27.04], [92.87, 27.01], [93.02, 26.92], [93.27, 26.96], [93.64, 26.96], [93.78, 27.07], [93.79, 27.05], [93.84, 27.07], [93.8, 27.14], [94.16, 27.48], [94.26, 27.52], [94.26, 27.56], [94.21, 27.6], [94.25, 27.64], [94.28, 27.59], [94.43, 27.6], [94.47, 27.56], [94.69, 27.67], [94.84, 27.7], [94.86, 27.74], [95.31, 27.87], [95.38, 27.84], [95.52, 27.88], [95.61, 27.96], [95.83, 27.98], [95.98, 27.97], [95.95, 27.94], [95.95, 27.94]]]]}}, {"type": "Feature", "properties": {"NAME_1": "Bihar"}, "geometry": {"type": "MultiPolygon", "coordinates": [[[[88.11, 26.54], [88.11, 26.54], [88.11, 26.54]]], [[[84.12, 27.51], [84.15, 27.52], [84.15, 27.48], [84.21, 27.47], [84.21, 27.44], [84.26, 27.45], [84.3, 27.38], [84.62, 27.34], [84.69, 27.23], [84.65, 27.04], [84.75, 27.0], [84.83, 27.02], [84.89, 26.97], [84.97, 26.96], [84.98, 26.91], [85.06, 26.89], [85.02, 26.86], [85.05, 26.85], [85.2, 26.87], [85.18, 26.8], [85.21, 26.76], [85.34, 26.74], [85.64, 26.87], [85.74, 26.8], [85.73, 26.65], [85.85, 26.61], [85.85, 26.57], [86.03, 26.67], [86.2, 26.59], [86.35, 26.62], [86.74, 26.42], [86.76, 26.46], [86.82, 26.44], [86.9, 26.46], [86.89, 26.49], [87.02, 26.53], [87.07, 26.59], [87.09, 26.45], [87.16, 26.4], [87.27, 26.41], [87.27, 26.37], [87.34, 26.35], [87.37, 26.41], [87.46, 26.44], [87.61, 26.38], [87.68, 26.44], [87.77, 26.41], [87.79, 26.47], [87.85, 26.44], [87.89, 26.49], [87.93, 26.42], [88.03, 26.36], [88.1, 26.44], [88.11, 26.54], [88.15, 26.51], [88.22, 26.56], [88.23, 26.53], [88.18, 26.49], [88.23, 26.48], [88.27, 26.42], [88.23, 26.38], [88.27, 26.38], [88.28, 26.33], [88.04, 26.18], [88.02, 26.14], [87.96, 26.15], [87.97, 26.08], [87.91, 26.09], [87.86, 26.06], [87.83, 25.93], [87.8, 25.92], [87.82, 25.87], [87.91, 25.85], [87.88, 25.83], [87.91, 25.81], [87.9, 25.77], [88.05, 25.69], [88.02, 25.58], [88.07, 25.48], [87.92, 25.54], [87.81, 25.43], [87.77, 25.43], [87.78, 25.33], [87.86, 25.29], [87.82, 25.24], [87.84, 25.2], [87.78, 25.25], [87.72, 25.25], [87.68, 25.31], [87.6, 25.31], [87.58, 25.35], [87.54, 25.28], [87.48, 25.3], [87.5, 25.26], [87.47, 25.19], [87.4, 25.23], [87.32, 25.22], [87.3, 25.1], [87.25, 25.11], [87.14, 25.02], [87.16, 24.88], [87.08, 24.82], [87.1, 24.8], [87.05, 24.61], [86.93, 24.64], [86.9, 24.6], [86.91, 24.54], [86.88, 24.57], [86.8, 24.56], [86.79, 24.62], [86.67, 24.56], [86.6, 24.61], [86.52, 24.54], [86.46, 24.37], [86.28, 24.46], [86.31, 24.59], [86.28, 24.57], [86.22, 24.61], [86.17, 24.58], [86.13, 24.6], [86.12, 24.72], [86.09, 24.75], [86.04, 24.74], [86.05, 24.78], [85.94, 24.73], [85.88, 24.8], [85.81, 24.79], [85.76, 24.82], [85.7, 24.77], [85.7, 24.71], [85.65, 24.69], [85.67, 24.59], [85.57, 24.6], [85.52, 24.52], [85.5, 24.55], [85.28, 24.53], [85.28, 24.5], [85.16, 24.47], [85.17, 24.43], [85.09, 24.38], [85.07, 24.44], [84.9, 24.37], [84.88, 24.46], [84.83, 24.45], [84.83, 24.51], [84.8, 24.53], [84.68, 24.46], [84.66, 24.39], [84.57, 24.41], [84.57, 24.38], [84.52, 24.38], [84.5, 24.29], [84.29, 24.45], [84.33, 24.5], [84.29, 24.57], [84.26, 24.53], [84.19, 24.56], [84.17, 24.55], [84.19, 24.52], [84.16, 24.51], [84.15, 24.54], [84.11, 24.48], [84.05, 24.61], [84.0, 24.64], [83.93, 24.55], [83.87, 24.53], [83.72, 24.5], [83.5, 24.53], [83.54, 24.63], [83.5, 24.65], [83.48, 24.74], [83.45, 24.73], [83.39, 24.78], [83.4, 24.82], [83.35, 24.87], [83.36, 24.96], [83.32, 25.02], [83.36, 25.12], [83.34, 25.19], [83.53, 25.32], [83.64, 25.34], [83.69, 25.4], [83.76, 25.39], [83.83, 25.43], [83.81, 25.47], [83.85, 25.47], [83.92, 25.56], [84.08, 25.64], [84.09, 25.72], [84.16, 25.73], [84.2, 25.67], [84.29, 25.66], [84.28, 25.68], [84.32, 25.67], [84.34, 25.75], [84.49, 25.68], [84.52, 25.68], [84.54, 25.73], [84.55, 25.68], [84.56, 25.74], [84.63, 25.73], [84.6, 25.76], [84.62, 25.8], [84.53, 25.83], [84.53, 25.88], [84.42, 25.89], [84.41, 25.93], [84.35, 25.96], [84.17, 25.99], [84.17, 26.03], [84.09, 26.1], [84.05, 26.1], [84.0, 26.18], [84.01, 26.24], [84.08, 26.22], [84.11, 26.26], [84.16, 26.24], [84.17, 26.37], [84.07, 26.38], [84.01, 26.45], [83.9, 26.45], [83.9, 26.52], [84.05, 26.54], [84.08, 26.64], [84.26, 26.6], [84.41, 26.63], [84.4, 26.67], [84.32, 26.69], [84.3, 26.75], [84.23, 26.74], [84.25, 26.86], [84.18, 26.86], [84.17, 26.83], [84.13, 26.86], [84.14, 26.89], [84.05, 26.89], [84.05, 26.93], [84.02, 26.94], [84.05, 26.96], [84.04, 27.05], [83.99, 27.06], [84.02, 27.1], [83.94, 27.09], [83.99, 27.18], [83.95, 27.24], [83.9, 27.25], [83.92, 27.33], [83.83, 27.32], [83.91, 27.38], [83.87, 27.43], [83.93, 27.45], [84.03, 27.43], [84.1, 27.52], [84.12, 27.51], [84.12, 27.51]]], [[[87.31, 27.84], [87.31, 27.84], [87.31, 27.84]]], [[[87.26, 27.85], [87.26, 27.85], [87.26, 27.85]]], [[[87.26, 27.85], [87.26, 27.85], [87.26, 27.85]]]]}}, {"type": "Feature", "properties": {"NAME_1": "Chandigarh"}, "geometry": {"type": "Polygon", "coordinates": [[[76.82, 30.69], [76.79, 30.67], [76.72, 30.7], [76.69, 30.76], [76.75, 30.8], [76.78, 30.77], [76.8, 30.79], [76.79, 30.77], [76.83, 30.76], [76.82, 30.69], [76.82, 30.69]]]}}, {"type": "Feature", "properties": {"NAME_1": "Chhattisgarh"}, "geometry": {"type": "Polygon", "coordinates": [[[83.33, 24.1], [83.51, 24.03], [83.54, 23.9], [83.58, 23.88], [83.56, 23.86], [83.7, 23.82], [83.73, 23.76], [83.71, 23.68], [83.77, 23.6], [83.94, 23.56], [83.93, 23.61], [84.01, 23.63], [84.03, 23.57], [83.97, 23.46], [83.97, 23.36], [84.01, 23.35], [84.04, 23.38], [84.07, 23.33], [84.03, 23.14], [84.13, 23.09], [84.15, 22.96], [84.18, 23.02], [84.21, 22.98], [84.27, 22.99], [84.28, 22.96], [84.37, 22.98], [84.38, 22.87], [84.33, 22.86], [84.29, 22.76], [84.22, 22.73], [84.21, 22.66], [84.15, 22.63], [84.08, 22.64], [84.01, 22.58], [84.01, 22.52], [83.97, 22.51], [84.04, 22.47], [84.04, 22.43], [84.0, 22.37], [83.85, 22.34], [83.75, 22.24], [83.69, 22.25], [83.62, 22.2], [83.56, 22.1], [83.6, 22.07], [83.53, 22.04], [83.55, 21.93], [83.6, 21.91], [83.57, 21.88], [83.59, 21.85], [83.53, 21.83], [83.54, 21.79], [83.47, 21.79], [83.48, 21.73], [83.42, 21.68], [83.49, 21.63], [83.45, 21.61], [83.44, 21.65], [83.41, 21.64], [83.33, 21.5], [83.4, 21.35], [83.27, 21.38], [83.27, 21.27], [83.22, 21.27], [83.18, 21.13], [83.1, 21.1], [82.96, 21.18], [82.79, 21.14], [82.64, 21.15], [82.65, 21.1], [82.61, 21.07], [82.61, 21.01], [82.55, 20.93], [82.48, 20.9], [82.46, 20.82], [82.34, 20.87], [82.34, 20.7], [82.37, 20.62], [82.32, 20.55], [82.38, 20.51], [82.39, 20.45], [82.42, 20.47], [82.43, 20.44], [82.39, 20.34], [82.43, 20.29], [82.4, 20.24], [82.41, 20.18], [82.38, 20.16], [82.39, 20.06], [82.58, 19.99], [82.71, 19.99], [82.71, 19.84], [82.58, 19.77], [82.59, 19.87], [82.41, 19.9], [82.34, 19.83], [82.23, 20.0], [82.18, 19.98], [82.07, 20.05], [82.02, 20.01], [81.94, 20.1], [81.87, 20.05], [81.85, 19.91], [81.96, 19.85], [81.99, 19.79], [82.06, 19.78], [82.03, 19.59], [82.05, 19.54], [82.02, 19.5], [82.07, 19.52], [82.12, 19.42], [82.18, 19.42], [82.17, 19.37], [82.14, 19.37], [82.18, 19.33], [82.15, 19.27], [82.18, 19.17], [82.16, 19.11], [82.2, 19.12], [82.19, 19.06], [82.23, 19.01], [82.24, 18.91], [82.17, 18.9], [82.16, 18.79], [82.08, 18.76], [82.08, 18.71], [81.96, 18.69], [81.95, 18.63], [81.89, 18.65], [81.95, 18.56], [81.9, 18.56], [81.9, 18.53], [81.85, 18.51], [81.76, 18.41], [81.74, 18.34], [81.65, 18.34], [81.66, 18.31], [81.52, 18.25], [81.48, 17.97], [81.43, 17.87], [81.39, 17.89], [81.38, 17.8], [81.16, 17.85], [81.05, 17.78], [81.0, 17.84], [80.94, 18.08], [80.97, 18.17], [80.86, 18.13], [80.86, 18.23], [80.82, 18.23], [80.79, 18.16], [80.73, 18.17], [80.73, 18.22], [80.79, 18.25], [80.74, 18.3], [80.73, 18.41], [80.49, 18.63], [80.34, 18.59], [80.24, 18.75], [80.35, 18.81], [80.34, 18.86], [80.26, 18.94], [80.29, 19.05], [80.32, 19.06], [80.32, 19.14], [80.39, 19.19], [80.38, 19.24], [80.43, 19.25], [80.47, 19.33], [80.56, 19.4], [80.6, 19.31], [80.67, 19.33], [80.69, 19.28], [80.73, 19.28], [80.85, 19.36], [80.79, 19.43], [80.89, 19.46], [80.89, 19.51], [80.82, 19.57], [80.66, 19.61], [80.67, 19.69], [80.55, 19.76], [80.54, 19.82], [80.48, 19.83], [80.46, 19.81], [80.48, 19.77], [80.39, 19.79], [80.5, 19.87], [80.48, 19.9], [80.41, 19.9], [80.41, 19.94], [80.52, 19.93], [80.55, 20.07], [80.5, 20.14], [80.39, 20.14], [80.41, 20.21], [80.38, 20.24], [80.62, 20.33], [80.59, 20.38], [80.62, 20.61], [80.52, 20.58], [80.48, 20.61], [80.48, 20.64], [80.58, 20.69], [80.54, 20.79], [80.54, 20.93], [80.46, 20.93], [80.42, 21.01], [80.45, 21.03], [80.43, 21.1], [80.45, 21.17], [80.6, 21.22], [80.67, 21.29], [80.66, 21.34], [80.73, 21.46], [80.73, 21.75], [80.8, 21.74], [80.83, 21.79], [80.82, 21.96], [80.85, 21.96], [80.91, 22.12], [80.95, 22.12], [80.97, 22.05], [81.0, 22.06], [80.97, 22.12], [81.02, 22.13], [81.02, 22.23], [81.07, 22.24], [81.12, 22.3], [81.1, 22.43], [81.17, 22.49], [81.21, 22.45], [81.27, 22.5], [81.3, 22.48], [81.31, 22.52], [81.38, 22.51], [81.4, 22.44], [81.52, 22.54], [81.62, 22.54], [81.68, 22.65], [81.72, 22.68], [81.74, 22.65], [81.77, 22.67], [81.77, 22.87], [81.86, 22.89], [81.86, 22.92], [81.94, 22.96], [81.92, 23.06], [82.03, 23.08], [82.06, 23.12], [82.12, 23.1], [82.15, 23.14], [82.14, 23.23], [82.19, 23.28], [82.19, 23.33], [82.11, 23.35], [82.1, 23.4], [82.02, 23.38], [82.02, 23.42], [81.97, 23.42], [81.91, 23.54], [81.82, 23.51], [81.8, 23.55], [81.73, 23.57], [81.71, 23.53], [81.61, 23.5], [81.61, 23.55], [81.58, 23.55], [81.57, 23.59], [81.69, 23.72], [81.64, 23.77], [81.63, 23.84], [81.6, 23.84], [81.61, 23.91], [81.66, 23.93], [81.77, 23.81], [81.93, 23.87], [82.01, 23.86], [82.04, 23.82], [82.17, 23.82], [82.2, 23.85], [82.22, 23.81], [82.47, 23.81], [82.52, 23.78], [82.54, 23.83], [82.63, 23.84], [82.66, 23.87], [82.65, 23.91], [82.75, 23.92], [82.79, 23.96], [82.85, 23.95], [82.95, 23.87], [83.13, 23.89], [83.19, 23.92], [83.21, 23.99], [83.28, 24.02], [83.29, 24.08], [83.33, 24.1], [83.33, 24.1]]]}}, {"type": "Feature", "properties": {"NAME_1": "Dadra and Nagar Haveli"}, "geometry": {"type": "Polygon", "coordinates": [[[72.99, 20.29], [73.02, 20.29], [73.02, 20.32], [73.05, 20.29], [73.1, 20.36], [73.11, 20.3], [73.18, 20.31], [73.18, 20.28], [73.14, 20.28], [73.06, 20.2], [73.07, 20.16], [73.15, 20.17], [73.15, 20.21], [73.23, 20.19], [73.2, 20.16], [73.22, 20.1], [73.19, 20.05], [73.08, 20.1], [73.05, 20.07], [73.01, 20.14], [72.99, 20.11], [72.97, 20.13], [72.98, 20.22], [72.92, 20.28], [72.99, 20.29], [72.99, 20.29]]]}}, {"type": "Feature", "properties": {"NAME_1": "Daman and Diu"}, "geometry": {"type": "MultiPolygon", "coordinates": [[[[72.86, 20.47], [72.84, 20.42], [72.88, 20.38], [72.85, 20.41], [72.82, 20.37], [72.83, 20.45], [72.86, 20.47], [72.86, 20.47]]], [[[70.89, 20.71], [70.89, 20.71], [70.89, 20.71]]], [[[70.95, 20.73], [71.0, 20.72], [70.98, 20.7], [70.89, 20.71], [70.95, 20.73], [70.95, 20.73]]], [[[70.77, 20.96], [70.89, 20.95], [70.9, 20.88], [70.82, 20.86], [70.9, 20.82], [70.86, 20.79], [70.87, 20.76], [70.84, 20.76], [70.84, 20.73], [70.87, 20.73], [70.84, 20.69], [70.82, 20.72], [70.8, 20.7], [70.67, 20.76], [70.73, 20.99], [70.77, 20.96], [70.77, 20.96]]]]}}, {"type": "Feature", "properties": {"NAME_1": "Delhi"}, "geometry": {"type": "Polygon", "coordinates": [[[77.22, 28.84], [77.19, 28.8], [77.33, 28.69], [77.31, 28.64], [77.34, 28.61], [77.29, 28.58], [77.33, 28.5], [77.23, 28.48], [77.24, 28.43], [77.17, 28.41], [77.07, 28.52], [77.0, 28.54], [77.01, 28.51], [76.87, 28.51], [76.83, 28.58], [76.88, 28.64], [76.93, 28.63], [76.94, 28.82], [77.07, 28.88], [77.13, 28.87], [77.13, 28.84], [77.19, 28.87], [77.22, 28.84], [77.22, 28.84]]]}}, {"type": "Feature", "properties": {"NAME_1": "Goa"}, "geometry": {"type": "MultiPolygon", "coordinates": [[[[73.78, 15.36], [73.76, 15.35], [73.78, 15.36], [73.78, 15.36]]], [[[73.8, 15.38], [73.8, 15.38], [73.8, 15.38]]], [[[73.86, 15.41], [73.86, 15.41], [73.86, 15.41]]], [[[73.88, 15.78], [73.88, 15.75], [73.95, 15.74], [74.0, 15.61], [74.17, 15.65], [74.18, 15.68], [74.26, 15.65], [74.25, 15.57], [74.29, 15.53], [74.26, 15.5], [74.28, 15.39], [74.33, 15.37], [74.34, 15.29], [74.26, 15.26], [74.32, 15.2], [74.28, 15.1], [74.3, 15.04], [74.21, 14.92], [74.19, 14.95], [74.18, 14.91], [74.04, 14.92], [74.05, 14.99], [73.99, 15.02], [73.97, 15.07], [73.91, 15.08], [73.95, 15.16], [73.88, 15.37], [73.81, 15.37], [73.78, 15.41], [73.9, 15.42], [73.8, 15.45], [73.8, 15.5], [73.76, 15.49], [73.73, 15.59], [73.75, 15.63], [73.74, 15.61], [73.72, 15.63], [73.68, 15.73], [73.79, 15.72], [73.87, 15.8], [73.88, 15.78], [73.88, 15.78]]]]}}, {"type": "Feature", "properties": {"NAME_1": "Gujarat"}, "geometry": {"type": "MultiPolygon", "coordinates": [[[[70.86, 20.75], [70.87, 20.72], [70.84, 20.73], [70.86, 20.75], [70.86, 20.75]]], [[[72.85, 20.76], [72.85, 20.76], [72.85, 20.76]]], [[[71.39, 20.87], [71.39, 20.87], [71.39, 20.87]]], [[[71.52, 20.91], [71.52, 20.91], [71.52, 20.91]]], [[[71.65, 20.98], [71.65, 20.98], [71.65, 20.98]]], [[[71.69, 21.0], [71.67, 20.98], [71.69, 21.0], [71.69, 21.0]]], [[[71.7, 21.0], [71.7, 21.0], [71.7, 21.0]]], [[[71.71, 21.0], [71.71, 21.0], [71.71, 21.0]]], [[[72.65, 21.08], [72.65, 21.08], [72.65, 21.08]]], [[[72.68, 21.1], [72.68, 21.1], [72.68, 21.1]]], [[[72.67, 21.12], [72.68, 21.1], [72.67, 21.12], [72.67, 21.12]]], [[[72.7, 21.12], [72.7, 21.12], [72.7, 21.12]]], [[[72.68, 21.16], [72.71, 21.14], [72.69, 21.09], [72.66, 21.14], [72.68, 21.16], [72.68, 21.16]]], [[[72.1, 21.27], [72.1, 21.27], [72.1, 21.27]]], [[[72.59, 21.34], [72.59, 21.34], [72.59, 21.34]]], [[[72.58, 21.37], [72.58, 21.37], [72.58, 21.37]]], [[[72.6, 21.39], [72.59, 21.37], [72.6, 21.39], [72.6, 21.39]]], [[[72.63, 21.42], [72.61, 21.4], [72.63, 21.42], [72.63, 21.42]]], [[[72.64, 21.42], [72.64, 21.42], [72.64, 21.42]]], [[[72.68, 21.45], [72.66, 21.44], [72.68, 21.45], [72.68, 21.45]]], [[[69.72, 21.56], [69.72, 21.56], [69.72, 21.56]]], [[[69.73, 21.61], [69.74, 21.59], [69.73, 21.61], [69.73, 21.61]]], [[[72.35, 21.61], [72.36, 21.58], [72.35, 21.61], [72.35, 21.61]]], [[[72.58, 21.63], [72.58, 21.63], [72.58, 21.63]]], [[[72.61, 21.63], [72.61, 21.63], [72.61, 21.63]]], [[[72.61, 21.63], [72.61, 21.63], [72.61, 21.63]]], [[[72.62, 21.64], [72.62, 21.64], [72.62, 21.64]]], [[[72.6, 21.64], [72.59, 21.62], [72.6, 21.64], [72.6, 21.64]]], [[[72.62, 21.64], [72.62, 21.64], [72.62, 21.64]]], [[[72.6, 21.64], [72.6, 21.64], [72.6, 21.64]]], [[[72.72, 21.67], [72.75, 21.65], [72.72, 21.64], [72.72, 21.67], [72.72, 21.67]]], [[[72.27, 21.75], [72.29, 21.71], [72.27, 21.75], [72.27, 21.75]]], [[[72.35, 21.94], [72.36, 21.92], [72.35, 21.94], [72.35, 21.94]]], [[[72.21, 22.01], [72.21, 22.01], [72.21, 22.01]]], [[[72.47, 22.21], [72.47, 22.21], [72.47, 22.21]]], [[[72.38, 22.22], [72.38, 22.22], [72.38, 22.22]]], [[[72.37, 22.24], [72.38, 22.2], [72.37, 22.24], [72.37, 22.24]]], [[[69.31, 22.31], [69.31, 22.31], [69.31, 22.31]]], [[[69.45, 22.36], [69.45, 22.36], [69.45, 22.36]]], [[[69.18, 22.37], [69.18, 22.37], [69.18, 22.37]]], [[[69.2, 22.37], [69.2, 22.37], [69.2, 22.37]]], [[[69.21, 22.38], [69.21, 22.38], [69.21, 22.38]]], [[[69.2, 22.39], [69.2, 22.39], [69.2, 22.39]]], [[[69.34, 22.39], [69.32, 22.38], [69.34, 22.39], [69.34, 22.39]]], [[[69.48, 22.4], [69.48, 22.4], [69.48, 22.4]]], [[[69.28, 22.42], [69.28, 22.42], [69.28, 22.42]]], [[[69.28, 22.42], [69.28, 22.42], [69.28, 22.42]]], [[[69.14, 22.46], [69.14, 22.46], [69.14, 22.46]]], [[[69.63, 22.46], [69.66, 22.43], [69.64, 22.41], [69.59, 22.43], [69.63, 22.46], [69.63, 22.46]]], [[[69.3, 22.47], [69.33, 22.46], [69.3, 22.47], [69.3, 22.47]]], [[[69.14, 22.48], [69.15, 22.46], [69.11, 22.47], [69.11, 22.43], [69.08, 22.42], [69.09, 22.46], [69.14, 22.48], [69.14, 22.48]]], [[[69.09, 22.49], [69.09, 22.49], [69.09, 22.49]]], [[[69.32, 22.53], [69.36, 22.51], [69.32, 22.53], [69.32, 22.53]]], [[[69.94, 22.53], [69.94, 22.53], [69.94, 22.53]]], [[[69.41, 22.53], [69.41, 22.53], [69.41, 22.53]]], [[[69.96, 22.54], [69.96, 22.54], [69.96, 22.54]]], [[[69.96, 22.54], [69.96, 22.54], [69.96, 22.54]]], [[[69.95, 22.55], [69.95, 22.55], [69.95, 22.55]]], [[[69.92, 22.55], [69.94, 22.52], [69.86, 22.52], [69.92, 22.55], [69.92, 22.55]]], [[[70.02, 22.55], [70.02, 22.55], [70.02, 22.55]]], [[[70.01, 22.55], [70.01, 22.55], [70.01, 22.55]]], [[[70.02, 22.56], [70.02, 22.56], [70.02, 22.56]]], [[[70.04, 22.57], [70.04, 22.57], [70.04, 22.57]]], [[[70.04, 22.57], [70.04, 22.57], [70.04, 22.57]]], [[[70.18, 22.58], [70.18, 22.58], [70.18, 22.58]]], [[[70.01, 22.59], [70.03, 22.59], [70.01, 22.55], [69.96, 22.55], [69.96, 22.58], [70.01, 22.59], [70.01, 22.59]]], [[[70.19, 22.6], [70.19, 22.6], [70.19, 22.6]]], [[[69.95, 22.61], [69.96, 22.59], [69.95, 22.61], [69.95, 22.61]]], [[[70.22, 22.65], [70.22, 22.65], [70.22, 22.65]]], [[[70.24, 22.68], [70.24, 22.68], [70.24, 22.68]]], [[[70.24, 22.68], [70.24, 22.68], [70.24, 22.68]]], [[[70.25, 22.69], [70.25, 22.69], [70.25, 22.69]]], [[[70.24, 22.72], [70.24, 22.72], [70.24, 22.72]]], [[[69.64, 22.76], [69.67, 22.75], [69.64, 22.76], [69.64, 22.76]]], [[[69.64, 22.78], [69.64, 22.78], [69.64, 22.78]]], [[[70.46, 23.0], [70.43, 22.98], [70.46, 23.0], [70.46, 23.0]]], [[[70.44, 23.05], [70.41, 23.02], [70.44, 23.05], [70.44, 23.05]]], [[[70.45, 23.05], [70.41, 22.99], [70.45, 23.05], [70.45, 23.05]]], [[[70.45, 23.05], [70.45, 23.05], [70.45, 23.05]]], [[[70.46, 23.06], [70.45, 23.04], [70.46, 23.06], [70.46, 23.06]]], [[[70.45, 23.06], [70.45, 23.06], [70.45, 23.06]]], [[[70.47, 23.06], [70.47, 23.06], [70.47, 23.06]]], [[[70.48, 23.07], [70.45, 23.03], [70.48, 23.07], [70.48, 23.07]]], [[[68.61, 23.23], [68.61, 23.23], [68.61, 23.23]]], [[[68.59, 23.26], [68.59, 23.26], [68.59, 23.26]]], [[[68.66, 23.27], [68.66, 23.27], [68.66, 23.27]]], [[[68.63, 23.29], [68.63, 23.29], [68.63, 23.29]]], [[[68.71, 23.31], [68.71, 23.31], [68.71, 23.31]]], [[[68.56, 23.31], [68.61, 23.3], [68.61, 23.27], [68.56, 23.25], [68.56, 23.31], [68.56, 23.31]]], [[[68.64, 23.31], [68.64, 23.31], [68.64, 23.31]]], [[[68.63, 23.32], [68.63, 23.32], [68.63, 23.32]]], [[[68.64, 23.32], [68.64, 23.32], [68.64, 23.32]]], [[[68.59, 23.32], [68.62, 23.3], [68.59, 23.32], [68.59, 23.32]]], [[[68.63, 23.32], [68.63, 23.32], [68.63, 23.32]]], [[[68.63, 23.32], [68.63, 23.32], [68.63, 23.32]]], [[[68.63, 23.33], [68.63, 23.33], [68.63, 23.33]]], [[[68.54, 23.34], [68.54, 23.34], [68.54, 23.34]]], [[[68.55, 23.34], [68.55, 23.34], [68.55, 23.34]]], [[[68.56, 23.34], [68.56, 23.34], [68.56, 23.34]]], [[[68.51, 23.34], [68.54, 23.32], [68.5, 23.32], [68.51, 23.34], [68.51, 23.34]]], [[[68.53, 23.34], [68.53, 23.34], [68.53, 23.34]]], [[[68.56, 23.34], [68.56, 23.34], [68.56, 23.34]]], [[[68.63, 23.35], [68.63, 23.35], [68.63, 23.35]]], [[[68.47, 23.36], [68.47, 23.36], [68.47, 23.36]]], [[[68.57, 23.36], [68.57, 23.36], [68.57, 23.36]]], [[[68.6, 23.36], [68.6, 23.36], [68.6, 23.36]]], [[[68.59, 23.37], [68.62, 23.33], [68.57, 23.36], [68.59, 23.37], [68.59, 23.37]]], [[[68.54, 23.38], [68.54, 23.38], [68.54, 23.38]]], [[[68.5, 23.38], [68.5, 23.38], [68.5, 23.38]]], [[[68.5, 23.38], [68.5, 23.38], [68.5, 23.38]]], [[[68.54, 23.39], [68.54, 23.39], [68.54, 23.39]]], [[[68.58, 23.39], [68.58, 23.39], [68.58, 23.39]]], [[[68.54, 23.39], [68.53, 23.37], [68.54, 23.39], [68.54, 23.39]]], [[[68.55, 23.4], [68.55, 23.4], [68.55, 23.4]]], [[[68.54, 23.4], [68.56, 23.36], [68.54, 23.4], [68.54, 23.4]]], [[[68.46, 23.41], [68.46, 23.41], [68.46, 23.41]]], [[[68.52, 23.4], [68.52, 23.4], [68.52, 23.4]]], [[[68.47, 23.41], [68.47, 23.41], [68.47, 23.41]]], [[[68.43, 23.41], [68.43, 23.41], [68.43, 23.41]]], [[[68.46, 23.41], [68.46, 23.41], [68.46, 23.41]]], [[[68.41, 23.41], [68.41, 23.41], [68.41, 23.41]]], [[[68.56, 23.41], [68.56, 23.41], [68.56, 23.41]]], [[[68.41, 23.41], [68.41, 23.41], [68.41, 23.41]]], [[[68.46, 23.41], [68.46, 23.41], [68.46, 23.41]]], [[[68.55, 23.41], [68.55, 23.41], [68.55, 23.41]]], [[[68.4, 23.42], [68.4, 23.42], [68.4, 23.42]]], [[[68.4, 23.42], [68.4, 23.42], [68.4, 23.42]]], [[[68.4, 23.43], [68.4, 23.43], [68.4, 23.43]]], [[[68.5, 23.43], [68.5, 23.43], [68.5, 23.43]]], [[[68.52, 23.43], [68.52, 23.43], [68.52, 23.43]]], [[[68.5, 23.44], [68.5, 23.44], [68.5, 23.44]]], [[[68.5, 23.44], [68.5, 23.44], [68.5, 23.44]]], [[[68.5, 23.45], [68.5, 23.45], [68.5, 23.45]]], [[[68.51, 23.46], [68.53, 23.44], [68.5, 23.43], [68.51, 23.46], [68.51, 23.46]]], [[[68.41, 23.46], [68.41, 23.46], [68.41, 23.46]]], [[[68.5, 23.48], [68.5, 23.48], [68.5, 23.48]]], [[[68.47, 23.48], [68.49, 23.4], [68.46, 23.41], [68.48, 23.46], [68.41, 23.43], [68.47, 23.48], [68.47, 23.48]]], [[[68.5, 23.49], [68.49, 23.47], [68.5, 23.49], [68.5, 23.49]]], [[[68.51, 23.49], [68.51, 23.49], [68.51, 23.49]]], [[[68.51, 23.49], [68.51, 23.49], [68.51, 23.49]]], [[[68.49, 23.5], [68.49, 23.5], [68.49, 23.5]]], [[[68.47, 23.5], [68.46, 23.48], [68.47, 23.5], [68.47, 23.5]]], [[[68.44, 23.5], [68.44, 23.5], [68.44, 23.5]]], [[[68.48, 23.5], [68.47, 23.48], [68.48, 23.5], [68.48, 23.5]]], [[[68.47, 23.52], [68.47, 23.52], [68.47, 23.52]]], [[[68.48, 23.53], [68.48, 23.53], [68.48, 23.53]]], [[[68.47, 23.54], [68.47, 23.54], [68.47, 23.54]]], [[[68.48, 23.55], [68.48, 23.55], [68.48, 23.55]]], [[[68.48, 23.56], [68.45, 23.53], [68.48, 23.56], [68.48, 23.56]]], [[[68.22, 23.59], [68.22, 23.59], [68.22, 23.59]]], [[[68.26, 23.59], [68.24, 23.59], [68.26, 23.59], [68.26, 23.59]]], [[[68.22, 23.59], [68.22, 23.59], [68.22, 23.59]]], [[[68.48, 23.6], [68.49, 23.57], [68.43, 23.51], [68.43, 23.56], [68.48, 23.6], [68.48, 23.6]]], [[[68.46, 23.6], [68.45, 23.57], [68.46, 23.6], [68.46, 23.6]]], [[[68.48, 23.61], [68.48, 23.61], [68.48, 23.61]]], [[[68.46, 23.62], [68.44, 23.59], [68.43, 23.62], [68.46, 23.62], [68.46, 23.62]]], [[[68.48, 23.63], [68.47, 23.59], [68.48, 23.63], [68.48, 23.63]]], [[[68.48, 23.72], [68.48, 23.72], [68.48, 23.72]]], [[[68.45, 23.73], [68.45, 23.73], [68.45, 23.73]]], [[[68.47, 23.74], [68.49, 23.73], [68.46, 23.72], [68.47, 23.74], [68.47, 23.74]]], [[[68.49, 23.75], [68.49, 23.75], [68.49, 23.75]]], [[[68.22, 23.78], [68.21, 23.76], [68.22, 23.78], [68.22, 23.78]]], [[[68.35, 23.8], [68.34, 23.78], [68.35, 23.8], [68.35, 23.8]]], [[[68.36, 23.81], [68.4, 23.78], [68.43, 23.8], [68.4, 23.76], [68.4, 23.66], [68.38, 23.64], [68.39, 23.69], [68.32, 23.58], [68.27, 23.59], [68.29, 23.6], [68.27, 23.63], [68.31, 23.63], [68.24, 23.61], [68.26, 23.59], [68.2, 23.59], [68.2, 23.65], [68.31, 23.65], [68.23, 23.64], [68.35, 23.73], [68.33, 23.76], [68.36, 23.81], [68.36, 23.81]]], [[[68.61, 23.81], [68.59, 23.8], [68.61, 23.81], [68.61, 23.81]]], [[[68.6, 23.81], [68.6, 23.81], [68.6, 23.81]]], [[[68.31, 23.82], [68.32, 23.73], [68.29, 23.75], [68.27, 23.7], [68.26, 23.76], [68.31, 23.82], [68.31, 23.82]]], [[[68.5, 23.83], [68.52, 23.75], [68.47, 23.75], [68.47, 23.78], [68.48, 23.74], [68.44, 23.74], [68.45, 23.81], [68.5, 23.83], [68.5, 23.83]]], [[[68.71, 23.85], [68.71, 23.85], [68.71, 23.85]]], [[[68.7, 23.85], [68.7, 23.85], [68.7, 23.85]]], [[[68.53, 23.87], [68.53, 23.87], [68.53, 23.87]]], [[[68.4, 23.88], [68.44, 23.84], [68.43, 23.81], [68.4, 23.79], [68.38, 23.84], [68.4, 23.79], [68.37, 23.81], [68.33, 23.79], [68.34, 23.84], [68.4, 23.88], [68.4, 23.88]]], [[[68.25, 23.88], [68.23, 23.84], [68.21, 23.86], [68.25, 23.88], [68.25, 23.88]]], [[[68.45, 23.94], [68.43, 23.86], [68.42, 23.9], [68.42, 23.87], [68.38, 23.88], [68.35, 23.85], [68.36, 23.91], [68.45, 23.94], [68.45, 23.94]]], [[[68.54, 23.95], [68.59, 23.92], [68.5, 23.86], [68.49, 23.89], [68.53, 23.89], [68.51, 23.91], [68.54, 23.95], [68.54, 23.95]]], [[[68.53, 23.95], [68.53, 23.95], [68.53, 23.95]]], [[[68.48, 23.99], [68.52, 23.92], [68.43, 23.85], [68.46, 23.91], [68.43, 23.95], [68.48, 23.99], [68.48, 23.99]]], [[[68.43, 24.0], [68.42, 23.93], [68.34, 23.9], [68.34, 23.82], [68.27, 23.8], [68.25, 23.72], [68.27, 23.69], [68.23, 23.68], [68.19, 23.73], [68.23, 23.76], [68.21, 23.84], [68.28, 23.83], [68.25, 23.86], [68.32, 23.88], [68.27, 23.87], [68.28, 23.92], [68.33, 23.91], [68.36, 23.98], [68.39, 23.96], [68.43, 24.0], [68.43, 24.0]]], [[[72.1, 24.64], [72.17, 24.61], [72.35, 24.62], [72.32, 24.58], [72.3, 24.6], [72.25, 24.58], [72.29, 24.54], [72.36, 24.55], [72.39, 24.5], [72.44, 24.51], [72.46, 24.41], [72.51, 24.41], [72.5, 24.45], [72.55, 24.51], [72.59, 24.47], [72.7, 24.46], [72.69, 24.42], [72.73, 24.36], [72.87, 24.37], [72.92, 24.33], [72.99, 24.36], [72.96, 24.39], [73.01, 24.48], [73.03, 24.46], [73.1, 24.49], [73.11, 24.42], [73.08, 24.39], [73.16, 24.35], [73.21, 24.38], [73.23, 24.36], [73.18, 24.3], [73.14, 24.31], [73.08, 24.18], [73.22, 24.1], [73.2, 24.05], [73.24, 24.01], [73.33, 24.06], [73.34, 24.12], [73.37, 24.13], [73.41, 24.05], [73.42, 23.92], [73.36, 23.86], [73.36, 23.79], [73.42, 23.78], [73.51, 23.7], [73.51, 23.62], [73.58, 23.66], [73.66, 23.62], [73.66, 23.5], [73.63, 23.45], [73.7, 23.46], [73.72, 23.41], [73.76, 23.46], [73.78, 23.43], [73.83, 23.45], [73.89, 23.34], [73.94, 23.34], [73.97, 23.38], [74.04, 23.3], [74.1, 23.3], [74.14, 23.26], [74.13, 23.18], [74.18, 23.15], [74.2, 23.19], [74.27, 23.17], [74.28, 23.1], [74.37, 22.99], [74.34, 22.96], [74.36, 22.93], [74.39, 22.9], [74.42, 22.92], [74.47, 22.9], [74.47, 22.82], [74.44, 22.81], [74.38, 22.64], [74.26, 22.64], [74.16, 22.52], [74.04, 22.54], [74.04, 22.49], [74.09, 22.51], [74.08, 22.47], [74.12, 22.42], [74.14, 22.46], [74.16, 22.43], [74.19, 22.44], [74.2, 22.48], [74.2, 22.44], [74.25, 22.44], [74.29, 22.39], [74.21, 22.37], [74.19, 22.32], [74.13, 22.33], [74.12, 22.37], [74.07, 22.36], [74.07, 22.23], [74.12, 22.22], [74.13, 22.1], [74.18, 22.09], [74.1, 22.02], [74.15, 21.99], [74.15, 21.95], [73.82, 21.83], [73.83, 21.76], [73.9, 21.67], [73.85, 21.63], [73.79, 21.63], [73.86, 21.5], [74.06, 21.56], [74.27, 21.53], [74.31, 21.57], [74.31, 21.54], [74.34, 21.54], [74.33, 21.49], [74.16, 21.45], [74.07, 21.48], [74.05, 21.42], [73.95, 21.4], [73.95, 21.3], [73.89, 21.26], [73.83, 21.27], [73.82, 21.17], [73.64, 21.13], [73.61, 21.18], [73.59, 21.17], [73.63, 21.12], [73.75, 21.11], [73.77, 21.01], [73.91, 20.98], [73.95, 20.74], [73.82, 20.69], [73.85, 20.62], [73.68, 20.56], [73.63, 20.58], [73.61, 20.64], [73.54, 20.67], [73.5, 20.65], [73.49, 20.71], [73.45, 20.71], [73.44, 20.66], [73.4, 20.64], [73.48, 20.59], [73.5, 20.54], [73.43, 20.41], [73.39, 20.39], [73.43, 20.34], [73.43, 20.2], [73.31, 20.21], [73.26, 20.12], [73.2, 20.13], [73.23, 20.19], [73.18, 20.21], [73.15, 20.21], [73.13, 20.16], [73.07, 20.16], [73.07, 20.22], [73.18, 20.28], [73.17, 20.32], [73.11, 20.3], [73.11, 20.36], [73.05, 20.29], [73.02, 20.32], [72.99, 20.27], [72.92, 20.28], [72.97, 20.21], [72.87, 20.23], [72.83, 20.19], [72.84, 20.14], [72.74, 20.14], [72.77, 20.33], [72.85, 20.41], [72.88, 20.38], [72.84, 20.45], [72.89, 20.5], [72.9, 20.6], [72.85, 20.72], [72.89, 20.75], [72.83, 20.78], [72.85, 20.8], [72.79, 20.89], [72.79, 20.95], [72.78, 20.91], [72.75, 20.94], [72.72, 21.05], [72.77, 21.07], [72.7, 21.07], [72.72, 21.14], [72.67, 21.16], [72.66, 21.09], [72.62, 21.09], [72.62, 21.22], [72.65, 21.23], [72.6, 21.24], [72.59, 21.31], [72.7, 21.46], [72.64, 21.44], [72.67, 21.52], [72.73, 21.53], [72.74, 21.56], [72.62, 21.49], [72.6, 21.57], [72.69, 21.65], [72.78, 21.64], [72.84, 21.67], [72.77, 21.66], [72.73, 21.69], [72.54, 21.66], [72.51, 21.7], [72.57, 21.83], [72.52, 21.85], [72.5, 21.98], [72.55, 22.17], [72.59, 22.21], [72.65, 22.22], [72.76, 22.17], [72.81, 22.25], [72.88, 22.22], [72.92, 22.28], [72.89, 22.24], [72.83, 22.28], [72.77, 22.23], [72.68, 22.24], [72.66, 22.28], [72.54, 22.24], [72.53, 22.28], [72.47, 22.2], [72.49, 22.25], [72.39, 22.31], [72.4, 22.38], [72.36, 22.38], [72.4, 22.36], [72.37, 22.31], [72.42, 22.29], [72.42, 22.23], [72.4, 22.2], [72.36, 22.27], [72.39, 22.16], [72.37, 22.15], [72.36, 22.19], [72.34, 22.12], [72.32, 22.19], [72.29, 22.2], [72.32, 22.1], [72.28, 21.93], [72.24, 22.05], [72.3, 22.06], [72.3, 22.11], [72.27, 22.11], [72.28, 22.08], [72.23, 22.06], [72.22, 22.01], [72.17, 22.04], [72.2, 22.0], [72.23, 22.01], [72.21, 21.95], [72.15, 21.98], [72.15, 21.95], [72.22, 21.95], [72.26, 21.89], [72.27, 21.74], [72.24, 21.8], [72.18, 21.82], [72.24, 21.79], [72.31, 21.63], [72.23, 21.44], [72.12, 21.33], [72.11, 21.28], [72.07, 21.29], [72.1, 21.28], [72.08, 21.24], [72.12, 21.2], [72.01, 21.13], [72.01, 21.19], [71.98, 21.12], [71.65, 21.0], [71.64, 20.97], [71.51, 20.95], [71.52, 20.92], [71.47, 20.88], [71.38, 20.88], [71.37, 20.85], [71.15, 20.78], [71.13, 20.75], [71.08, 20.76], [71.07, 20.73], [70.98, 20.72], [70.99, 20.75], [70.87, 20.71], [70.92, 20.74], [70.87, 20.73], [70.84, 20.76], [70.87, 20.76], [70.86, 20.79], [70.9, 20.82], [70.82, 20.86], [70.9, 20.88], [70.89, 20.95], [70.73, 20.99], [70.66, 20.75], [70.42, 20.86], [70.42, 20.89], [70.37, 20.89], [70.11, 21.09], [69.82, 21.4], [69.78, 21.45], [69.81, 21.46], [69.78, 21.45], [69.71, 21.53], [69.76, 21.58], [69.74, 21.65], [69.68, 21.64], [69.72, 21.61], [69.7, 21.59], [69.63, 21.64], [69.72, 21.58], [69.72, 21.54], [69.62, 21.63], [69.59, 21.62], [69.14, 22.03], [68.94, 22.28], [68.97, 22.4], [69.07, 22.48], [69.09, 22.47], [69.04, 22.44], [69.07, 22.39], [69.2, 22.42], [69.16, 22.3], [69.25, 22.26], [69.32, 22.29], [69.33, 22.33], [69.48, 22.33], [69.52, 22.37], [69.5, 22.44], [69.59, 22.36], [69.58, 22.32], [69.58, 22.35], [69.61, 22.33], [69.62, 22.37], [69.66, 22.36], [69.66, 22.39], [69.7, 22.4], [69.7, 22.44], [69.67, 22.45], [69.72, 22.47], [69.81, 22.4], [69.83, 22.45], [69.8, 22.46], [69.83, 22.45], [69.83, 22.48], [69.84, 22.46], [69.83, 22.5], [69.84, 22.45], [69.88, 22.45], [69.92, 22.51], [69.96, 22.5], [69.94, 22.51], [69.96, 22.54], [70.17, 22.55], [70.25, 22.67], [70.25, 22.73], [70.3, 22.75], [70.37, 22.9], [70.42, 22.92], [70.49, 23.08], [70.4, 23.03], [70.39, 22.95], [70.36, 22.93], [70.2, 23.0], [70.23, 22.96], [70.16, 22.94], [70.12, 22.96], [70.15, 23.03], [70.11, 22.98], [70.13, 22.95], [70.09, 22.95], [70.14, 22.94], [70.12, 22.91], [69.79, 22.85], [69.71, 22.73], [69.63, 22.8], [69.63, 22.76], [69.56, 22.79], [69.47, 22.77], [69.36, 22.83], [69.19, 22.84], [68.65, 23.15], [68.63, 23.18], [68.68, 23.15], [68.58, 23.23], [68.63, 23.21], [68.6, 23.24], [68.67, 23.27], [68.63, 23.3], [68.75, 23.3], [68.76, 23.33], [68.73, 23.3], [68.66, 23.3], [68.67, 23.33], [68.65, 23.3], [68.62, 23.34], [68.64, 23.35], [68.53, 23.42], [68.52, 23.48], [68.52, 23.45], [68.5, 23.46], [68.52, 23.49], [68.48, 23.55], [68.5, 23.66], [68.53, 23.65], [68.52, 23.69], [68.76, 23.87], [68.6, 23.85], [68.53, 23.76], [68.54, 23.82], [68.53, 23.8], [68.51, 23.82], [68.55, 23.83], [68.58, 23.89], [68.66, 23.91], [68.63, 23.9], [68.61, 23.94], [68.56, 23.92], [68.54, 23.96], [68.75, 23.96], [68.76, 24.28], [68.79, 24.3], [68.83, 24.31], [68.87, 24.2], [68.9, 24.2], [68.95, 24.28], [68.98, 24.23], [69.08, 24.27], [69.2, 24.24], [69.31, 24.28], [69.47, 24.26], [69.6, 24.28], [69.73, 24.17], [69.91, 24.16], [70.05, 24.18], [70.14, 24.3], [70.57, 24.42], [70.61, 24.4], [70.57, 24.35], [70.58, 24.24], [70.81, 24.22], [70.9, 24.26], [70.88, 24.29], [70.96, 24.35], [71.06, 24.35], [71.13, 24.39], [71.12, 24.43], [71.01, 24.44], [71.0, 24.54], [71.01, 24.62], [71.11, 24.68], [71.29, 24.61], [71.34, 24.65], [71.39, 24.62], [71.52, 24.68], [71.62, 24.67], [71.66, 24.63], [71.81, 24.67], [71.81, 24.62], [71.86, 24.6], [71.88, 24.68], [71.95, 24.63], [72.05, 24.71], [72.09, 24.7], [72.1, 24.64], [72.1, 24.64]]]]}}, {"type": "Feature", "properties": {"NAME_1": "Haryana"}, "geometry": {"type": "Polygon", "coordinates": [[[76.84, 30.88], [76.9, 30.9], [76.95, 30.81], [77.0, 30.82], [77.01, 30.74], [77.07, 30.75], [77.15, 30.69], [77.16, 30.6], [77.11, 30.56], [77.19, 30.53], [77.2, 30.48], [77.35, 30.46], [77.4, 30.42], [77.45, 30.47], [77.43, 30.4], [77.49, 30.41], [77.51, 30.45], [77.59, 30.38], [77.57, 30.31], [77.45, 30.17], [77.42, 30.17], [77.41, 30.1], [77.27, 30.05], [77.18, 29.91], [77.17, 29.82], [77.11, 29.75], [77.14, 29.7], [77.09, 29.62], [77.11, 29.55], [77.08, 29.53], [77.12, 29.5], [77.11, 29.46], [77.14, 29.45], [77.12, 29.42], [77.15, 29.39], [77.12, 29.38], [77.12, 29.34], [77.15, 29.35], [77.12, 29.1], [77.21, 29.01], [77.19, 28.95], [77.22, 28.9], [77.14, 28.84], [77.13, 28.87], [77.07, 28.88], [76.94, 28.82], [76.93, 28.63], [76.88, 28.64], [76.83, 28.58], [76.87, 28.51], [77.01, 28.51], [77.0, 28.54], [77.07, 28.52], [77.17, 28.41], [77.24, 28.43], [77.23, 28.48], [77.33, 28.51], [77.47, 28.42], [77.49, 28.35], [77.46, 28.34], [77.5, 28.31], [77.46, 28.28], [77.54, 28.25], [77.52, 28.2], [77.49, 28.21], [77.54, 28.18], [77.5, 28.16], [77.47, 28.08], [77.54, 27.95], [77.48, 27.94], [77.45, 27.88], [77.41, 27.9], [77.41, 27.86], [77.26, 27.82], [77.25, 27.79], [77.19, 27.82], [77.17, 27.78], [77.18, 27.81], [77.15, 27.82], [77.12, 27.78], [77.04, 27.82], [77.02, 27.78], [77.08, 27.74], [76.99, 27.74], [76.97, 27.66], [76.9, 27.66], [76.88, 27.7], [76.91, 27.7], [76.88, 27.73], [76.9, 27.83], [76.93, 27.83], [76.92, 28.01], [76.96, 28.15], [76.85, 28.23], [76.79, 28.2], [76.79, 28.16], [76.65, 28.1], [76.65, 28.01], [76.55, 27.97], [76.53, 28.05], [76.45, 28.05], [76.5, 28.06], [76.45, 28.09], [76.5, 28.11], [76.47, 28.16], [76.36, 28.14], [76.34, 28.18], [76.28, 28.18], [76.36, 28.13], [76.3, 28.11], [76.35, 28.08], [76.34, 28.03], [76.24, 28.07], [76.18, 28.06], [76.21, 28.03], [76.15, 28.0], [76.22, 27.84], [76.16, 27.81], [76.09, 27.87], [75.96, 27.86], [75.98, 27.91], [75.92, 27.93], [75.99, 27.98], [75.96, 27.99], [75.99, 28.0], [75.97, 28.04], [76.04, 28.07], [76.02, 28.09], [75.98, 28.05], [75.94, 28.11], [76.0, 28.16], [76.07, 28.17], [76.07, 28.14], [76.09, 28.16], [75.96, 28.34], [75.9, 28.39], [75.77, 28.41], [75.78, 28.46], [75.66, 28.52], [75.61, 28.61], [75.56, 28.61], [75.47, 28.93], [75.52, 28.98], [75.51, 29.02], [75.43, 29.02], [75.44, 29.05], [75.38, 29.07], [75.4, 29.13], [75.36, 29.14], [75.4, 29.19], [75.4, 29.26], [75.33, 29.23], [75.31, 29.29], [75.22, 29.23], [75.18, 29.27], [75.08, 29.23], [75.04, 29.29], [74.95, 29.28], [74.93, 29.36], [74.86, 29.4], [74.73, 29.35], [74.65, 29.37], [74.64, 29.33], [74.6, 29.33], [74.57, 29.41], [74.53, 29.42], [74.53, 29.47], [74.58, 29.46], [74.61, 29.52], [74.57, 29.56], [74.61, 29.75], [74.58, 29.77], [74.47, 29.74], [74.48, 29.82], [74.55, 29.86], [74.51, 29.9], [74.52, 29.95], [74.65, 29.9], [74.69, 29.97], [74.79, 29.99], [74.92, 29.95], [74.99, 29.86], [75.07, 29.88], [75.08, 29.92], [75.1, 29.9], [75.08, 29.85], [75.11, 29.83], [75.09, 29.81], [75.13, 29.78], [75.2, 29.83], [75.23, 29.75], [75.16, 29.66], [75.22, 29.61], [75.22, 29.55], [75.3, 29.57], [75.28, 29.61], [75.32, 29.67], [75.35, 29.66], [75.33, 29.69], [75.38, 29.71], [75.44, 29.81], [75.51, 29.76], [75.56, 29.77], [75.56, 29.74], [75.66, 29.78], [75.69, 29.75], [75.71, 29.81], [75.77, 29.83], [75.92, 29.73], [76.04, 29.75], [76.08, 29.81], [76.12, 29.8], [76.24, 29.86], [76.17, 29.92], [76.21, 29.95], [76.19, 30.02], [76.25, 30.1], [76.19, 30.13], [76.2, 30.16], [76.24, 30.12], [76.33, 30.11], [76.35, 30.13], [76.33, 30.15], [76.38, 30.12], [76.38, 30.18], [76.42, 30.2], [76.45, 30.1], [76.5, 30.08], [76.57, 30.1], [76.58, 30.07], [76.63, 30.1], [76.64, 30.21], [76.58, 30.26], [76.53, 30.23], [76.55, 30.26], [76.72, 30.33], [76.74, 30.36], [76.7, 30.39], [76.76, 30.44], [76.81, 30.41], [76.83, 30.43], [76.88, 30.36], [76.93, 30.39], [76.89, 30.44], [76.89, 30.49], [76.92, 30.5], [76.89, 30.54], [76.91, 30.61], [76.86, 30.64], [76.86, 30.68], [76.82, 30.66], [76.85, 30.79], [76.76, 30.89], [76.81, 30.93], [76.84, 30.88], [76.84, 30.88]]]}}, {"type": "Feature", "properties": {"NAME_1": "Himachal Pradesh"}, "geometry": {"type": "Polygon", "coordinates": [[[76.8, 33.24], [76.83, 33.25], [76.8, 33.16], [76.89, 33.1], [76.92, 33.03], [77.07, 32.97], [77.14, 32.98], [77.15, 32.91], [77.17, 32.93], [77.23, 32.9], [77.22, 32.88], [77.26, 32.88], [77.32, 32.82], [77.35, 32.82], [77.39, 32.89], [77.46, 32.86], [77.67, 32.99], [77.7, 32.98], [77.79, 32.91], [77.76, 32.86], [77.92, 32.77], [77.9, 32.69], [77.98, 32.59], [78.04, 32.59], [78.03, 32.64], [78.07, 32.62], [78.09, 32.66], [78.12, 32.64], [78.14, 32.68], [78.21, 32.67], [78.3, 32.71], [78.29, 32.74], [78.37, 32.76], [78.36, 32.67], [78.39, 32.62], [78.3, 32.58], [78.28, 32.51], [78.31, 32.48], [78.38, 32.53], [78.45, 32.5], [78.44, 32.45], [78.52, 32.41], [78.46, 32.35], [78.47, 32.28], [78.44, 32.25], [78.6, 32.22], [78.57, 32.16], [78.59, 32.13], [78.77, 32.0], [78.69, 31.78], [78.72, 31.77], [78.73, 31.69], [78.78, 31.69], [78.83, 31.61], [78.71, 31.51], [78.8, 31.45], [78.78, 31.4], [78.84, 31.37], [78.83, 31.33], [78.97, 31.19], [79.0, 31.12], [78.88, 31.1], [78.82, 31.14], [78.8, 31.21], [78.65, 31.19], [78.58, 31.24], [78.47, 31.2], [78.37, 31.29], [78.03, 31.19], [78.01, 31.15], [77.95, 31.18], [77.89, 31.16], [77.8, 31.06], [77.83, 31.01], [77.8, 30.98], [77.82, 30.95], [77.77, 30.98], [77.73, 30.96], [77.75, 30.92], [77.8, 30.92], [77.79, 30.86], [77.74, 30.88], [77.74, 30.83], [77.69, 30.77], [77.73, 30.69], [77.78, 30.67], [77.78, 30.62], [77.73, 30.6], [77.76, 30.56], [77.81, 30.56], [77.81, 30.52], [77.57, 30.43], [77.57, 30.38], [77.51, 30.45], [77.49, 30.41], [77.43, 30.4], [77.45, 30.47], [77.4, 30.42], [77.35, 30.46], [77.2, 30.48], [77.19, 30.53], [77.13, 30.54], [77.11, 30.57], [77.16, 30.6], [77.15, 30.69], [77.07, 30.75], [77.01, 30.74], [77.0, 30.82], [76.95, 30.81], [76.9, 30.9], [76.85, 30.87], [76.81, 30.93], [76.77, 30.91], [76.61, 31.0], [76.6, 31.08], [76.63, 31.11], [76.59, 31.13], [76.59, 31.18], [76.64, 31.21], [76.63, 31.23], [76.58, 31.22], [76.6, 31.25], [76.57, 31.28], [76.51, 31.26], [76.52, 31.28], [76.49, 31.27], [76.47, 31.31], [76.43, 31.28], [76.45, 31.31], [76.36, 31.44], [76.32, 31.4], [76.34, 31.35], [76.3, 31.32], [76.17, 31.31], [76.13, 31.38], [76.16, 31.4], [76.15, 31.43], [76.0, 31.65], [75.92, 31.82], [75.97, 31.82], [75.9, 31.94], [75.65, 32.08], [75.58, 32.08], [75.66, 32.15], [75.66, 32.18], [75.62, 32.19], [75.65, 32.26], [75.74, 32.27], [75.84, 32.38], [75.93, 32.41], [75.85, 32.51], [75.93, 32.65], [75.9, 32.68], [75.91, 32.76], [75.79, 32.9], [75.81, 32.93], [75.9, 32.92], [75.93, 32.88], [75.99, 32.9], [76.09, 33.0], [76.24, 33.03], [76.27, 33.1], [76.39, 33.19], [76.58, 33.21], [76.64, 33.16], [76.73, 33.18], [76.76, 33.25], [76.8, 33.24], [76.8, 33.24]]]}}, {"type": "Feature", "properties": {"NAME_1": "Jammu and Kashmir"}, "geometry": {"type": "Polygon", "coordinates": [[[77.9, 35.43], [77.99, 35.49], [78.11, 35.48], [78.02, 35.42], [77.99, 35.34], [78.04, 35.2], [78.13, 35.13], [78.08, 35.08], [78.18, 34.9], [78.22, 34.73], [78.27, 34.67], [78.4, 34.65], [78.43, 34.6], [78.57, 34.61], [78.82, 34.41], [78.92, 34.38], [78.99, 34.32], [78.98, 34.24], [78.94, 34.2], [78.71, 34.08], [78.71, 34.05], [78.77, 34.03], [78.71, 33.92], [78.78, 33.8], [78.78, 33.75], [78.71, 33.65], [78.82, 33.48], [79.07, 33.3], [79.07, 33.23], [79.18, 33.19], [79.42, 33.17], [79.35, 32.98], [79.46, 32.88], [79.47, 32.8], [79.55, 32.74], [79.56, 32.63], [79.52, 32.59], [79.45, 32.59], [79.32, 32.49], [79.22, 32.52], [79.12, 32.46], [79.1, 32.37], [79.06, 32.39], [78.98, 32.34], [78.78, 32.48], [78.75, 32.7], [78.66, 32.66], [78.63, 32.61], [78.45, 32.58], [78.41, 32.56], [78.41, 32.51], [78.38, 32.53], [78.31, 32.48], [78.28, 32.51], [78.3, 32.58], [78.39, 32.62], [78.36, 32.67], [78.37, 32.76], [78.29, 32.74], [78.3, 32.71], [78.21, 32.67], [78.14, 32.68], [78.12, 32.64], [78.09, 32.66], [78.07, 32.62], [78.03, 32.64], [78.04, 32.59], [77.98, 32.59], [77.9, 32.69], [77.92, 32.77], [77.76, 32.86], [77.79, 32.91], [77.7, 32.98], [77.67, 32.99], [77.46, 32.86], [77.39, 32.89], [77.36, 32.83], [77.32, 32.82], [77.31, 32.85], [77.22, 32.88], [77.23, 32.9], [77.17, 32.93], [77.15, 32.91], [77.14, 32.98], [77.07, 32.97], [76.92, 33.03], [76.89, 33.1], [76.8, 33.16], [76.83, 33.25], [76.78, 33.26], [76.73, 33.18], [76.64, 33.16], [76.58, 33.21], [76.39, 33.19], [76.27, 33.1], [76.24, 33.03], [76.11, 33.01], [75.94, 32.88], [75.9, 32.92], [75.81, 32.93], [75.79, 32.87], [75.89, 32.8], [75.9, 32.68], [75.93, 32.65], [75.82, 32.5], [75.75, 32.48], [75.72, 32.42], [75.56, 32.37], [75.49, 32.28], [75.47, 32.34], [75.41, 32.32], [75.31, 32.34], [75.18, 32.43], [75.14, 32.41], [75.08, 32.48], [75.02, 32.49], [74.99, 32.45], [74.84, 32.5], [74.7, 32.48], [74.64, 32.6], [74.68, 32.66], [74.65, 32.72], [74.7, 32.84], [74.64, 32.82], [74.61, 32.76], [74.53, 32.74], [74.46, 32.79], [74.41, 32.91], [74.32, 32.92], [74.35, 32.97], [74.34, 33.03], [74.21, 33.04], [74.16, 33.13], [74.01, 33.2], [74.02, 33.26], [74.09, 33.26], [74.17, 33.34], [74.19, 33.47], [74.1, 33.57], [74.03, 33.57], [73.96, 33.72], [74.05, 33.81], [74.21, 33.86], [74.26, 33.92], [74.26, 33.97], [74.24, 34.03], [74.12, 34.06], [74.01, 34.02], [73.88, 34.05], [73.9, 34.12], [73.98, 34.21], [73.98, 34.26], [73.9, 34.36], [73.84, 34.34], [73.76, 34.37], [73.79, 34.43], [73.9, 34.5], [73.9, 34.55], [73.95, 34.57], [73.93, 34.65], [73.96, 34.7], [74.14, 34.69], [74.3, 34.8], [74.49, 34.79], [74.58, 34.77], [74.7, 34.69], [74.93, 34.68], [75.02, 34.64], [75.25, 34.65], [75.26, 34.61], [75.38, 34.55], [75.77, 34.52], [76.06, 34.68], [76.16, 34.64], [76.47, 34.79], [76.69, 34.76], [76.74, 34.83], [76.75, 34.93], [76.86, 34.97], [77.0, 34.94], [77.01, 35.04], [77.07, 35.02], [77.16, 35.05], [77.82, 35.5], [77.9, 35.43], [77.9, 35.43]]]}}, {"type": "Feature", "properties": {"NAME_1": "Jharkhand"}, "geometry": {"type": "Polygon", "coordinates": [[[87.6, 25.31], [87.68, 25.31], [87.72, 25.25], [87.79, 25.24], [87.77, 25.1], [87.86, 25.05], [87.97, 24.93], [87.97, 24.88], [87.89, 24.85], [87.87, 24.77], [87.84, 24.76], [87.83, 24.79], [87.81, 24.75], [87.9, 24.72], [87.91, 24.63], [87.87, 24.61], [87.91, 24.61], [87.91, 24.58], [87.86, 24.55], [87.77, 24.58], [87.81, 24.55], [87.79, 24.49], [87.82, 24.5], [87.82, 24.45], [87.79, 24.44], [87.78, 24.41], [87.81, 24.4], [87.76, 24.3], [87.67, 24.24], [87.64, 24.25], [87.64, 24.21], [87.7, 24.18], [87.69, 24.15], [87.57, 24.16], [87.61, 24.13], [87.56, 24.08], [87.49, 24.12], [87.51, 24.03], [87.43, 24.01], [87.46, 23.98], [87.37, 24.01], [87.34, 23.99], [87.33, 24.03], [87.23, 24.04], [87.26, 23.96], [87.29, 23.96], [87.29, 23.88], [87.26, 23.87], [87.26, 23.91], [87.24, 23.9], [87.26, 23.84], [87.24, 23.82], [87.23, 23.86], [87.19, 23.84], [87.13, 23.87], [87.17, 23.82], [87.15, 23.79], [86.97, 23.87], [86.94, 23.84], [86.91, 23.88], [86.88, 23.87], [86.88, 23.81], [86.87, 23.84], [86.83, 23.81], [86.79, 23.83], [86.82, 23.78], [86.8, 23.69], [86.71, 23.7], [86.54, 23.63], [86.44, 23.63], [86.36, 23.56], [86.37, 23.48], [86.3, 23.42], [86.24, 23.42], [86.24, 23.47], [86.15, 23.47], [86.15, 23.57], [86.07, 23.58], [86.01, 23.56], [86.05, 23.49], [85.94, 23.45], [85.89, 23.48], [85.86, 23.46], [85.86, 23.41], [85.9, 23.37], [85.83, 23.28], [85.83, 23.19], [85.91, 23.13], [86.03, 23.15], [86.04, 23.11], [86.13, 23.09], [86.21, 22.99], [86.54, 22.99], [86.52, 22.94], [86.47, 22.95], [86.43, 22.92], [86.46, 22.9], [86.41, 22.79], [86.51, 22.7], [86.55, 22.72], [86.64, 22.66], [86.63, 22.6], [86.66, 22.57], [86.76, 22.57], [86.79, 22.54], [86.8, 22.48], [86.75, 22.48], [86.76, 22.42], [86.84, 22.4], [86.83, 22.32], [86.89, 22.3], [86.89, 22.25], [86.79, 22.26], [86.8, 22.21], [86.73, 22.21], [86.65, 22.23], [86.65, 22.26], [86.59, 22.27], [86.58, 22.3], [86.52, 22.3], [86.5, 22.34], [86.44, 22.33], [86.43, 22.3], [86.36, 22.34], [86.28, 22.45], [86.11, 22.48], [86.04, 22.56], [85.95, 22.46], [86.01, 22.43], [86.02, 22.36], [85.99, 22.34], [86.04, 22.3], [85.97, 22.24], [86.03, 22.19], [85.91, 21.97], [85.76, 21.99], [85.79, 22.08], [85.83, 22.08], [85.8, 22.11], [85.67, 22.05], [85.65, 22.09], [85.59, 22.07], [85.41, 22.16], [85.3, 22.11], [85.22, 22.0], [85.18, 22.07], [85.16, 22.05], [85.1, 22.1], [84.98, 22.08], [85.03, 22.12], [85.07, 22.27], [85.11, 22.29], [85.07, 22.35], [85.06, 22.48], [84.92, 22.42], [84.81, 22.45], [84.75, 22.44], [84.74, 22.41], [84.5, 22.42], [84.43, 22.35], [84.29, 22.34], [84.15, 22.4], [84.14, 22.47], [84.0, 22.52], [84.01, 22.58], [84.08, 22.64], [84.15, 22.63], [84.23, 22.68], [84.22, 22.73], [84.29, 22.76], [84.33, 22.86], [84.38, 22.87], [84.39, 22.94], [84.37, 22.98], [84.29, 22.96], [84.27, 22.99], [84.21, 22.98], [84.2, 23.02], [84.15, 22.96], [84.13, 23.09], [84.03, 23.14], [84.07, 23.33], [84.04, 23.38], [84.01, 23.35], [83.97, 23.36], [83.97, 23.46], [84.03, 23.57], [84.01, 23.63], [83.94, 23.62], [83.94, 23.56], [83.77, 23.6], [83.71, 23.68], [83.73, 23.76], [83.7, 23.82], [83.56, 23.86], [83.58, 23.88], [83.54, 23.9], [83.51, 24.03], [83.43, 24.05], [83.43, 24.08], [83.38, 24.1], [83.32, 24.1], [83.4, 24.27], [83.38, 24.32], [83.45, 24.36], [83.38, 24.46], [83.4, 24.51], [83.54, 24.53], [83.72, 24.5], [83.87, 24.53], [83.93, 24.55], [84.0, 24.64], [84.05, 24.61], [84.11, 24.48], [84.15, 24.54], [84.18, 24.51], [84.17, 24.55], [84.26, 24.53], [84.29, 24.57], [84.33, 24.5], [84.29, 24.45], [84.5, 24.29], [84.52, 24.38], [84.57, 24.38], [84.57, 24.41], [84.66, 24.39], [84.68, 24.46], [84.8, 24.53], [84.83, 24.51], [84.83, 24.45], [84.88, 24.46], [84.9, 24.37], [85.07, 24.44], [85.09, 24.38], [85.17, 24.43], [85.16, 24.47], [85.22, 24.47], [85.28, 24.5], [85.28, 24.53], [85.5, 24.55], [85.52, 24.52], [85.57, 24.6], [85.67, 24.59], [85.65, 24.69], [85.7, 24.71], [85.7, 24.77], [85.76, 24.82], [85.81, 24.79], [85.86, 24.81], [85.94, 24.73], [86.05, 24.78], [86.04, 24.74], [86.09, 24.75], [86.12, 24.72], [86.13, 24.6], [86.17, 24.58], [86.22, 24.61], [86.28, 24.57], [86.31, 24.59], [86.28, 24.46], [86.46, 24.37], [86.52, 24.54], [86.6, 24.61], [86.67, 24.56], [86.79, 24.62], [86.8, 24.56], [86.88, 24.57], [86.9, 24.54], [86.93, 24.64], [87.05, 24.61], [87.1, 24.8], [87.08, 24.82], [87.16, 24.88], [87.14, 25.02], [87.17, 25.06], [87.25, 25.11], [87.3, 25.1], [87.32, 25.22], [87.4, 25.23], [87.47, 25.19], [87.49, 25.31], [87.54, 25.28], [87.58, 25.35], [87.6, 25.31], [87.6, 25.31]]]}}, {"type": "Feature", "properties": {"NAME_1": "Karnataka"}, "geometry": {"type": "MultiPolygon", "coordinates": [[[[74.67, 13.2], [74.67, 13.2], [74.67, 13.2]]], [[[74.73, 13.28], [74.73, 13.28], [74.73, 13.28]]], [[[74.7, 13.28], [74.7, 13.28], [74.7, 13.28]]], [[[74.72, 13.29], [74.72, 13.29], [74.72, 13.29]]], [[[74.69, 13.33], [74.69, 13.33], [74.69, 13.33]]], [[[74.69, 13.34], [74.69, 13.34], [74.69, 13.34]]], [[[74.68, 13.35], [74.68, 13.35], [74.68, 13.35]]], [[[74.67, 13.38], [74.67, 13.38], [74.67, 13.38]]], [[[74.48, 14.01], [74.48, 14.01], [74.48, 14.01]]], [[[74.33, 14.02], [74.33, 14.02], [74.33, 14.02]]], [[[74.4, 14.32], [74.4, 14.32], [74.4, 14.32]]], [[[74.37, 14.55], [74.37, 14.55], [74.37, 14.55]]], [[[74.25, 14.71], [74.25, 14.71], [74.25, 14.71]]], [[[74.24, 14.71], [74.24, 14.71], [74.24, 14.71]]], [[[74.16, 14.74], [74.16, 14.74], [74.16, 14.74]]], [[[74.11, 14.76], [74.11, 14.76], [74.11, 14.76]]], [[[74.09, 14.8], [74.09, 14.8], [74.09, 14.8]]], [[[74.06, 14.82], [74.06, 14.82], [74.06, 14.82]]], [[[74.06, 14.82], [74.06, 14.82], [74.06, 14.82]]], [[[74.06, 14.82], [74.06, 14.82], [74.06, 14.82]]], [[[74.09, 14.84], [74.09, 14.84], [74.09, 14.84]]], [[[74.1, 14.85], [74.1, 14.85], [74.1, 14.85]]], [[[74.1, 14.88], [74.1, 14.88], [74.1, 14.88]]], [[[77.34, 18.44], [77.37, 18.45], [77.37, 18.4], [77.41, 18.39], [77.36, 18.31], [77.44, 18.31], [77.47, 18.26], [77.51, 18.31], [77.6, 18.28], [77.56, 18.2], [77.6, 18.15], [77.6, 18.08], [77.57, 18.08], [77.55, 18.03], [77.65, 17.99], [77.62, 17.9], [77.58, 17.9], [77.6, 17.87], [77.58, 17.88], [77.5, 17.78], [77.57, 17.76], [77.45, 17.69], [77.44, 17.58], [77.5, 17.54], [77.53, 17.57], [77.59, 17.56], [77.59, 17.53], [77.69, 17.49], [77.68, 17.47], [77.65, 17.5], [77.61, 17.44], [77.52, 17.44], [77.53, 17.37], [77.5, 17.35], [77.45, 17.37], [77.45, 17.27], [77.38, 17.22], [77.4, 17.21], [77.36, 17.16], [77.45, 17.11], [77.5, 17.02], [77.45, 16.91], [77.47, 16.78], [77.44, 16.78], [77.42, 16.72], [77.47, 16.71], [77.47, 16.68], [77.42, 16.66], [77.47, 16.65], [77.46, 16.58], [77.39, 16.57], [77.42, 16.52], [77.37, 16.51], [77.37, 16.48], [77.24, 16.47], [77.28, 16.4], [77.41, 16.36], [77.49, 16.38], [77.59, 16.34], [77.59, 16.29], [77.56, 16.3], [77.49, 16.25], [77.51, 15.92], [77.17, 15.95], [77.09, 15.92], [77.02, 15.83], [77.06, 15.82], [77.04, 15.73], [77.08, 15.72], [77.12, 15.63], [77.09, 15.65], [77.03, 15.63], [77.03, 15.5], [76.97, 15.49], [77.03, 15.44], [77.06, 15.32], [77.11, 15.33], [77.12, 15.29], [77.15, 15.29], [77.17, 15.25], [77.12, 15.22], [77.15, 15.21], [77.16, 15.15], [77.13, 15.14], [77.15, 15.11], [77.08, 15.0], [77.05, 15.0], [77.05, 15.03], [76.88, 15.03], [76.8, 15.09], [76.77, 15.07], [76.76, 14.97], [76.87, 14.94], [76.84, 14.89], [76.85, 14.8], [76.78, 14.78], [76.8, 14.73], [76.76, 14.6], [76.86, 14.47], [76.97, 14.48], [76.94, 14.4], [76.88, 14.39], [76.9, 14.32], [76.95, 14.3], [76.92, 14.27], [76.95, 14.23], [77.05, 14.24], [77.11, 14.21], [77.14, 14.34], [77.2, 14.31], [77.28, 14.33], [77.29, 14.27], [77.36, 14.27], [77.38, 14.19], [77.42, 14.21], [77.38, 14.27], [77.39, 14.33], [77.43, 14.32], [77.45, 14.27], [77.5, 14.27], [77.51, 14.16], [77.39, 14.17], [77.34, 14.1], [77.4, 14.11], [77.33, 14.05], [77.33, 14.02], [77.38, 14.01], [77.38, 13.97], [77.43, 13.97], [77.41, 13.94], [77.43, 13.9], [77.4, 13.88], [77.34, 13.91], [77.36, 13.95], [77.32, 14.02], [77.14, 13.99], [77.12, 14.04], [77.02, 14.05], [77.02, 14.17], [76.94, 14.19], [76.89, 14.16], [76.88, 14.13], [76.93, 14.13], [76.98, 14.07], [76.93, 14.02], [77.04, 13.93], [76.97, 13.82], [76.99, 13.74], [77.01, 13.73], [77.02, 13.77], [77.05, 13.74], [77.17, 13.75], [77.16, 13.83], [77.12, 13.85], [77.16, 13.86], [77.18, 13.92], [77.18, 13.86], [77.23, 13.9], [77.25, 13.84], [77.31, 13.86], [77.33, 13.82], [77.36, 13.85], [77.42, 13.84], [77.41, 13.8], [77.46, 13.8], [77.44, 13.7], [77.48, 13.68], [77.49, 13.71], [77.53, 13.7], [77.53, 13.75], [77.55, 13.72], [77.63, 13.73], [77.61, 13.76], [77.65, 13.78], [77.71, 13.73], [77.71, 13.79], [77.83, 13.86], [77.81, 13.93], [77.89, 13.93], [77.92, 13.9], [77.98, 13.95], [77.94, 13.82], [77.97, 13.82], [77.98, 13.86], [78.04, 13.85], [78.04, 13.89], [78.12, 13.82], [78.08, 13.73], [78.11, 13.68], [78.06, 13.69], [78.08, 13.64], [78.16, 13.65], [78.2, 13.6], [78.18, 13.56], [78.23, 13.59], [78.39, 13.58], [78.36, 13.35], [78.4, 13.32], [78.37, 13.32], [78.47, 13.31], [78.51, 13.26], [78.56, 13.3], [78.58, 13.26], [78.57, 13.2], [78.54, 13.19], [78.57, 13.16], [78.51, 13.12], [78.53, 13.1], [78.5, 13.05], [78.45, 13.03], [78.46, 12.96], [78.42, 12.97], [78.45, 12.85], [78.44, 12.9], [78.4, 12.89], [78.35, 12.93], [78.31, 12.89], [78.32, 12.86], [78.24, 12.85], [78.22, 12.75], [78.12, 12.77], [78.02, 12.85], [77.99, 12.81], [78.01, 12.8], [77.95, 12.85], [77.92, 12.81], [77.92, 12.88], [77.78, 12.83], [77.8, 12.78], [77.73, 12.66], [77.59, 12.66], [77.57, 12.54], [77.61, 12.5], [77.58, 12.47], [77.63, 12.48], [77.61, 12.36], [77.46, 12.24], [77.51, 12.18], [77.6, 12.2], [77.73, 12.17], [77.77, 12.1], [77.69, 12.02], [77.66, 11.94], [77.48, 11.93], [77.42, 11.75], [77.24, 11.8], [77.1, 11.76], [77.11, 11.71], [77.07, 11.73], [77.06, 11.78], [77.02, 11.76], [77.02, 11.8], [76.97, 11.8], [76.96, 11.77], [76.89, 11.78], [76.83, 11.65], [76.84, 11.57], [76.75, 11.61], [76.55, 11.61], [76.54, 11.68], [76.5, 11.7], [76.41, 11.66], [76.41, 11.75], [76.33, 11.73], [76.28, 11.8], [76.21, 11.8], [76.2, 11.86], [76.11, 11.85], [76.11, 11.97], [76.0, 11.92], [75.83, 11.97], [75.8, 12.07], [75.72, 12.06], [75.7, 12.1], [75.66, 12.09], [75.63, 12.15], [75.59, 12.14], [75.53, 12.2], [75.47, 12.3], [75.42, 12.29], [75.42, 12.37], [75.37, 12.4], [75.37, 12.45], [75.42, 12.46], [75.41, 12.5], [75.34, 12.46], [75.27, 12.54], [75.33, 12.59], [75.27, 12.61], [75.22, 12.56], [75.2, 12.63], [75.14, 12.63], [75.15, 12.68], [75.09, 12.7], [75.09, 12.67], [75.04, 12.66], [75.05, 12.72], [74.98, 12.73], [75.01, 12.79], [74.86, 12.76], [74.8, 12.93], [74.77, 13.08], [74.78, 13.06], [74.79, 13.1], [74.77, 13.08], [74.72, 13.32], [74.69, 13.35], [74.72, 13.28], [74.74, 13.29], [74.7, 13.34], [74.68, 13.59], [74.61, 13.84], [74.61, 13.87], [74.63, 13.85], [74.58, 13.94], [74.51, 13.99], [74.47, 14.2], [74.44, 14.22], [74.4, 14.41], [74.35, 14.5], [74.39, 14.55], [74.36, 14.57], [74.35, 14.54], [74.34, 14.57], [74.36, 14.52], [74.31, 14.52], [74.27, 14.72], [74.24, 14.75], [74.19, 14.72], [74.17, 14.77], [74.15, 14.75], [74.15, 14.78], [74.09, 14.8], [74.13, 14.81], [74.11, 14.91], [74.18, 14.91], [74.17, 14.95], [74.21, 14.92], [74.27, 14.97], [74.32, 15.2], [74.26, 15.26], [74.34, 15.29], [74.33, 15.37], [74.28, 15.39], [74.26, 15.5], [74.29, 15.53], [74.25, 15.57], [74.25, 15.67], [74.1, 15.67], [74.13, 15.67], [74.13, 15.72], [74.23, 15.79], [74.24, 15.74], [74.37, 15.78], [74.39, 15.85], [74.34, 15.85], [74.37, 15.89], [74.41, 15.85], [74.39, 15.9], [74.47, 16.03], [74.44, 16.06], [74.37, 16.06], [74.43, 16.11], [74.5, 16.1], [74.5, 16.24], [74.39, 16.29], [74.33, 16.27], [74.35, 16.29], [74.32, 16.35], [74.34, 16.39], [74.36, 16.36], [74.37, 16.4], [74.29, 16.47], [74.3, 16.5], [74.25, 16.49], [74.29, 16.5], [74.27, 16.54], [74.31, 16.53], [74.31, 16.5], [74.32, 16.55], [74.37, 16.56], [74.39, 16.53], [74.4, 16.58], [74.47, 16.6], [74.47, 16.66], [74.49, 16.63], [74.55, 16.63], [74.57, 16.55], [74.64, 16.58], [74.64, 16.61], [74.69, 16.6], [74.66, 16.64], [74.7, 16.67], [74.7, 16.72], [74.92, 16.77], [74.91, 16.86], [74.97, 16.91], [74.93, 16.94], [75.09, 16.95], [75.14, 16.87], [75.23, 16.84], [75.29, 16.88], [75.28, 16.95], [75.39, 16.98], [75.43, 16.96], [75.47, 16.99], [75.49, 16.94], [75.57, 16.96], [75.57, 17.01], [75.6, 17.01], [75.61, 16.97], [75.68, 16.96], [75.67, 17.04], [75.64, 17.04], [75.68, 17.06], [75.68, 17.1], [75.63, 17.16], [75.66, 17.27], [75.63, 17.27], [75.62, 17.33], [75.58, 17.35], [75.64, 17.48], [75.68, 17.46], [75.69, 17.41], [75.77, 17.41], [75.79, 17.37], [75.82, 17.37], [75.82, 17.42], [75.86, 17.39], [75.89, 17.42], [75.89, 17.35], [75.93, 17.32], [76.01, 17.35], [76.09, 17.33], [76.12, 17.37], [76.18, 17.3], [76.17, 17.35], [76.25, 17.37], [76.28, 17.33], [76.34, 17.35], [76.35, 17.31], [76.38, 17.31], [76.41, 17.37], [76.36, 17.38], [76.36, 17.44], [76.33, 17.43], [76.33, 17.47], [76.38, 17.49], [76.34, 17.49], [76.37, 17.52], [76.33, 17.59], [76.42, 17.6], [76.45, 17.66], [76.49, 17.66], [76.52, 17.76], [76.57, 17.76], [76.58, 17.7], [76.61, 17.77], [76.69, 17.68], [76.73, 17.74], [76.71, 17.78], [76.75, 17.78], [76.79, 17.83], [76.74, 17.86], [76.74, 17.9], [76.81, 17.87], [76.92, 17.92], [76.92, 18.03], [76.97, 18.09], [76.92, 18.12], [76.93, 18.16], [76.99, 18.19], [77.11, 18.15], [77.1, 18.2], [77.15, 18.22], [77.17, 18.28], [77.21, 18.28], [77.24, 18.41], [77.33, 18.46], [77.34, 18.44], [77.34, 18.44]]]]}}, {"type": "Feature", "properties": {"NAME_1": "Kerala"}, "geometry": {"type": "MultiPolygon", "coordinates": [[[[76.47, 9.54], [76.47, 9.54], [76.47, 9.54]]], [[[76.4, 9.54], [76.38, 9.53], [76.4, 9.54], [76.4, 9.54]]], [[[76.43, 9.55], [76.41, 9.53], [76.43, 9.55], [76.43, 9.55]]], [[[76.44, 9.55], [76.46, 9.53], [76.44, 9.55], [76.44, 9.55]]], [[[76.41, 9.56], [76.43, 9.55], [76.38, 9.53], [76.41, 9.56], [76.41, 9.56]]], [[[76.39, 9.62], [76.39, 9.62], [76.39, 9.62]]], [[[76.38, 9.71], [76.38, 9.71], [76.38, 9.71]]], [[[76.37, 9.76], [76.37, 9.76], [76.37, 9.76]]], [[[76.32, 9.83], [76.33, 9.81], [76.32, 9.83], [76.32, 9.83]]], [[[76.37, 9.83], [76.37, 9.83], [76.37, 9.83]]], [[[76.37, 9.83], [76.37, 9.83], [76.37, 9.83]]], [[[76.38, 9.84], [76.38, 9.84], [76.38, 9.84]]], [[[76.38, 9.84], [76.38, 9.84], [76.38, 9.84]]], [[[76.29, 9.85], [76.29, 9.85], [76.29, 9.85]]], [[[76.35, 9.87], [76.37, 9.83], [76.35, 9.87], [76.35, 9.87]]], [[[76.31, 9.92], [76.32, 9.89], [76.31, 9.92], [76.31, 9.92]]], [[[76.26, 9.97], [76.29, 9.93], [76.26, 9.97], [76.26, 9.97]]], [[[76.27, 9.97], [76.27, 9.97], [76.27, 9.97]]], [[[76.24, 9.98], [76.24, 9.98], [76.24, 9.98]]], [[[76.27, 10.0], [76.27, 10.0], [76.27, 10.0]]], [[[76.24, 10.01], [76.26, 9.98], [76.24, 10.01], [76.24, 10.01]]], [[[76.25, 10.02], [76.25, 10.02], [76.25, 10.02]]], [[[76.26, 10.03], [76.26, 10.03], [76.26, 10.03]]], [[[76.27, 10.03], [76.27, 10.03], [76.27, 10.03]]], [[[76.24, 10.1], [76.24, 10.1], [76.24, 10.1]]], [[[76.05, 10.54], [76.05, 10.54], [76.05, 10.54]]], [[[76.05, 10.54], [76.05, 10.54], [76.05, 10.54]]], [[[75.84, 11.13], [75.84, 11.13], [75.84, 11.13]]], [[[75.81, 11.16], [75.81, 11.16], [75.81, 11.16]]], [[[75.37, 11.94], [75.37, 11.94], [75.37, 11.94]]], [[[75.37, 11.94], [75.37, 11.94], [75.37, 11.94]]], [[[75.3, 11.96], [75.3, 11.96], [75.3, 11.96]]], [[[75.3, 11.97], [75.3, 11.97], [75.3, 11.97]]], [[[75.29, 11.99], [75.3, 11.97], [75.29, 11.99], [75.29, 11.99]]], [[[75.3, 12.02], [75.3, 12.02], [75.3, 12.02]]], [[[75.3, 12.02], [75.3, 12.02], [75.3, 12.02]]], [[[75.16, 12.11], [75.18, 12.05], [75.16, 12.11], [75.16, 12.11]]], [[[75.16, 12.12], [75.17, 12.1], [75.16, 12.12], [75.16, 12.12]]], [[[75.19, 12.12], [75.19, 12.12], [75.19, 12.12]]], [[[75.15, 12.14], [75.16, 12.12], [75.15, 12.14], [75.15, 12.14]]], [[[75.14, 12.19], [75.15, 12.15], [75.14, 12.19], [75.14, 12.19]]], [[[75.13, 12.19], [75.13, 12.19], [75.13, 12.19]]], [[[75.13, 12.2], [75.13, 12.2], [75.13, 12.2]]], [[[75.13, 12.21], [75.16, 12.11], [75.13, 12.21], [75.13, 12.21]]], [[[75.0, 12.79], [74.98, 12.73], [75.05, 12.72], [75.04, 12.66], [75.09, 12.67], [75.09, 12.7], [75.15, 12.68], [75.14, 12.63], [75.2, 12.63], [75.22, 12.56], [75.27, 12.61], [75.33, 12.59], [75.27, 12.56], [75.28, 12.52], [75.34, 12.49], [75.34, 12.46], [75.41, 12.5], [75.42, 12.46], [75.37, 12.45], [75.37, 12.4], [75.42, 12.37], [75.42, 12.29], [75.47, 12.3], [75.59, 12.14], [75.63, 12.15], [75.65, 12.1], [75.7, 12.1], [75.72, 12.06], [75.8, 12.07], [75.82, 11.98], [75.9, 11.93], [76.0, 11.92], [76.11, 11.97], [76.12, 11.84], [76.2, 11.86], [76.21, 11.8], [76.28, 11.8], [76.31, 11.74], [76.41, 11.75], [76.4, 11.68], [76.44, 11.64], [76.3, 11.56], [76.26, 11.59], [76.23, 11.56], [76.24, 11.46], [76.36, 11.45], [76.54, 11.35], [76.54, 11.29], [76.45, 11.23], [76.45, 11.18], [76.63, 11.19], [76.68, 11.23], [76.73, 11.21], [76.69, 11.14], [76.74, 11.12], [76.73, 11.06], [76.79, 11.03], [76.69, 11.02], [76.65, 10.92], [76.82, 10.86], [76.9, 10.77], [76.86, 10.69], [76.87, 10.63], [76.8, 10.63], [76.83, 10.59], [76.82, 10.29], [76.86, 10.29], [76.89, 10.23], [76.97, 10.21], [77.16, 10.35], [77.22, 10.34], [77.21, 10.31], [77.28, 10.2], [77.26, 10.12], [77.19, 10.11], [77.19, 10.08], [77.24, 10.04], [77.26, 9.95], [77.2, 9.89], [77.23, 9.79], [77.15, 9.61], [77.26, 9.56], [77.29, 9.59], [77.32, 9.56], [77.34, 9.6], [77.35, 9.52], [77.4, 9.5], [77.38, 9.45], [77.33, 9.43], [77.31, 9.33], [77.28, 9.33], [77.25, 9.14], [77.13, 9.01], [77.18, 8.91], [77.2, 8.92], [77.25, 8.85], [77.16, 8.72], [77.27, 8.54], [77.25, 8.5], [77.19, 8.5], [77.21, 8.44], [77.13, 8.38], [77.16, 8.31], [77.08, 8.3], [77.0, 8.36], [76.65, 8.82], [76.54, 8.91], [76.46, 9.13], [76.48, 9.12], [76.49, 9.17], [76.47, 9.14], [76.42, 9.25], [76.45, 9.15], [76.33, 9.43], [76.24, 9.94], [76.26, 9.97], [76.3, 9.92], [76.3, 9.89], [76.26, 9.92], [76.26, 9.88], [76.29, 9.9], [76.3, 9.86], [76.28, 9.83], [76.29, 9.89], [76.32, 9.88], [76.34, 9.71], [76.32, 9.87], [76.37, 9.82], [76.36, 9.7], [76.4, 9.67], [76.36, 9.6], [76.36, 9.52], [76.5, 9.53], [76.42, 9.56], [76.43, 9.64], [76.4, 9.65], [76.42, 9.66], [76.37, 9.77], [76.38, 9.83], [76.4, 9.82], [76.36, 9.91], [76.32, 9.92], [76.32, 9.89], [76.27, 10.03], [76.26, 9.99], [76.27, 10.04], [76.24, 10.07], [76.26, 10.05], [76.27, 10.08], [76.23, 10.13], [76.23, 10.08], [76.21, 10.15], [76.25, 9.97], [76.22, 9.98], [76.17, 10.15], [76.18, 10.18], [76.2, 10.14], [76.19, 10.19], [76.15, 10.2], [76.12, 10.34], [76.03, 10.52], [76.07, 10.55], [76.04, 10.58], [76.03, 10.51], [75.9, 10.81], [75.83, 11.1], [75.86, 11.14], [75.82, 11.13], [75.8, 11.16], [75.83, 11.18], [75.8, 11.16], [75.7, 11.43], [75.62, 11.47], [75.54, 11.7], [75.47, 11.76], [75.51, 11.76], [75.47, 11.77], [75.5, 11.8], [75.45, 11.77], [75.46, 11.81], [75.45, 11.78], [75.39, 11.86], [75.36, 11.85], [75.3, 11.94], [75.38, 11.94], [75.39, 11.91], [75.37, 11.96], [75.35, 11.93], [75.27, 12.0], [75.33, 12.01], [75.3, 12.02], [75.34, 12.04], [75.3, 12.05], [75.31, 12.11], [75.4, 12.14], [75.33, 12.15], [75.28, 12.1], [75.22, 12.1], [75.23, 12.02], [75.2, 12.0], [75.18, 12.04], [75.18, 12.09], [75.22, 12.07], [75.17, 12.08], [75.2, 12.12], [75.17, 12.1], [75.11, 12.21], [74.87, 12.73], [74.88, 12.76], [75.0, 12.79], [75.0, 12.79]]]]}}, {"type": "Feature", "properties": {"NAME_1": "Lakshadweep"}, "geometry": {"type": "MultiPolygon", "coordinates": [[[[73.01, 8.28], [73.01, 8.28], [73.01, 8.28]]], [[[73.08, 8.33], [73.07, 8.28], [73.02, 8.27], [73.06, 8.28], [73.08, 8.33], [73.08, 8.33]]], [[[72.29, 10.05], [72.29, 10.05], [72.29, 10.05]]], [[[73.63, 10.07], [73.63, 10.07], [73.63, 10.07]]], [[[73.63, 10.08], [73.63, 10.08], [73.63, 10.08]]], [[[73.65, 10.1], [73.64, 10.06], [73.65, 10.1], [73.65, 10.1]]], [[[72.33, 10.14], [72.33, 10.12], [72.33, 10.14], [72.33, 10.14]]], [[[73.66, 10.16], [73.66, 10.13], [73.66, 10.16], [73.66, 10.16]]], [[[72.64, 10.58], [72.62, 10.54], [72.64, 10.58], [72.64, 10.58]]], [[[72.17, 10.81], [72.17, 10.81], [72.17, 10.81]]], [[[72.17, 10.82], [72.17, 10.82], [72.17, 10.82]]], [[[73.68, 10.82], [73.66, 10.81], [73.68, 10.82], [73.68, 10.82]]], [[[72.17, 10.82], [72.21, 10.88], [72.17, 10.82], [72.17, 10.82]]], [[[72.29, 10.95], [72.29, 10.95], [72.29, 10.95]]], [[[72.33, 10.95], [72.31, 10.94], [72.33, 10.95], [72.33, 10.95]]], [[[72.33, 10.96], [72.33, 10.96], [72.33, 10.96]]], [[[72.73, 11.14], [72.72, 11.11], [72.73, 11.14], [72.73, 11.14]]], [[[72.11, 11.21], [72.11, 11.21], [72.11, 11.21]]], [[[72.1, 11.22], [72.1, 11.22], [72.1, 11.22]]], [[[72.79, 11.26], [72.76, 11.18], [72.79, 11.26], [72.79, 11.26]]], [[[73.0, 11.49], [73.0, 11.49], [73.0, 11.49]]], [[[73.0, 11.5], [73.01, 11.47], [73.0, 11.5], [73.0, 11.5]]], [[[72.19, 11.6], [72.19, 11.6], [72.19, 11.6]]], [[[72.71, 11.71], [72.7, 11.68], [72.71, 11.71], [72.71, 11.71]]]]}}, {"type": "Feature", "properties": {"NAME_1": "Madhya Pradesh"}, "geometry": {"type": "Polygon", "coordinates": [[[78.36, 26.87], [78.39, 26.82], [78.43, 26.83], [78.55, 26.76], [78.72, 26.8], [78.77, 26.76], [78.81, 26.77], [78.86, 26.7], [78.95, 26.7], [78.94, 26.66], [78.99, 26.69], [79.01, 26.61], [78.98, 26.57], [79.06, 26.5], [79.06, 26.45], [79.13, 26.44], [79.08, 26.41], [79.08, 26.36], [79.13, 26.35], [79.13, 26.32], [79.04, 26.27], [79.06, 26.23], [78.98, 26.2], [79.0, 26.15], [78.94, 26.14], [79.0, 26.07], [78.94, 26.04], [78.93, 25.95], [78.88, 25.92], [78.88, 25.87], [78.85, 25.87], [78.86, 25.79], [78.81, 25.83], [78.82, 25.8], [78.75, 25.75], [78.81, 25.68], [78.81, 25.62], [78.71, 25.61], [78.65, 25.57], [78.6, 25.59], [78.58, 25.56], [78.43, 25.57], [78.42, 25.48], [78.39, 25.45], [78.35, 25.46], [78.29, 25.37], [78.33, 25.35], [78.31, 25.31], [78.35, 25.3], [78.35, 25.25], [78.4, 25.22], [78.38, 25.2], [78.45, 25.17], [78.42, 25.16], [78.44, 25.13], [78.33, 25.09], [78.33, 25.0], [78.16, 24.86], [78.23, 24.78], [78.27, 24.67], [78.26, 24.55], [78.22, 24.52], [78.27, 24.48], [78.26, 24.45], [78.36, 24.39], [78.33, 24.32], [78.38, 24.27], [78.52, 24.39], [78.58, 24.36], [78.67, 24.24], [78.76, 24.26], [78.78, 24.19], [78.81, 24.18], [78.81, 24.21], [78.88, 24.22], [78.91, 24.3], [78.97, 24.35], [78.98, 24.45], [78.94, 24.44], [78.9, 24.48], [78.97, 24.5], [78.88, 24.64], [78.75, 24.6], [78.77, 24.86], [78.7, 24.88], [78.62, 24.96], [78.64, 25.07], [78.6, 25.1], [78.57, 25.26], [78.53, 25.29], [78.43, 25.28], [78.49, 25.32], [78.52, 25.3], [78.54, 25.32], [78.52, 25.36], [78.58, 25.35], [78.56, 25.4], [78.64, 25.41], [78.63, 25.44], [78.69, 25.45], [78.67, 25.4], [78.65, 25.42], [78.66, 25.39], [78.7, 25.39], [78.71, 25.35], [78.77, 25.36], [78.74, 25.41], [78.81, 25.43], [78.72, 25.46], [78.73, 25.5], [78.83, 25.47], [78.85, 25.45], [78.81, 25.45], [78.84, 25.43], [78.86, 25.47], [78.83, 25.52], [78.88, 25.52], [78.87, 25.56], [78.94, 25.56], [78.94, 25.48], [78.9, 25.45], [78.96, 25.44], [78.98, 25.39], [78.94, 25.35], [78.89, 25.38], [78.95, 25.4], [78.87, 25.39], [78.85, 25.34], [78.78, 25.3], [78.81, 25.3], [78.85, 25.23], [78.88, 25.35], [78.93, 25.33], [78.96, 25.35], [78.95, 25.26], [78.92, 25.28], [78.87, 25.25], [78.87, 25.16], [78.94, 25.22], [79.0, 25.2], [78.97, 25.24], [79.0, 25.28], [79.06, 25.23], [79.02, 25.19], [79.02, 25.14], [79.09, 25.19], [79.12, 25.11], [79.17, 25.11], [79.17, 25.15], [79.21, 25.11], [79.24, 25.12], [79.21, 25.15], [79.23, 25.16], [79.28, 25.12], [79.31, 25.17], [79.27, 25.25], [79.35, 25.21], [79.34, 25.27], [79.26, 25.27], [79.26, 25.31], [79.33, 25.34], [79.36, 25.26], [79.36, 25.29], [79.4, 25.26], [79.49, 25.27], [79.46, 25.27], [79.43, 25.24], [79.44, 25.2], [79.41, 25.21], [79.38, 25.17], [79.4, 25.11], [79.41, 25.14], [79.43, 25.11], [79.47, 25.13], [79.46, 25.1], [79.49, 25.08], [79.57, 25.18], [79.6, 25.13], [79.75, 25.14], [79.86, 25.1], [79.85, 25.24], [79.98, 25.26], [80.02, 25.34], [80.08, 25.36], [80.13, 25.34], [80.19, 25.38], [80.19, 25.42], [80.25, 25.4], [80.27, 25.43], [80.31, 25.39], [80.3, 25.29], [80.39, 25.25], [80.42, 25.19], [80.28, 25.06], [80.27, 25.03], [80.31, 25.0], [80.36, 25.03], [80.39, 25.01], [80.36, 25.05], [80.41, 25.08], [80.48, 25.04], [80.5, 25.09], [80.47, 25.1], [80.61, 25.07], [80.59, 25.16], [80.63, 25.13], [80.6, 25.1], [80.66, 25.07], [80.67, 25.09], [80.67, 25.05], [80.78, 25.06], [80.7, 25.14], [80.8, 25.15], [80.83, 25.11], [80.84, 25.19], [80.88, 25.2], [80.91, 25.16], [80.86, 25.12], [80.88, 25.08], [80.83, 25.04], [80.85, 24.99], [80.79, 24.97], [80.8, 24.94], [80.9, 24.94], [80.94, 24.97], [80.95, 24.93], [81.02, 24.93], [81.01, 24.95], [81.05, 24.96], [81.13, 24.89], [81.16, 24.96], [81.21, 24.93], [81.2, 25.0], [81.26, 25.06], [81.27, 25.17], [81.31, 25.17], [81.31, 25.12], [81.32, 25.17], [81.39, 25.12], [81.42, 25.14], [81.44, 25.11], [81.4, 25.11], [81.48, 25.07], [81.51, 25.11], [81.47, 25.14], [81.52, 25.14], [81.51, 25.19], [81.57, 25.2], [81.62, 25.16], [81.59, 25.14], [81.6, 25.1], [81.63, 25.12], [81.6, 25.06], [81.66, 25.08], [81.68, 25.04], [81.73, 25.05], [81.88, 24.99], [81.9, 25.01], [81.9, 24.88], [81.96, 24.83], [82.0, 24.85], [82.11, 24.79], [82.2, 24.82], [82.18, 24.8], [82.21, 24.78], [82.17, 24.74], [82.21, 24.73], [82.24, 24.78], [82.23, 24.67], [82.3, 24.67], [82.29, 24.61], [82.41, 24.6], [82.4, 24.68], [82.43, 24.71], [82.44, 24.68], [82.52, 24.68], [82.53, 24.65], [82.67, 24.7], [82.7, 24.64], [82.76, 24.65], [82.76, 24.6], [82.8, 24.6], [82.8, 24.55], [82.71, 24.56], [82.74, 24.5], [82.71, 24.38], [82.76, 24.38], [82.77, 24.31], [82.73, 24.23], [82.74, 24.17], [82.72, 24.14], [82.67, 24.16], [82.66, 24.12], [82.71, 24.08], [82.77, 24.08], [82.74, 24.02], [82.8, 24.01], [82.81, 23.96], [82.75, 23.92], [82.65, 23.91], [82.66, 23.87], [82.63, 23.84], [82.54, 23.83], [82.52, 23.78], [82.47, 23.81], [82.22, 23.81], [82.2, 23.85], [82.17, 23.82], [82.04, 23.82], [82.01, 23.86], [81.93, 23.87], [81.77, 23.81], [81.66, 23.93], [81.61, 23.91], [81.6, 23.84], [81.63, 23.84], [81.64, 23.77], [81.69, 23.72], [81.57, 23.59], [81.58, 23.55], [81.61, 23.55], [81.61, 23.5], [81.71, 23.53], [81.73, 23.57], [81.8, 23.55], [81.82, 23.51], [81.91, 23.54], [81.98, 23.41], [82.02, 23.42], [82.02, 23.38], [82.1, 23.4], [82.11, 23.35], [82.19, 23.33], [82.19, 23.28], [82.14, 23.23], [82.15, 23.14], [82.12, 23.1], [82.06, 23.12], [82.03, 23.08], [81.92, 23.06], [81.94, 22.96], [81.86, 22.92], [81.86, 22.89], [81.77, 22.87], [81.77, 22.67], [81.74, 22.65], [81.72, 22.68], [81.68, 22.65], [81.62, 22.54], [81.52, 22.54], [81.4, 22.44], [81.38, 22.51], [81.31, 22.52], [81.3, 22.48], [81.27, 22.5], [81.21, 22.45], [81.17, 22.49], [81.1, 22.43], [81.12, 22.3], [81.07, 22.24], [81.02, 22.23], [81.02, 22.13], [80.97, 22.12], [81.0, 22.06], [80.97, 22.05], [80.95, 22.12], [80.91, 22.12], [80.85, 21.96], [80.82, 21.96], [80.83, 21.79], [80.8, 21.74], [80.73, 21.75], [80.73, 21.46], [80.67, 21.34], [80.59, 21.32], [80.49, 21.4], [80.4, 21.38], [80.41, 21.45], [80.37, 21.53], [80.26, 21.62], [80.11, 21.61], [80.06, 21.55], [79.99, 21.53], [79.93, 21.56], [79.92, 21.52], [79.74, 21.6], [79.54, 21.54], [79.46, 21.69], [79.39, 21.67], [79.28, 21.69], [79.26, 21.72], [79.23, 21.72], [79.22, 21.65], [79.15, 21.66], [79.1, 21.6], [78.97, 21.62], [78.91, 21.59], [78.93, 21.49], [78.85, 21.5], [78.78, 21.47], [78.75, 21.49], [78.72, 21.46], [78.6, 21.48], [78.52, 21.53], [78.43, 21.5], [78.42, 21.6], [78.37, 21.62], [78.37, 21.58], [78.26, 21.59], [78.25, 21.56], [78.18, 21.56], [78.18, 21.51], [78.13, 21.47], [77.92, 21.38], [77.8, 21.41], [77.73, 21.36], [77.69, 21.4], [77.67, 21.37], [77.6, 21.39], [77.58, 21.36], [77.49, 21.38], [77.42, 21.52], [77.45, 21.56], [77.61, 21.54], [77.57, 21.56], [77.54, 21.71], [77.48, 21.77], [77.28, 21.76], [77.29, 21.73], [77.22, 21.72], [77.21, 21.69], [77.17, 21.73], [77.06, 21.72], [76.91, 21.6], [76.79, 21.6], [76.79, 21.54], [76.76, 21.52], [76.79, 21.5], [76.78, 21.46], [76.62, 21.34], [76.66, 21.28], [76.62, 21.19], [76.49, 21.2], [76.45, 21.11], [76.38, 21.08], [76.17, 21.08], [76.11, 21.16], [76.17, 21.17], [76.17, 21.21], [76.1, 21.37], [76.05, 21.35], [75.96, 21.4], [75.83, 21.38], [75.61, 21.4], [75.55, 21.37], [75.3, 21.39], [75.3, 21.42], [75.21, 21.41], [75.12, 21.45], [75.05, 21.57], [74.91, 21.63], [74.72, 21.62], [74.51, 21.72], [74.53, 21.91], [74.44, 21.98], [74.45, 22.03], [74.3, 21.97], [74.28, 21.93], [74.15, 21.95], [74.15, 21.99], [74.1, 22.02], [74.18, 22.09], [74.13, 22.1], [74.12, 22.22], [74.07, 22.23], [74.07, 22.36], [74.12, 22.37], [74.13, 22.33], [74.19, 22.32], [74.21, 22.37], [74.29, 22.4], [74.25, 22.44], [74.21, 22.43], [74.2, 22.48], [74.19, 22.44], [74.16, 22.43], [74.14, 22.46], [74.12, 22.42], [74.08, 22.47], [74.09, 22.51], [74.04, 22.49], [74.04, 22.54], [74.16, 22.52], [74.26, 22.64], [74.38, 22.64], [74.48, 22.86], [74.46, 22.92], [74.39, 22.9], [74.36, 22.93], [74.34, 22.96], [74.37, 22.99], [74.32, 23.06], [74.39, 23.11], [74.54, 23.1], [74.67, 23.2], [74.75, 23.21], [74.7, 23.22], [74.72, 23.25], [74.68, 23.28], [74.65, 23.26], [74.58, 23.3], [74.55, 23.28], [74.52, 23.33], [74.61, 23.46], [74.79, 23.55], [74.8, 23.53], [74.85, 23.55], [74.94, 23.63], [74.91, 23.68], [74.94, 23.73], [74.91, 23.91], [74.99, 24.01], [74.98, 24.08], [74.9, 24.17], [74.88, 24.22], [74.91, 24.25], [74.88, 24.28], [74.75, 24.28], [74.86, 24.47], [74.71, 24.51], [74.82, 24.67], [74.78, 24.69], [74.8, 24.8], [74.89, 24.66], [74.94, 24.66], [75.0, 24.71], [75.02, 24.79], [74.88, 24.81], [74.85, 24.79], [74.83, 24.97], [74.9, 24.94], [74.92, 24.89], [75.05, 24.86], [75.12, 24.89], [75.12, 24.98], [75.16, 24.99], [75.16, 25.05], [75.31, 25.05], [75.35, 25.04], [75.32, 25.01], [75.34, 24.96], [75.31, 24.9], [75.28, 24.98], [75.29, 24.92], [75.26, 24.89], [75.42, 24.89], [75.42, 24.86], [75.31, 24.81], [75.27, 24.86], [75.23, 24.86], [75.25, 24.9], [75.21, 24.91], [75.2, 24.88], [75.25, 24.84], [75.19, 24.79], [75.22, 24.72], [75.23, 24.74], [75.45, 24.69], [75.58, 24.72], [75.63, 24.69], [75.79, 24.77], [75.84, 24.73], [75.83, 24.61], [75.92, 24.57], [75.93, 24.53], [75.89, 24.52], [75.91, 24.46], [75.83, 24.42], [75.79, 24.48], [75.73, 24.4], [75.83, 24.25], [75.77, 24.22], [75.74, 24.14], [75.84, 24.1], [75.73, 23.97], [75.7, 23.97], [75.67, 24.03], [75.58, 23.99], [75.51, 24.05], [75.46, 23.98], [75.46, 23.92], [75.54, 23.88], [75.58, 23.8], [75.65, 23.8], [75.68, 23.76], [75.69, 23.82], [75.73, 23.85], [75.7, 23.9], [75.78, 23.85], [75.98, 23.93], [75.96, 24.03], [76.13, 24.1], [76.14, 24.29], [76.19, 24.33], [76.21, 24.22], [76.36, 24.25], [76.41, 24.21], [76.47, 24.23], [76.54, 24.16], [76.58, 24.18], [76.59, 24.25], [76.69, 24.29], [76.67, 24.19], [76.71, 24.16], [76.76, 24.17], [76.8, 24.12], [76.9, 24.13], [76.94, 24.21], [76.84, 24.33], [76.85, 24.49], [76.81, 24.53], [76.9, 24.55], [76.91, 24.49], [76.97, 24.46], [77.05, 24.53], [77.06, 24.64], [77.03, 24.71], [76.98, 24.72], [76.95, 24.77], [76.85, 24.75], [76.8, 24.82], [76.95, 24.87], [76.91, 24.89], [76.92, 24.92], [76.89, 24.92], [76.85, 25.01], [76.98, 25.08], [77.08, 25.06], [77.2, 25.12], [77.26, 25.12], [77.3, 25.08], [77.4, 25.11], [77.41, 25.23], [77.35, 25.27], [77.36, 25.41], [77.31, 25.44], [77.23, 25.39], [77.21, 25.31], [77.07, 25.34], [76.96, 25.28], [76.87, 25.33], [76.77, 25.31], [76.77, 25.34], [76.61, 25.38], [76.52, 25.52], [76.51, 25.68], [76.48, 25.72], [76.53, 25.73], [76.53, 25.8], [76.6, 25.88], [76.63, 25.87], [76.64, 25.91], [76.73, 25.9], [76.75, 25.94], [76.81, 25.95], [76.88, 26.09], [76.99, 26.13], [77.02, 26.18], [77.09, 26.19], [77.12, 26.24], [77.21, 26.24], [77.33, 26.36], [77.43, 26.36], [77.43, 26.41], [77.52, 26.41], [77.67, 26.51], [77.71, 26.5], [77.74, 26.55], [77.81, 26.55], [77.82, 26.6], [77.88, 26.62], [77.9, 26.67], [77.94, 26.66], [77.99, 26.7], [78.09, 26.68], [78.09, 26.74], [78.12, 26.75], [78.1, 26.8], [78.18, 26.79], [78.16, 26.83], [78.27, 26.82], [78.27, 26.86], [78.36, 26.87], [78.36, 26.87]]]}}, {"type": "Feature", "properties": {"NAME_1": "Maharashtra"}, "geometry": {"type": "MultiPolygon", "coordinates": [[[[73.46, 15.89], [73.46, 15.89], [73.46, 15.89]]], [[[73.46, 15.89], [73.46, 15.89], [73.46, 15.89]]], [[[73.47, 15.9], [73.47, 15.9], [73.47, 15.9]]], [[[73.46, 16.05], [73.46, 16.05], [73.46, 16.05]]], [[[73.44, 16.1], [73.44, 16.1], [73.44, 16.1]]], [[[73.08, 17.82], [73.08, 17.82], [73.08, 17.82]]], [[[73.04, 18.05], [73.04, 18.05], [73.04, 18.05]]], [[[72.97, 18.3], [72.97, 18.3], [72.97, 18.3]]], [[[73.08, 18.31], [73.08, 18.31], [73.08, 18.31]]], [[[73.08, 18.32], [73.08, 18.32], [73.08, 18.32]]], [[[72.86, 18.64], [72.86, 18.64], [72.86, 18.64]]], [[[72.81, 18.71], [72.81, 18.71], [72.81, 18.71]]], [[[72.84, 18.71], [72.84, 18.71], [72.84, 18.71]]], [[[72.9, 18.96], [72.9, 18.96], [72.9, 18.96]]], [[[72.94, 18.97], [72.93, 18.95], [72.94, 18.97], [72.94, 18.97]]], [[[73.03, 19.0], [73.03, 19.0], [73.03, 19.0]]], [[[72.78, 19.14], [72.78, 19.14], [72.78, 19.14]]], [[[72.73, 19.47], [72.73, 19.47], [72.73, 19.47]]], [[[74.44, 22.03], [74.44, 21.98], [74.53, 21.91], [74.51, 21.72], [74.55, 21.72], [74.59, 21.66], [74.78, 21.61], [74.91, 21.63], [75.05, 21.57], [75.12, 21.45], [75.21, 21.41], [75.3, 21.42], [75.3, 21.39], [75.55, 21.37], [75.61, 21.4], [75.62, 21.38], [75.96, 21.4], [76.05, 21.35], [76.1, 21.37], [76.17, 21.21], [76.17, 21.17], [76.11, 21.16], [76.17, 21.08], [76.38, 21.08], [76.45, 21.11], [76.49, 21.2], [76.62, 21.19], [76.66, 21.25], [76.62, 21.34], [76.78, 21.46], [76.79, 21.5], [76.76, 21.52], [76.79, 21.54], [76.79, 21.6], [76.91, 21.6], [77.06, 21.72], [77.17, 21.73], [77.21, 21.69], [77.22, 21.72], [77.28, 21.72], [77.28, 21.76], [77.48, 21.77], [77.54, 21.71], [77.57, 21.56], [77.61, 21.54], [77.45, 21.56], [77.42, 21.52], [77.47, 21.46], [77.48, 21.39], [77.58, 21.36], [77.6, 21.39], [77.67, 21.37], [77.69, 21.4], [77.73, 21.36], [77.8, 21.41], [77.92, 21.38], [78.13, 21.47], [78.18, 21.51], [78.18, 21.56], [78.25, 21.56], [78.26, 21.59], [78.37, 21.58], [78.37, 21.62], [78.42, 21.6], [78.43, 21.5], [78.52, 21.53], [78.6, 21.48], [78.72, 21.46], [78.75, 21.49], [78.76, 21.47], [78.93, 21.49], [78.91, 21.59], [78.97, 21.62], [79.1, 21.6], [79.15, 21.66], [79.22, 21.65], [79.23, 21.72], [79.39, 21.67], [79.46, 21.69], [79.54, 21.54], [79.74, 21.6], [79.92, 21.52], [79.93, 21.56], [79.99, 21.53], [80.06, 21.55], [80.11, 21.61], [80.26, 21.62], [80.37, 21.53], [80.41, 21.45], [80.4, 21.38], [80.49, 21.4], [80.59, 21.32], [80.67, 21.32], [80.6, 21.22], [80.45, 21.17], [80.43, 21.1], [80.44, 20.96], [80.46, 20.93], [80.54, 20.93], [80.54, 20.79], [80.58, 20.69], [80.48, 20.64], [80.48, 20.61], [80.52, 20.58], [80.62, 20.61], [80.59, 20.45], [80.62, 20.33], [80.38, 20.24], [80.41, 20.21], [80.39, 20.14], [80.5, 20.14], [80.55, 20.07], [80.52, 19.93], [80.41, 19.94], [80.41, 19.9], [80.48, 19.9], [80.5, 19.87], [80.39, 19.79], [80.48, 19.77], [80.46, 19.81], [80.48, 19.83], [80.54, 19.82], [80.54, 19.77], [80.67, 19.69], [80.66, 19.61], [80.82, 19.57], [80.88, 19.52], [80.89, 19.46], [80.79, 19.43], [80.85, 19.36], [80.73, 19.28], [80.69, 19.28], [80.67, 19.33], [80.6, 19.31], [80.57, 19.4], [80.48, 19.34], [80.45, 19.27], [80.38, 19.24], [80.39, 19.19], [80.32, 19.14], [80.32, 19.06], [80.27, 19.0], [80.26, 18.94], [80.34, 18.86], [80.35, 18.81], [80.24, 18.76], [80.27, 18.72], [80.25, 18.7], [80.1, 18.68], [80.01, 18.77], [79.93, 18.78], [79.89, 18.83], [79.94, 18.86], [79.94, 18.96], [79.92, 19.05], [79.86, 19.03], [79.86, 19.12], [79.94, 19.16], [79.92, 19.23], [79.97, 19.41], [79.92, 19.49], [79.82, 19.54], [79.81, 19.58], [79.78, 19.6], [79.64, 19.58], [79.6, 19.5], [79.54, 19.55], [79.47, 19.5], [79.37, 19.57], [79.24, 19.61], [79.22, 19.46], [79.18, 19.46], [79.05, 19.55], [78.95, 19.55], [78.98, 19.58], [78.97, 19.65], [78.86, 19.66], [78.85, 19.76], [78.71, 19.77], [78.6, 19.82], [78.52, 19.82], [78.49, 19.79], [78.38, 19.88], [78.32, 19.89], [78.34, 19.91], [78.32, 19.92], [78.29, 19.85], [78.34, 19.84], [78.37, 19.78], [78.35, 19.71], [78.27, 19.67], [78.31, 19.61], [78.31, 19.57], [78.28, 19.56], [78.31, 19.46], [78.18, 19.41], [78.18, 19.24], [78.05, 19.24], [78.05, 19.27], [77.95, 19.34], [77.86, 19.3], [77.91, 19.27], [77.87, 19.26], [77.84, 19.19], [77.85, 19.09], [77.8, 19.1], [77.8, 19.05], [77.76, 19.06], [77.76, 19.02], [77.77, 18.98], [77.82, 18.98], [77.81, 18.95], [77.85, 18.95], [77.84, 18.91], [77.88, 18.91], [77.95, 18.83], [77.84, 18.81], [77.79, 18.68], [77.76, 18.71], [77.73, 18.68], [77.74, 18.55], [77.6, 18.55], [77.6, 18.47], [77.55, 18.47], [77.59, 18.45], [77.53, 18.44], [77.56, 18.42], [77.52, 18.36], [77.57, 18.32], [77.55, 18.29], [77.51, 18.31], [77.47, 18.26], [77.44, 18.31], [77.36, 18.31], [77.41, 18.39], [77.33, 18.46], [77.24, 18.41], [77.21, 18.28], [77.17, 18.28], [77.15, 18.22], [77.1, 18.2], [77.11, 18.15], [76.96, 18.19], [76.92, 18.12], [76.97, 18.1], [76.92, 18.03], [76.92, 17.92], [76.81, 17.87], [76.74, 17.9], [76.74, 17.86], [76.79, 17.83], [76.75, 17.78], [76.71, 17.78], [76.73, 17.74], [76.69, 17.68], [76.61, 17.77], [76.58, 17.7], [76.57, 17.76], [76.52, 17.76], [76.49, 17.66], [76.45, 17.66], [76.42, 17.6], [76.33, 17.59], [76.37, 17.52], [76.34, 17.49], [76.38, 17.49], [76.33, 17.47], [76.33, 17.43], [76.36, 17.44], [76.36, 17.38], [76.41, 17.37], [76.38, 17.31], [76.35, 17.31], [76.34, 17.35], [76.28, 17.33], [76.25, 17.37], [76.18, 17.36], [76.18, 17.3], [76.12, 17.37], [76.09, 17.33], [76.01, 17.35], [75.93, 17.32], [75.89, 17.35], [75.89, 17.42], [75.86, 17.39], [75.82, 17.42], [75.82, 17.37], [75.79, 17.37], [75.77, 17.41], [75.69, 17.41], [75.68, 17.46], [75.64, 17.48], [75.58, 17.35], [75.62, 17.33], [75.63, 17.27], [75.66, 17.27], [75.63, 17.16], [75.68, 17.1], [75.68, 17.06], [75.64, 17.04], [75.67, 17.04], [75.68, 16.96], [75.61, 16.97], [75.6, 17.01], [75.57, 17.01], [75.57, 16.96], [75.49, 16.94], [75.47, 16.99], [75.43, 16.96], [75.39, 16.98], [75.28, 16.95], [75.29, 16.88], [75.23, 16.84], [75.14, 16.87], [75.09, 16.95], [74.93, 16.94], [74.97, 16.91], [74.91, 16.86], [74.92, 16.77], [74.7, 16.72], [74.7, 16.67], [74.66, 16.64], [74.69, 16.6], [74.64, 16.61], [74.64, 16.58], [74.57, 16.55], [74.55, 16.63], [74.49, 16.63], [74.47, 16.66], [74.47, 16.6], [74.4, 16.58], [74.39, 16.53], [74.37, 16.56], [74.32, 16.55], [74.31, 16.5], [74.31, 16.53], [74.27, 16.54], [74.29, 16.5], [74.25, 16.49], [74.3, 16.5], [74.29, 16.47], [74.37, 16.4], [74.36, 16.36], [74.34, 16.39], [74.32, 16.35], [74.35, 16.29], [74.33, 16.27], [74.39, 16.29], [74.51, 16.22], [74.5, 16.1], [74.43, 16.11], [74.37, 16.06], [74.44, 16.06], [74.47, 16.03], [74.39, 15.9], [74.41, 15.85], [74.37, 15.89], [74.34, 15.85], [74.39, 15.85], [74.35, 15.76], [74.24, 15.74], [74.23, 15.79], [74.13, 15.72], [74.13, 15.67], [74.1, 15.67], [74.13, 15.65], [74.03, 15.6], [73.97, 15.64], [73.95, 15.74], [73.88, 15.75], [73.87, 15.8], [73.79, 15.72], [73.68, 15.72], [73.6, 15.9], [73.5, 15.95], [73.49, 16.03], [73.45, 16.06], [73.47, 16.07], [73.45, 16.22], [73.43, 16.2], [73.41, 16.26], [73.44, 16.29], [73.41, 16.28], [73.39, 16.31], [73.41, 16.36], [73.37, 16.36], [73.37, 16.39], [73.41, 16.4], [73.37, 16.4], [73.31, 16.53], [73.34, 16.56], [73.35, 16.5], [73.39, 16.51], [73.35, 16.53], [73.37, 16.54], [73.35, 16.56], [73.39, 16.56], [73.32, 16.58], [73.32, 16.61], [73.35, 16.59], [73.35, 16.63], [73.32, 16.64], [73.34, 16.69], [73.3, 16.75], [73.33, 16.82], [73.29, 16.83], [73.31, 16.89], [73.28, 16.89], [73.29, 16.99], [73.25, 17.03], [73.27, 17.05], [73.29, 17.01], [73.28, 17.04], [73.32, 17.04], [73.28, 17.04], [73.29, 17.11], [73.23, 17.19], [73.25, 17.2], [73.23, 17.26], [73.19, 17.29], [73.2, 17.31], [73.23, 17.28], [73.24, 17.32], [73.21, 17.39], [73.17, 17.39], [73.21, 17.44], [73.18, 17.45], [73.18, 17.52], [73.14, 17.54], [73.17, 17.59], [73.11, 17.68], [73.14, 17.72], [73.09, 17.84], [73.13, 17.84], [73.13, 17.82], [73.09, 17.84], [73.08, 17.9], [73.05, 17.9], [73.05, 17.93], [73.09, 17.94], [73.03, 17.94], [73.04, 17.99], [73.0, 18.02], [73.05, 18.04], [72.99, 18.05], [73.0, 18.09], [72.97, 18.12], [72.99, 18.2], [72.93, 18.22], [72.95, 18.29], [72.98, 18.24], [73.07, 18.23], [73.06, 18.18], [73.09, 18.15], [73.04, 18.3], [73.09, 18.29], [73.09, 18.33], [73.07, 18.3], [73.04, 18.31], [73.03, 18.26], [72.91, 18.35], [72.93, 18.39], [72.89, 18.46], [72.9, 18.54], [72.93, 18.54], [72.88, 18.63], [72.9, 18.64], [72.86, 18.65], [72.86, 18.8], [72.92, 18.79], [72.94, 18.83], [72.98, 18.8], [72.99, 18.87], [72.92, 18.85], [72.91, 18.9], [72.96, 18.91], [72.95, 18.97], [73.03, 19.0], [72.96, 19.06], [72.91, 18.99], [72.87, 19.01], [72.84, 18.92], [72.8, 18.9], [72.83, 18.92], [72.79, 18.95], [72.84, 19.05], [72.82, 19.04], [72.83, 19.1], [72.8, 19.14], [72.83, 19.18], [72.8, 19.13], [72.78, 19.17], [72.84, 19.27], [72.78, 19.19], [72.8, 19.33], [72.74, 19.46], [72.79, 19.53], [72.77, 19.5], [72.72, 19.53], [72.71, 19.6], [72.74, 19.6], [72.69, 19.73], [72.72, 19.76], [72.69, 19.74], [72.7, 19.81], [72.69, 19.79], [72.65, 19.86], [72.68, 19.86], [72.66, 19.93], [72.7, 19.97], [72.76, 19.93], [72.71, 20.02], [72.74, 20.14], [72.84, 20.14], [72.83, 20.19], [72.87, 20.23], [72.97, 20.21], [72.99, 20.18], [72.97, 20.13], [72.99, 20.11], [73.01, 20.14], [73.03, 20.08], [73.14, 20.09], [73.18, 20.05], [73.23, 20.14], [73.26, 20.12], [73.29, 20.15], [73.29, 20.2], [73.43, 20.2], [73.43, 20.34], [73.39, 20.39], [73.43, 20.41], [73.5, 20.54], [73.48, 20.59], [73.4, 20.64], [73.44, 20.66], [73.45, 20.71], [73.49, 20.71], [73.5, 20.65], [73.54, 20.67], [73.61, 20.64], [73.63, 20.58], [73.68, 20.56], [73.85, 20.62], [73.82, 20.69], [73.95, 20.74], [73.91, 20.98], [73.77, 21.01], [73.75, 21.11], [73.63, 21.12], [73.59, 21.17], [73.61, 21.18], [73.64, 21.13], [73.82, 21.17], [73.83, 21.27], [73.89, 21.26], [73.95, 21.3], [73.95, 21.4], [74.05, 21.42], [74.07, 21.48], [74.1, 21.45], [74.22, 21.48], [74.26, 21.46], [74.33, 21.49], [74.34, 21.54], [74.31, 21.54], [74.31, 21.57], [74.27, 21.53], [74.06, 21.56], [73.86, 21.5], [73.79, 21.63], [73.89, 21.65], [73.9, 21.7], [73.81, 21.82], [74.14, 21.95], [74.28, 21.93], [74.3, 21.97], [74.44, 22.03], [74.44, 22.03]]]]}}, {"type": "Feature", "properties": {"NAME_1": "Manipur"}, "geometry": {"type": "Polygon", "coordinates": [[[94.58, 25.65], [94.6, 25.64], [94.56, 25.59], [94.56, 25.51], [94.68, 25.46], [94.68, 25.42], [94.63, 25.39], [94.59, 25.21], [94.75, 25.14], [94.75, 25.04], [94.7, 24.98], [94.72, 24.94], [94.63, 24.83], [94.63, 24.75], [94.59, 24.71], [94.55, 24.72], [94.54, 24.64], [94.46, 24.57], [94.43, 24.49], [94.4, 24.49], [94.41, 24.43], [94.33, 24.34], [94.26, 24.17], [94.25, 24.06], [94.23, 24.07], [94.25, 24.04], [94.19, 23.97], [94.2, 23.94], [94.17, 23.94], [94.16, 23.85], [94.12, 23.84], [94.1, 23.89], [93.93, 23.96], [93.81, 23.93], [93.76, 24.01], [93.63, 24.02], [93.61, 23.97], [93.56, 23.99], [93.51, 23.95], [93.47, 23.97], [93.42, 24.08], [93.36, 24.11], [93.33, 24.09], [93.34, 24.05], [93.26, 24.02], [93.25, 24.09], [93.22, 24.05], [93.17, 24.05], [93.15, 24.09], [93.1, 24.05], [93.08, 24.1], [92.97, 24.12], [93.01, 24.16], [93.01, 24.29], [93.04, 24.32], [93.0, 24.4], [93.04, 24.41], [93.06, 24.57], [93.11, 24.58], [93.08, 24.59], [93.11, 24.81], [93.15, 24.79], [93.2, 24.81], [93.19, 24.84], [93.26, 24.95], [93.25, 25.02], [93.34, 25.1], [93.35, 25.18], [93.42, 25.28], [93.47, 25.31], [93.51, 25.24], [93.56, 25.25], [93.61, 25.2], [93.69, 25.36], [93.81, 25.46], [93.77, 25.54], [93.83, 25.56], [93.97, 25.56], [94.01, 25.57], [94.01, 25.6], [94.09, 25.56], [94.09, 25.53], [94.14, 25.52], [94.16, 25.56], [94.21, 25.5], [94.31, 25.49], [94.42, 25.54], [94.42, 25.58], [94.51, 25.62], [94.57, 25.7], [94.6, 25.69], [94.58, 25.65], [94.58, 25.65]]]}}, {"type": "Feature", "properties": {"NAME_1": "Meghalaya"}, "geometry": {"type": "Polygon", "coordinates": [[[91.85, 26.1], [91.88, 26.1], [91.87, 26.05], [91.92, 26.0], [91.99, 26.04], [92.12, 26.04], [92.17, 26.08], [92.3, 26.08], [92.16, 25.95], [92.16, 25.91], [92.23, 25.91], [92.15, 25.81], [92.16, 25.67], [92.23, 25.72], [92.39, 25.75], [92.5, 25.62], [92.56, 25.61], [92.57, 25.56], [92.66, 25.59], [92.57, 25.46], [92.6, 25.47], [92.61, 25.42], [92.65, 25.44], [92.74, 25.38], [92.79, 25.32], [92.76, 25.25], [92.8, 25.21], [92.66, 25.18], [92.62, 25.12], [92.52, 25.14], [92.54, 25.1], [92.48, 25.11], [92.44, 25.03], [92.14, 25.14], [92.15, 25.16], [92.09, 25.19], [91.75, 25.18], [91.75, 25.15], [91.71, 25.16], [91.65, 25.12], [91.6, 25.15], [91.62, 25.18], [91.47, 25.13], [91.43, 25.17], [91.29, 25.2], [91.08, 25.2], [90.94, 25.16], [90.77, 25.18], [90.74, 25.15], [90.67, 25.17], [90.67, 25.2], [90.65, 25.17], [90.52, 25.18], [90.45, 25.14], [90.35, 25.19], [90.08, 25.24], [89.98, 25.3], [89.83, 25.3], [89.85, 25.31], [89.82, 25.39], [89.88, 25.49], [89.87, 25.55], [90.02, 25.6], [89.89, 25.74], [89.93, 25.74], [89.96, 25.77], [89.94, 25.82], [90.0, 25.84], [90.0, 25.88], [90.11, 25.96], [90.18, 25.94], [90.32, 25.97], [90.36, 26.01], [90.43, 25.99], [90.48, 26.02], [90.53, 25.96], [90.51, 25.9], [90.58, 25.96], [90.63, 25.94], [90.61, 25.9], [90.74, 25.96], [90.74, 25.91], [90.81, 25.95], [90.88, 25.95], [90.92, 25.91], [90.94, 25.95], [90.97, 25.89], [91.03, 25.89], [91.0, 25.82], [91.2, 25.86], [91.18, 25.77], [91.22, 25.72], [91.29, 25.76], [91.33, 25.84], [91.53, 25.87], [91.53, 25.89], [91.47, 25.87], [91.54, 25.93], [91.5, 25.92], [91.57, 26.03], [91.63, 26.02], [91.64, 25.96], [91.61, 25.94], [91.68, 25.91], [91.72, 25.95], [91.73, 26.06], [91.82, 26.12], [91.85, 26.1], [91.85, 26.1]]]}}, {"type": "Feature", "properties": {"NAME_1": "Mizoram"}, "geometry": {"type": "Polygon", "coordinates": [[[92.8, 24.42], [92.83, 24.38], [92.91, 24.41], [93.02, 24.39], [93.03, 24.23], [92.98, 24.11], [93.08, 24.1], [93.1, 24.05], [93.14, 24.09], [93.17, 24.05], [93.22, 24.05], [93.25, 24.09], [93.26, 24.02], [93.34, 24.05], [93.33, 23.99], [93.4, 23.93], [93.4, 23.77], [93.44, 23.7], [93.41, 23.39], [93.37, 23.36], [93.39, 23.14], [93.36, 23.07], [93.29, 23.0], [93.24, 23.01], [93.21, 23.06], [93.13, 23.05], [93.17, 22.92], [93.12, 22.87], [93.09, 22.71], [93.15, 22.59], [93.11, 22.53], [93.13, 22.47], [93.19, 22.43], [93.21, 22.26], [93.15, 22.25], [93.16, 22.18], [93.09, 22.21], [93.04, 22.19], [93.07, 22.1], [93.02, 22.11], [93.01, 21.98], [92.95, 22.03], [92.92, 21.95], [92.87, 22.07], [92.84, 22.06], [92.73, 22.15], [92.7, 22.15], [92.7, 22.08], [92.68, 22.11], [92.69, 22.02], [92.61, 21.98], [92.57, 22.12], [92.61, 22.12], [92.61, 22.18], [92.53, 22.56], [92.54, 22.63], [92.45, 22.9], [92.38, 22.93], [92.36, 23.24], [92.41, 23.26], [92.32, 23.47], [92.32, 23.56], [92.28, 23.63], [92.3, 23.69], [92.26, 23.79], [92.29, 23.82], [92.27, 23.85], [92.32, 23.86], [92.33, 23.9], [92.31, 24.03], [92.34, 24.15], [92.29, 24.24], [92.42, 24.25], [92.42, 24.19], [92.47, 24.13], [92.53, 24.17], [92.55, 24.25], [92.62, 24.26], [92.62, 24.33], [92.69, 24.35], [92.76, 24.52], [92.8, 24.42], [92.8, 24.42]]]}}, {"type": "Feature", "properties": {"NAME_1": "Nagaland"}, "geometry": {"type": "Polygon", "coordinates": [[[95.21, 26.94], [95.23, 26.89], [95.18, 26.86], [95.24, 26.79], [95.24, 26.69], [95.15, 26.62], [95.15, 26.57], [95.07, 26.47], [95.11, 26.43], [95.1, 26.4], [95.14, 26.39], [95.12, 26.1], [95.19, 26.08], [95.14, 26.0], [95.02, 25.91], [95.05, 25.76], [94.94, 25.68], [94.9, 25.57], [94.84, 25.56], [94.81, 25.49], [94.65, 25.46], [94.56, 25.51], [94.56, 25.59], [94.6, 25.64], [94.6, 25.69], [94.57, 25.7], [94.51, 25.62], [94.42, 25.58], [94.42, 25.54], [94.31, 25.49], [94.21, 25.5], [94.16, 25.56], [94.14, 25.52], [94.09, 25.53], [94.09, 25.56], [94.01, 25.6], [94.01, 25.57], [93.97, 25.56], [93.83, 25.56], [93.77, 25.54], [93.81, 25.46], [93.69, 25.36], [93.61, 25.2], [93.56, 25.25], [93.5, 25.25], [93.51, 25.28], [93.48, 25.28], [93.45, 25.34], [93.48, 25.38], [93.46, 25.44], [93.4, 25.46], [93.33, 25.55], [93.49, 25.65], [93.57, 25.76], [93.71, 25.85], [93.69, 25.91], [93.77, 25.97], [93.8, 25.92], [93.78, 25.86], [93.8, 25.81], [93.83, 25.86], [93.89, 25.85], [93.98, 25.92], [93.95, 26.01], [93.99, 26.07], [94.0, 26.17], [94.12, 26.34], [94.18, 26.34], [94.17, 26.42], [94.28, 26.56], [94.29, 26.48], [94.32, 26.46], [94.4, 26.53], [94.41, 26.62], [94.46, 26.64], [94.46, 26.67], [94.54, 26.71], [94.57, 26.69], [94.6, 26.74], [94.66, 26.72], [94.76, 26.77], [94.89, 26.94], [95.02, 26.92], [95.2, 27.04], [95.21, 26.94], [95.21, 26.94]]]}}, {"type": "Feature", "properties": {"NAME_1": "Orissa"}, "geometry": {"type": "MultiPolygon", "coordinates": [[[[84.77, 19.11], [84.77, 19.11], [84.77, 19.11]]], [[[84.76, 19.11], [84.76, 19.11], [84.76, 19.11]]], [[[84.78, 19.11], [84.76, 19.07], [84.73, 19.09], [84.78, 19.11], [84.78, 19.11]]], [[[86.24, 19.91], [86.24, 19.91], [86.24, 19.91]]], [[[86.37, 19.95], [86.37, 19.95], [86.37, 19.95]]], [[[86.39, 19.96], [86.39, 19.96], [86.39, 19.96]]], [[[86.39, 19.97], [86.39, 19.97], [86.39, 19.97]]], [[[86.37, 19.97], [86.37, 19.97], [86.37, 19.97]]], [[[86.32, 19.99], [86.32, 19.99], [86.32, 19.99]]], [[[86.32, 20.0], [86.32, 20.0], [86.32, 20.0]]], [[[86.34, 19.99], [86.33, 20.01], [86.34, 19.99], [86.34, 19.99]]], [[[86.31, 20.02], [86.31, 20.02], [86.31, 20.02]]], [[[86.25, 20.03], [86.25, 20.03], [86.25, 20.03]]], [[[86.41, 20.02], [86.41, 20.02], [86.41, 20.02]]], [[[86.27, 20.02], [86.27, 20.02], [86.27, 20.02]]], [[[86.32, 20.03], [86.32, 20.03], [86.32, 20.03]]], [[[86.32, 20.03], [86.3, 20.02], [86.32, 20.03], [86.32, 20.03]]], [[[86.27, 20.03], [86.27, 20.03], [86.27, 20.03]]], [[[86.31, 20.04], [86.31, 20.04], [86.31, 20.04]]], [[[86.3, 20.04], [86.3, 20.04], [86.3, 20.04]]], [[[86.43, 20.04], [86.43, 20.04], [86.43, 20.04]]], [[[86.29, 20.05], [86.29, 20.05], [86.29, 20.05]]], [[[86.27, 20.06], [86.31, 20.03], [86.24, 20.03], [86.27, 20.06], [86.27, 20.06]]], [[[86.26, 20.06], [86.26, 20.06], [86.26, 20.06]]], [[[86.44, 20.06], [86.44, 20.06], [86.44, 20.06]]], [[[86.49, 20.15], [86.49, 20.15], [86.49, 20.15]]], [[[86.5, 20.18], [86.49, 20.16], [86.5, 20.18], [86.5, 20.18]]], [[[86.55, 20.21], [86.55, 20.21], [86.55, 20.21]]], [[[86.79, 20.37], [86.79, 20.37], [86.79, 20.37]]], [[[86.79, 20.38], [86.79, 20.38], [86.79, 20.38]]], [[[86.79, 20.38], [86.79, 20.38], [86.79, 20.38]]], [[[86.8, 20.42], [86.81, 20.37], [86.8, 20.42], [86.8, 20.42]]], [[[86.79, 20.39], [86.79, 20.43], [86.79, 20.39], [86.79, 20.39]]], [[[86.8, 20.46], [86.8, 20.46], [86.8, 20.46]]], [[[86.81, 20.49], [86.8, 20.46], [86.81, 20.49], [86.81, 20.49]]], [[[86.87, 20.67], [86.87, 20.67], [86.87, 20.67]]], [[[86.8, 20.69], [86.79, 20.67], [86.8, 20.69], [86.8, 20.69]]], [[[87.0, 20.71], [87.0, 20.71], [87.0, 20.71]]], [[[87.01, 20.71], [87.01, 20.71], [87.01, 20.71]]], [[[87.06, 20.74], [87.06, 20.74], [87.06, 20.74]]], [[[87.07, 20.74], [87.07, 20.74], [87.07, 20.74]]], [[[87.09, 20.76], [87.07, 20.75], [87.09, 20.76], [87.09, 20.76]]], [[[86.87, 20.77], [87.0, 20.77], [87.0, 20.71], [86.93, 20.72], [86.86, 20.66], [86.88, 20.73], [86.85, 20.65], [86.8, 20.68], [86.82, 20.64], [86.78, 20.64], [86.82, 20.75], [86.87, 20.77], [86.87, 20.77]]], [[[86.88, 20.78], [86.88, 20.78], [86.88, 20.78]]], [[[86.86, 20.78], [86.86, 20.78], [86.86, 20.78]]], [[[86.98, 20.78], [86.98, 20.78], [86.98, 20.78]]], [[[86.95, 20.78], [86.95, 20.78], [86.95, 20.78]]], [[[86.88, 20.79], [86.95, 20.77], [86.88, 20.79], [86.88, 20.79]]], [[[87.02, 20.8], [87.0, 20.83], [87.02, 20.8], [87.02, 20.8]]], [[[87.12, 21.52], [87.12, 21.52], [87.12, 21.52]]], [[[86.08, 22.53], [86.11, 22.48], [86.28, 22.45], [86.32, 22.38], [86.43, 22.3], [86.44, 22.33], [86.5, 22.34], [86.52, 22.3], [86.64, 22.27], [86.65, 22.23], [86.72, 22.22], [86.72, 22.14], [86.8, 22.15], [86.84, 22.09], [86.97, 22.08], [87.03, 22.03], [87.0, 21.94], [87.03, 21.87], [87.09, 21.86], [87.1, 21.92], [87.16, 21.93], [87.17, 21.97], [87.23, 21.96], [87.27, 21.8], [87.42, 21.77], [87.47, 21.73], [87.48, 21.61], [87.39, 21.55], [87.2, 21.55], [87.11, 21.52], [87.08, 21.47], [87.04, 21.48], [87.06, 21.46], [86.89, 21.32], [86.82, 21.2], [86.84, 21.08], [86.91, 20.98], [86.97, 20.8], [86.83, 20.78], [86.76, 20.61], [86.77, 20.65], [86.82, 20.64], [86.8, 20.68], [86.85, 20.65], [86.92, 20.71], [87.05, 20.71], [86.88, 20.62], [86.89, 20.6], [86.73, 20.48], [86.73, 20.4], [86.78, 20.4], [86.76, 20.37], [86.79, 20.38], [86.79, 20.35], [86.68, 20.26], [86.67, 20.28], [86.68, 20.26], [86.49, 20.19], [86.46, 20.16], [86.49, 20.17], [86.47, 20.1], [86.46, 20.12], [86.56, 20.2], [86.43, 20.05], [86.41, 20.06], [86.41, 19.99], [86.34, 19.98], [86.32, 20.04], [86.25, 20.06], [86.24, 20.02], [86.29, 20.03], [86.32, 20.0], [86.3, 19.98], [86.34, 19.98], [86.32, 19.95], [86.34, 19.97], [86.36, 19.95], [86.23, 19.9], [86.22, 19.93], [86.23, 19.9], [86.15, 19.87], [85.78, 19.79], [85.4, 19.62], [85.14, 19.45], [85.07, 19.36], [84.9, 19.27], [84.91, 19.25], [84.78, 19.11], [84.73, 19.1], [84.75, 19.14], [84.72, 19.14], [84.71, 19.1], [84.71, 19.15], [84.67, 19.16], [84.66, 19.12], [84.59, 19.12], [84.62, 19.07], [84.66, 19.07], [84.59, 19.01], [84.57, 19.07], [84.47, 18.98], [84.41, 19.01], [84.44, 18.97], [84.43, 18.91], [84.37, 18.9], [84.39, 18.87], [84.35, 18.88], [84.36, 18.85], [84.33, 18.86], [84.35, 18.83], [84.31, 18.78], [84.15, 18.78], [84.08, 18.74], [84.03, 18.8], [83.87, 18.82], [83.79, 19.01], [83.74, 18.98], [83.78, 18.9], [83.74, 18.92], [83.73, 18.98], [83.7, 18.99], [83.72, 19.01], [83.62, 19.15], [83.59, 19.12], [83.6, 19.08], [83.58, 19.05], [83.55, 19.08], [83.52, 19.0], [83.49, 19.02], [83.51, 19.06], [83.46, 19.07], [83.48, 19.0], [83.45, 19.0], [83.45, 18.94], [83.41, 19.0], [83.3, 18.99], [83.33, 18.96], [83.32, 18.92], [83.35, 18.96], [83.38, 18.92], [83.35, 18.92], [83.41, 18.87], [83.4, 18.83], [83.35, 18.83], [83.36, 18.8], [83.3, 18.8], [83.27, 18.76], [83.22, 18.77], [83.21, 18.72], [83.13, 18.77], [83.05, 18.65], [83.01, 18.64], [83.01, 18.59], [83.05, 18.6], [83.03, 18.55], [83.09, 18.54], [83.02, 18.45], [83.03, 18.42], [83.06, 18.43], [83.06, 18.38], [82.93, 18.35], [82.88, 18.38], [82.89, 18.41], [82.8, 18.44], [82.77, 18.33], [82.66, 18.29], [82.63, 18.23], [82.58, 18.27], [82.6, 18.37], [82.53, 18.39], [82.55, 18.44], [82.53, 18.43], [82.52, 18.51], [82.47, 18.54], [82.36, 18.41], [82.38, 18.35], [82.33, 18.32], [82.38, 18.32], [82.39, 18.29], [82.34, 18.27], [82.31, 18.17], [82.37, 18.14], [82.33, 18.14], [82.33, 18.04], [82.26, 18.04], [82.26, 17.98], [82.07, 18.07], [82.05, 18.04], [82.02, 18.06], [81.94, 17.98], [81.8, 17.94], [81.73, 17.87], [81.66, 17.88], [81.62, 17.82], [81.38, 17.81], [81.39, 17.89], [81.43, 17.87], [81.48, 17.97], [81.52, 18.25], [81.66, 18.31], [81.65, 18.34], [81.74, 18.34], [81.76, 18.41], [81.85, 18.51], [81.9, 18.53], [81.9, 18.56], [81.95, 18.56], [81.89, 18.65], [81.95, 18.63], [81.96, 18.69], [82.08, 18.71], [82.08, 18.76], [82.16, 18.79], [82.17, 18.9], [82.24, 18.91], [82.23, 19.01], [82.19, 19.06], [82.2, 19.12], [82.16, 19.11], [82.18, 19.17], [82.15, 19.27], [82.18, 19.33], [82.14, 19.37], [82.17, 19.37], [82.18, 19.42], [82.12, 19.42], [82.09, 19.51], [82.02, 19.5], [82.05, 19.54], [82.03, 19.59], [82.06, 19.78], [81.99, 19.79], [81.96, 19.85], [81.85, 19.91], [81.87, 20.05], [81.94, 20.1], [82.02, 20.01], [82.07, 20.05], [82.18, 19.98], [82.23, 20.0], [82.34, 19.83], [82.41, 19.9], [82.59, 19.87], [82.58, 19.77], [82.71, 19.84], [82.71, 19.99], [82.58, 19.99], [82.39, 20.06], [82.38, 20.16], [82.43, 20.28], [82.39, 20.34], [82.43, 20.44], [82.42, 20.47], [82.39, 20.45], [82.38, 20.51], [82.32, 20.55], [82.37, 20.62], [82.34, 20.7], [82.34, 20.87], [82.46, 20.82], [82.48, 20.9], [82.55, 20.93], [82.61, 21.01], [82.61, 21.07], [82.65, 21.1], [82.64, 21.15], [82.79, 21.14], [82.96, 21.18], [83.03, 21.12], [83.12, 21.1], [83.19, 21.14], [83.22, 21.27], [83.27, 21.27], [83.27, 21.38], [83.4, 21.35], [83.33, 21.5], [83.41, 21.64], [83.44, 21.65], [83.45, 21.61], [83.49, 21.63], [83.42, 21.68], [83.48, 21.73], [83.47, 21.79], [83.54, 21.79], [83.53, 21.83], [83.59, 21.85], [83.57, 21.88], [83.6, 21.91], [83.55, 21.93], [83.53, 22.04], [83.6, 22.07], [83.56, 22.1], [83.62, 22.2], [83.69, 22.25], [83.75, 22.24], [83.85, 22.34], [84.0, 22.37], [84.04, 22.47], [83.97, 22.51], [83.99, 22.53], [84.14, 22.47], [84.15, 22.4], [84.29, 22.34], [84.43, 22.35], [84.5, 22.42], [84.74, 22.41], [84.75, 22.44], [84.81, 22.45], [84.92, 22.42], [85.06, 22.48], [85.07, 22.35], [85.11, 22.29], [85.07, 22.27], [85.03, 22.12], [84.98, 22.08], [85.07, 22.11], [85.16, 22.05], [85.18, 22.07], [85.23, 22.0], [85.3, 22.11], [85.41, 22.16], [85.59, 22.07], [85.65, 22.09], [85.67, 22.05], [85.8, 22.11], [85.83, 22.08], [85.79, 22.08], [85.76, 21.99], [85.91, 21.97], [86.03, 22.19], [85.97, 22.24], [86.04, 22.3], [85.99, 22.34], [86.02, 22.36], [86.01, 22.43], [85.95, 22.46], [86.04, 22.56], [86.08, 22.53], [86.08, 22.53]]]]}}, {"type": "Feature", "properties": {"NAME_1": "Puducherry"}, "geometry": {"type": "MultiPolygon", "coordinates": [[[[79.84, 10.83], [79.84, 10.83], [79.84, 10.83]]], [[[79.75, 10.98], [79.85, 10.98], [79.85, 10.83], [79.82, 10.82], [79.85, 10.81], [79.81, 10.81], [79.81, 10.87], [79.7, 10.92], [79.72, 10.93], [79.7, 10.95], [79.75, 10.94], [79.73, 10.97], [79.75, 10.98], [79.75, 10.98]]], [[[79.69, 12.0], [79.75, 11.99], [79.71, 11.96], [79.74, 11.91], [79.79, 11.96], [79.84, 11.94], [79.83, 11.89], [79.79, 11.88], [79.82, 11.88], [79.8, 11.81], [79.79, 11.84], [79.75, 11.82], [79.75, 11.86], [79.73, 11.83], [79.66, 11.87], [79.68, 11.9], [79.72, 11.87], [79.71, 11.93], [79.68, 11.93], [79.7, 11.97], [79.64, 11.97], [79.66, 12.01], [79.69, 12.0], [79.69, 12.0]]], [[[75.37, 12.15], [75.4, 12.13], [75.31, 12.11], [75.3, 12.02], [75.26, 12.02], [75.29, 11.95], [75.22, 12.03], [75.22, 12.1], [75.37, 12.15], [75.37, 12.15]]], [[[82.27, 16.7], [82.29, 16.7], [82.27, 16.7], [82.27, 16.7]]], [[[82.21, 16.73], [82.3, 16.74], [82.3, 16.71], [82.25, 16.72], [82.25, 16.69], [82.19, 16.71], [82.17, 16.73], [82.21, 16.75], [82.21, 16.73], [82.21, 16.73]]]]}}, {"type": "Feature", "properties": {"NAME_1": "Punjab"}, "geometry": {"type": "Polygon", "coordinates": [[[75.87, 32.49], [75.93, 32.41], [75.84, 32.38], [75.74, 32.27], [75.65, 32.26], [75.62, 32.19], [75.66, 32.18], [75.66, 32.15], [75.58, 32.08], [75.65, 32.08], [75.9, 31.94], [75.97, 31.82], [75.92, 31.82], [76.0, 31.65], [76.15, 31.43], [76.16, 31.4], [76.13, 31.38], [76.17, 31.31], [76.3, 31.32], [76.34, 31.35], [76.32, 31.4], [76.36, 31.44], [76.45, 31.31], [76.43, 31.28], [76.47, 31.31], [76.49, 31.27], [76.52, 31.28], [76.51, 31.26], [76.57, 31.28], [76.6, 31.25], [76.58, 31.22], [76.63, 31.23], [76.64, 31.21], [76.59, 31.18], [76.59, 31.13], [76.63, 31.11], [76.6, 31.08], [76.61, 31.0], [76.75, 30.93], [76.85, 30.79], [76.8, 30.76], [76.8, 30.79], [76.78, 30.77], [76.75, 30.8], [76.69, 30.74], [76.79, 30.67], [76.86, 30.68], [76.86, 30.64], [76.91, 30.61], [76.89, 30.54], [76.92, 30.5], [76.89, 30.49], [76.89, 30.44], [76.93, 30.39], [76.88, 30.36], [76.86, 30.41], [76.76, 30.44], [76.7, 30.39], [76.74, 30.36], [76.72, 30.33], [76.55, 30.26], [76.53, 30.23], [76.58, 30.26], [76.64, 30.21], [76.63, 30.1], [76.58, 30.07], [76.57, 30.1], [76.53, 30.08], [76.45, 30.1], [76.42, 30.2], [76.38, 30.18], [76.39, 30.13], [76.33, 30.15], [76.35, 30.13], [76.33, 30.11], [76.24, 30.12], [76.2, 30.16], [76.19, 30.13], [76.25, 30.1], [76.19, 30.02], [76.21, 29.95], [76.17, 29.92], [76.24, 29.86], [76.12, 29.8], [76.08, 29.81], [76.04, 29.75], [75.92, 29.73], [75.77, 29.83], [75.71, 29.81], [75.69, 29.75], [75.66, 29.78], [75.56, 29.74], [75.56, 29.77], [75.51, 29.76], [75.44, 29.81], [75.38, 29.71], [75.33, 29.69], [75.35, 29.66], [75.32, 29.67], [75.28, 29.61], [75.3, 29.57], [75.25, 29.55], [75.22, 29.55], [75.22, 29.61], [75.16, 29.66], [75.23, 29.75], [75.2, 29.83], [75.16, 29.82], [75.16, 29.78], [75.1, 29.8], [75.08, 29.92], [75.07, 29.88], [74.99, 29.86], [74.92, 29.95], [74.81, 29.99], [74.69, 29.97], [74.65, 29.9], [74.52, 29.95], [73.89, 29.97], [73.89, 30.05], [73.97, 30.12], [73.97, 30.2], [73.94, 30.3], [73.87, 30.38], [74.03, 30.54], [74.07, 30.52], [74.09, 30.61], [74.28, 30.73], [74.26, 30.77], [74.3, 30.78], [74.31, 30.84], [74.37, 30.85], [74.37, 30.89], [74.54, 30.99], [74.56, 31.07], [74.6, 31.04], [74.69, 31.08], [74.69, 31.12], [74.65, 31.14], [74.6, 31.14], [74.6, 31.09], [74.57, 31.08], [74.5, 31.14], [74.51, 31.28], [74.64, 31.45], [74.63, 31.49], [74.57, 31.5], [74.61, 31.54], [74.52, 31.72], [74.6, 31.89], [74.7, 31.92], [74.71, 31.96], [74.81, 31.95], [74.82, 32.0], [74.87, 32.02], [74.86, 32.05], [74.91, 32.07], [75.01, 32.03], [75.11, 32.08], [75.17, 32.07], [75.19, 32.12], [75.23, 32.08], [75.31, 32.15], [75.33, 32.2], [75.31, 32.22], [75.36, 32.23], [75.37, 32.27], [75.32, 32.34], [75.41, 32.32], [75.47, 32.34], [75.51, 32.28], [75.53, 32.35], [75.72, 32.42], [75.87, 32.58], [75.85, 32.52], [75.87, 32.49], [75.87, 32.49]]]}}, {"type": "Feature", "properties": {"NAME_1": "Rajasthan"}, "geometry": {"type": "Polygon", "coordinates": [[[73.89, 29.98], [74.52, 29.94], [74.51, 29.9], [74.55, 29.86], [74.48, 29.82], [74.47, 29.74], [74.58, 29.77], [74.61, 29.75], [74.57, 29.61], [74.57, 29.56], [74.61, 29.52], [74.58, 29.46], [74.53, 29.47], [74.53, 29.42], [74.57, 29.41], [74.6, 29.33], [74.64, 29.33], [74.65, 29.37], [74.73, 29.35], [74.86, 29.4], [74.93, 29.36], [74.95, 29.28], [75.04, 29.29], [75.08, 29.23], [75.18, 29.27], [75.22, 29.23], [75.31, 29.29], [75.33, 29.23], [75.4, 29.26], [75.4, 29.19], [75.36, 29.14], [75.4, 29.13], [75.38, 29.07], [75.43, 29.06], [75.43, 29.02], [75.51, 29.02], [75.52, 28.98], [75.47, 28.93], [75.56, 28.61], [75.61, 28.61], [75.66, 28.52], [75.78, 28.46], [75.77, 28.41], [75.9, 28.39], [75.96, 28.34], [76.09, 28.16], [76.07, 28.14], [76.07, 28.17], [76.03, 28.17], [75.94, 28.11], [75.98, 28.05], [76.02, 28.09], [76.04, 28.07], [75.97, 28.04], [75.99, 28.0], [75.96, 27.99], [75.99, 27.98], [75.92, 27.93], [75.98, 27.91], [75.96, 27.86], [76.09, 27.87], [76.16, 27.81], [76.21, 27.83], [76.2, 27.9], [76.17, 27.91], [76.18, 27.97], [76.15, 27.99], [76.21, 28.03], [76.18, 28.06], [76.27, 28.07], [76.32, 28.02], [76.35, 28.05], [76.3, 28.11], [76.36, 28.13], [76.28, 28.18], [76.34, 28.18], [76.36, 28.14], [76.47, 28.16], [76.5, 28.11], [76.45, 28.09], [76.5, 28.06], [76.45, 28.05], [76.53, 28.05], [76.55, 27.97], [76.65, 28.01], [76.65, 28.1], [76.79, 28.16], [76.81, 28.22], [76.9, 28.21], [76.88, 28.19], [76.96, 28.15], [76.92, 28.01], [76.93, 27.83], [76.9, 27.83], [76.88, 27.73], [76.91, 27.71], [76.88, 27.7], [76.9, 27.66], [76.97, 27.66], [77.01, 27.75], [77.08, 27.74], [77.02, 27.78], [77.04, 27.82], [77.12, 27.78], [77.15, 27.82], [77.18, 27.81], [77.17, 27.78], [77.19, 27.82], [77.23, 27.79], [77.26, 27.82], [77.3, 27.8], [77.3, 27.71], [77.34, 27.7], [77.31, 27.62], [77.35, 27.59], [77.34, 27.52], [77.38, 27.52], [77.43, 27.46], [77.44, 27.39], [77.49, 27.39], [77.57, 27.33], [77.62, 27.34], [77.59, 27.3], [77.64, 27.21], [77.67, 27.21], [77.59, 27.12], [77.51, 27.11], [77.51, 27.07], [77.57, 27.08], [77.56, 27.04], [77.62, 27.02], [77.68, 27.05], [77.7, 27.0], [77.72, 27.03], [77.76, 27.02], [77.42, 26.87], [77.45, 26.75], [77.5, 26.77], [77.5, 26.85], [77.51, 26.82], [77.61, 26.83], [77.72, 26.88], [77.75, 26.94], [77.88, 26.89], [77.9, 26.92], [78.01, 26.91], [78.02, 26.86], [78.05, 26.87], [78.04, 26.92], [78.1, 26.9], [78.13, 26.96], [78.26, 26.93], [78.23, 26.88], [78.19, 26.89], [78.21, 26.84], [78.16, 26.83], [78.18, 26.79], [78.1, 26.8], [78.12, 26.75], [78.09, 26.74], [78.09, 26.68], [77.99, 26.7], [77.94, 26.66], [77.9, 26.67], [77.88, 26.62], [77.82, 26.6], [77.81, 26.55], [77.74, 26.55], [77.71, 26.5], [77.67, 26.51], [77.52, 26.41], [77.43, 26.41], [77.43, 26.36], [77.33, 26.36], [77.21, 26.24], [77.12, 26.24], [77.09, 26.19], [77.02, 26.18], [76.99, 26.13], [76.88, 26.09], [76.81, 25.95], [76.75, 25.94], [76.73, 25.9], [76.64, 25.91], [76.63, 25.87], [76.6, 25.88], [76.53, 25.8], [76.53, 25.73], [76.48, 25.72], [76.51, 25.68], [76.52, 25.52], [76.61, 25.38], [76.77, 25.34], [76.77, 25.31], [76.87, 25.33], [76.96, 25.28], [77.07, 25.34], [77.21, 25.31], [77.23, 25.39], [77.31, 25.44], [77.36, 25.41], [77.35, 25.27], [77.41, 25.23], [77.4, 25.11], [77.3, 25.08], [77.26, 25.12], [77.2, 25.12], [77.08, 25.06], [76.98, 25.08], [76.85, 25.01], [76.89, 24.92], [76.92, 24.92], [76.91, 24.89], [76.95, 24.87], [76.8, 24.82], [76.85, 24.75], [76.95, 24.77], [76.98, 24.72], [77.03, 24.71], [77.06, 24.64], [77.06, 24.55], [76.97, 24.46], [76.91, 24.49], [76.9, 24.55], [76.81, 24.53], [76.85, 24.49], [76.84, 24.33], [76.94, 24.21], [76.9, 24.13], [76.8, 24.12], [76.76, 24.17], [76.71, 24.16], [76.67, 24.19], [76.69, 24.29], [76.59, 24.25], [76.58, 24.18], [76.54, 24.16], [76.47, 24.23], [76.41, 24.21], [76.31, 24.25], [76.29, 24.22], [76.21, 24.22], [76.19, 24.33], [76.14, 24.29], [76.13, 24.1], [75.96, 24.03], [75.98, 23.93], [75.78, 23.85], [75.7, 23.9], [75.73, 23.85], [75.69, 23.82], [75.68, 23.76], [75.65, 23.8], [75.58, 23.8], [75.56, 23.82], [75.58, 23.84], [75.46, 23.92], [75.46, 23.98], [75.51, 24.05], [75.58, 23.99], [75.67, 24.03], [75.68, 23.99], [75.73, 23.97], [75.84, 24.1], [75.74, 24.14], [75.77, 24.22], [75.83, 24.25], [75.73, 24.39], [75.79, 24.48], [75.83, 24.42], [75.91, 24.46], [75.89, 24.52], [75.93, 24.53], [75.92, 24.57], [75.83, 24.61], [75.84, 24.73], [75.79, 24.77], [75.63, 24.69], [75.58, 24.72], [75.45, 24.69], [75.23, 24.74], [75.22, 24.72], [75.19, 24.79], [75.25, 24.84], [75.2, 24.88], [75.21, 24.91], [75.25, 24.9], [75.23, 24.86], [75.27, 24.86], [75.31, 24.81], [75.42, 24.86], [75.42, 24.89], [75.26, 24.89], [75.29, 24.92], [75.28, 24.98], [75.31, 24.9], [75.34, 24.96], [75.32, 25.01], [75.35, 25.04], [75.31, 25.05], [75.16, 25.05], [75.16, 24.99], [75.12, 24.98], [75.12, 24.89], [75.05, 24.86], [74.96, 24.87], [74.83, 24.97], [74.85, 24.79], [74.86, 24.81], [75.02, 24.79], [75.0, 24.71], [74.94, 24.66], [74.89, 24.66], [74.8, 24.8], [74.78, 24.69], [74.82, 24.67], [74.71, 24.51], [74.86, 24.47], [74.75, 24.28], [74.88, 24.28], [74.91, 24.25], [74.88, 24.21], [74.98, 24.08], [74.99, 24.01], [74.91, 23.91], [74.91, 23.8], [74.94, 23.78], [74.91, 23.68], [74.94, 23.63], [74.85, 23.55], [74.8, 23.53], [74.79, 23.55], [74.61, 23.46], [74.52, 23.33], [74.55, 23.28], [74.57, 23.3], [74.63, 23.26], [74.68, 23.28], [74.72, 23.25], [74.7, 23.22], [74.75, 23.21], [74.67, 23.2], [74.54, 23.1], [74.39, 23.11], [74.32, 23.06], [74.25, 23.19], [74.2, 23.19], [74.19, 23.15], [74.13, 23.18], [74.14, 23.26], [74.1, 23.3], [74.04, 23.3], [73.97, 23.38], [73.94, 23.34], [73.89, 23.34], [73.83, 23.45], [73.78, 23.43], [73.76, 23.46], [73.73, 23.41], [73.7, 23.46], [73.63, 23.45], [73.66, 23.5], [73.66, 23.62], [73.58, 23.66], [73.51, 23.62], [73.51, 23.7], [73.42, 23.78], [73.36, 23.79], [73.36, 23.86], [73.42, 23.92], [73.41, 24.05], [73.37, 24.13], [73.34, 24.12], [73.33, 24.06], [73.24, 24.01], [73.2, 24.05], [73.22, 24.1], [73.08, 24.18], [73.14, 24.31], [73.18, 24.3], [73.23, 24.36], [73.21, 24.38], [73.16, 24.35], [73.08, 24.39], [73.11, 24.42], [73.1, 24.49], [73.03, 24.46], [73.01, 24.48], [72.96, 24.39], [72.99, 24.36], [72.92, 24.33], [72.87, 24.37], [72.73, 24.36], [72.69, 24.42], [72.7, 24.46], [72.59, 24.47], [72.55, 24.51], [72.5, 24.45], [72.51, 24.41], [72.46, 24.41], [72.44, 24.51], [72.39, 24.5], [72.36, 24.55], [72.29, 24.54], [72.25, 24.58], [72.28, 24.6], [72.32, 24.58], [72.35, 24.62], [72.17, 24.61], [72.08, 24.65], [72.09, 24.7], [72.05, 24.71], [71.95, 24.63], [71.88, 24.68], [71.86, 24.6], [71.81, 24.62], [71.81, 24.67], [71.66, 24.63], [71.62, 24.67], [71.52, 24.68], [71.39, 24.62], [71.34, 24.65], [71.3, 24.61], [71.11, 24.67], [70.93, 24.97], [70.89, 25.14], [70.67, 25.39], [70.69, 25.5], [70.67, 25.7], [70.4, 25.66], [70.28, 25.7], [70.11, 25.92], [70.08, 26.07], [70.17, 26.22], [70.17, 26.55], [70.09, 26.6], [69.92, 26.58], [69.79, 26.6], [69.7, 26.67], [69.51, 26.74], [69.48, 26.8], [69.51, 27.02], [69.58, 27.17], [70.02, 27.56], [70.11, 27.77], [70.21, 27.89], [70.37, 28.01], [70.51, 28.04], [70.56, 28.02], [70.66, 27.93], [70.74, 27.74], [70.82, 27.7], [70.91, 27.7], [71.26, 27.84], [71.66, 27.87], [71.9, 27.96], [71.93, 28.13], [72.2, 28.38], [72.34, 28.72], [72.4, 28.78], [72.67, 28.92], [72.94, 29.02], [73.29, 29.6], [73.39, 29.94], [73.79, 30.07], [73.97, 30.2], [73.97, 30.12], [73.89, 30.05], [73.89, 29.98], [73.89, 29.98]]]}}, {"type": "Feature", "properties": {"NAME_1": "Sikkim"}, "geometry": {"type": "Polygon", "coordinates": [[[88.65, 28.1], [88.83, 28.02], [88.84, 27.93], [88.88, 27.9], [88.85, 27.67], [88.77, 27.54], [88.79, 27.43], [88.92, 27.33], [88.91, 27.28], [88.8, 27.25], [88.79, 27.18], [88.74, 27.14], [88.69, 27.18], [88.66, 27.16], [88.56, 27.19], [88.44, 27.08], [88.32, 27.1], [88.31, 27.13], [88.12, 27.12], [88.08, 27.15], [88.08, 27.2], [88.02, 27.22], [88.07, 27.33], [88.04, 27.37], [88.08, 27.43], [88.05, 27.47], [88.06, 27.54], [88.2, 27.79], [88.18, 27.82], [88.2, 27.85], [88.13, 27.88], [88.12, 27.95], [88.4, 27.98], [88.48, 28.05], [88.54, 28.04], [88.56, 28.09], [88.62, 28.1], [88.61, 28.13], [88.65, 28.1], [88.65, 28.1]]]}}, {"type": "Feature", "properties": {"NAME_1": "Tamil Nadu"}, "geometry": {"type": "MultiPolygon", "coordinates": [[[[77.56, 8.08], [77.56, 8.08], [77.56, 8.08]]], [[[78.12, 8.62], [78.12, 8.62], [78.12, 8.62]]], [[[78.12, 8.62], [78.12, 8.62], [78.12, 8.62]]], [[[78.12, 8.64], [78.12, 8.62], [78.12, 8.64], [78.12, 8.64]]], [[[78.13, 8.65], [78.13, 8.65], [78.13, 8.65]]], [[[78.12, 8.66], [78.13, 8.64], [78.12, 8.66], [78.12, 8.66]]], [[[78.21, 8.84], [78.21, 8.84], [78.21, 8.84]]], [[[78.22, 8.87], [78.22, 8.87], [78.22, 8.87]]], [[[78.25, 8.96], [78.25, 8.96], [78.25, 8.96]]], [[[78.49, 9.09], [78.49, 9.09], [78.49, 9.09]]], [[[78.54, 9.11], [78.54, 9.11], [78.54, 9.11]]], [[[78.58, 9.11], [78.58, 9.11], [78.58, 9.11]]], [[[78.49, 9.13], [78.49, 9.13], [78.49, 9.13]]], [[[78.7, 9.16], [78.7, 9.16], [78.7, 9.16]]], [[[78.73, 9.16], [78.73, 9.16], [78.73, 9.16]]], [[[78.83, 9.17], [78.81, 9.16], [78.83, 9.17], [78.83, 9.17]]], [[[78.94, 9.18], [78.9, 9.18], [78.94, 9.18], [78.94, 9.18]]], [[[78.97, 9.19], [78.97, 9.19], [78.97, 9.19]]], [[[79.07, 9.21], [79.09, 9.19], [79.07, 9.21], [79.07, 9.21]]], [[[79.14, 9.21], [79.14, 9.21], [79.14, 9.21]]], [[[79.13, 9.22], [79.13, 9.22], [79.13, 9.22]]], [[[79.23, 9.24], [79.23, 9.24], [79.23, 9.24]]], [[[79.18, 9.25], [79.2, 9.23], [79.18, 9.25], [79.18, 9.25]]], [[[79.22, 9.25], [79.2, 9.24], [79.22, 9.25], [79.22, 9.25]]], [[[79.31, 9.33], [79.34, 9.31], [79.32, 9.26], [79.44, 9.16], [79.3, 9.25], [79.21, 9.25], [79.21, 9.29], [79.27, 9.29], [79.31, 9.33], [79.31, 9.33]]], [[[79.53, 9.38], [79.53, 9.38], [79.53, 9.38]]], [[[79.53, 9.39], [79.53, 9.39], [79.53, 9.39]]], [[[79.53, 9.39], [79.53, 9.39], [79.53, 9.39]]], [[[79.53, 9.39], [79.53, 9.39], [79.53, 9.39]]], [[[79.53, 9.39], [79.53, 9.39], [79.53, 9.39]]], [[[79.53, 9.39], [79.53, 9.39], [79.53, 9.39]]], [[[79.53, 9.39], [79.53, 9.39], [79.53, 9.39]]], [[[79.53, 9.39], [79.53, 9.39], [79.53, 9.39]]], [[[79.71, 10.29], [79.71, 10.29], [79.71, 10.29]]], [[[79.7, 10.29], [79.7, 10.29], [79.7, 10.29]]], [[[79.7, 10.29], [79.7, 10.29], [79.7, 10.29]]], [[[79.69, 10.3], [79.69, 10.3], [79.69, 10.3]]], [[[79.69, 10.3], [79.69, 10.3], [79.69, 10.3]]], [[[79.62, 10.3], [79.62, 10.3], [79.62, 10.3]]], [[[79.61, 10.3], [79.61, 10.3], [79.61, 10.3]]], [[[79.62, 10.31], [79.62, 10.31], [79.62, 10.31]]], [[[79.62, 10.31], [79.62, 10.31], [79.62, 10.31]]], [[[79.63, 10.31], [79.63, 10.31], [79.63, 10.31]]], [[[79.7, 10.31], [79.7, 10.31], [79.7, 10.31]]], [[[79.68, 10.31], [79.68, 10.31], [79.68, 10.31]]], [[[79.69, 10.31], [79.69, 10.31], [79.69, 10.31]]], [[[79.61, 10.31], [79.61, 10.31], [79.61, 10.31]]], [[[79.7, 10.32], [79.72, 10.31], [79.7, 10.32], [79.7, 10.32]]], [[[79.63, 10.33], [79.63, 10.33], [79.63, 10.33]]], [[[79.63, 10.34], [79.63, 10.34], [79.63, 10.34]]], [[[79.84, 11.24], [79.84, 11.24], [79.84, 11.24]]], [[[79.83, 11.24], [79.83, 11.24], [79.83, 11.24]]], [[[79.99, 12.25], [79.99, 12.25], [79.99, 12.25]]], [[[80.32, 13.44], [80.32, 13.44], [80.32, 13.44]]], [[[80.08, 13.53], [80.14, 13.48], [80.25, 13.47], [80.31, 13.37], [80.33, 13.44], [80.35, 13.29], [80.33, 13.23], [80.31, 13.25], [80.33, 13.21], [80.26, 12.97], [80.25, 12.81], [80.23, 12.85], [80.23, 12.78], [80.24, 12.8], [80.26, 12.78], [80.19, 12.58], [80.16, 12.6], [80.16, 12.47], [80.06, 12.33], [80.06, 12.37], [80.02, 12.35], [80.01, 12.32], [80.06, 12.35], [80.02, 12.27], [79.94, 12.22], [80.01, 12.25], [79.9, 12.1], [79.84, 11.94], [79.79, 11.96], [79.74, 11.91], [79.71, 11.96], [79.75, 11.99], [79.7, 11.98], [79.69, 12.02], [79.64, 11.99], [79.7, 11.97], [79.68, 11.93], [79.71, 11.93], [79.72, 11.89], [79.7, 11.87], [79.68, 11.9], [79.66, 11.87], [79.73, 11.83], [79.75, 11.86], [79.75, 11.82], [79.79, 11.84], [79.8, 11.81], [79.76, 11.53], [79.81, 11.45], [79.83, 11.37], [79.81, 11.37], [79.84, 11.36], [79.85, 11.24], [79.8, 11.24], [79.85, 11.24], [79.86, 10.98], [79.73, 10.99], [79.75, 10.94], [79.7, 10.95], [79.72, 10.94], [79.7, 10.92], [79.81, 10.87], [79.79, 10.84], [79.85, 10.81], [79.88, 10.29], [79.74, 10.27], [79.79, 10.28], [79.77, 10.31], [79.64, 10.32], [79.62, 10.36], [79.61, 10.31], [79.55, 10.31], [79.73, 10.27], [79.53, 10.3], [79.59, 10.33], [79.56, 10.35], [79.54, 10.32], [79.45, 10.34], [79.52, 10.31], [79.38, 10.32], [79.37, 10.29], [79.3, 10.27], [79.23, 10.15], [79.23, 10.08], [79.27, 10.04], [79.15, 9.93], [79.12, 9.85], [78.99, 9.71], [78.9, 9.49], [78.93, 9.41], [79.01, 9.33], [79.19, 9.28], [78.91, 9.25], [78.83, 9.27], [78.83, 9.24], [78.72, 9.19], [78.66, 9.2], [78.64, 9.18], [78.66, 9.16], [78.58, 9.13], [78.48, 9.13], [78.49, 9.15], [78.36, 9.09], [78.18, 8.92], [78.16, 8.77], [78.2, 8.79], [78.23, 8.75], [78.17, 8.75], [78.13, 8.65], [78.1, 8.65], [78.09, 8.59], [78.14, 8.59], [78.1, 8.59], [78.13, 8.64], [78.14, 8.57], [78.13, 8.49], [78.06, 8.42], [78.07, 8.37], [77.8, 8.25], [77.74, 8.17], [77.58, 8.14], [77.55, 8.08], [77.31, 8.12], [77.09, 8.29], [77.11, 8.32], [77.16, 8.31], [77.13, 8.38], [77.21, 8.44], [77.19, 8.5], [77.23, 8.49], [77.27, 8.54], [77.16, 8.72], [77.25, 8.85], [77.2, 8.92], [77.18, 8.91], [77.13, 9.01], [77.25, 9.14], [77.28, 9.33], [77.31, 9.33], [77.33, 9.43], [77.37, 9.44], [77.4, 9.5], [77.35, 9.52], [77.34, 9.6], [77.32, 9.56], [77.31, 9.59], [77.26, 9.56], [77.15, 9.61], [77.23, 9.79], [77.2, 9.89], [77.26, 9.95], [77.19, 10.11], [77.26, 10.12], [77.28, 10.21], [77.19, 10.35], [77.05, 10.29], [77.04, 10.25], [76.97, 10.21], [76.89, 10.23], [76.86, 10.29], [76.82, 10.29], [76.83, 10.59], [76.8, 10.63], [76.87, 10.63], [76.86, 10.69], [76.9, 10.77], [76.82, 10.86], [76.65, 10.92], [76.69, 11.02], [76.79, 11.03], [76.73, 11.06], [76.74, 11.12], [76.69, 11.14], [76.73, 11.21], [76.68, 11.23], [76.63, 11.19], [76.45, 11.18], [76.45, 11.23], [76.54, 11.29], [76.54, 11.35], [76.36, 11.45], [76.24, 11.46], [76.23, 11.56], [76.26, 11.59], [76.3, 11.56], [76.37, 11.59], [76.44, 11.64], [76.42, 11.66], [76.5, 11.7], [76.54, 11.68], [76.55, 11.61], [76.75, 11.61], [76.84, 11.57], [76.83, 11.65], [76.89, 11.78], [76.96, 11.77], [76.97, 11.8], [77.02, 11.8], [77.02, 11.76], [77.06, 11.78], [77.07, 11.73], [77.11, 11.71], [77.1, 11.76], [77.24, 11.8], [77.42, 11.75], [77.48, 11.93], [77.66, 11.94], [77.77, 12.11], [77.73, 12.17], [77.6, 12.2], [77.51, 12.18], [77.46, 12.24], [77.61, 12.36], [77.63, 12.48], [77.58, 12.47], [77.61, 12.5], [77.57, 12.54], [77.59, 12.66], [77.73, 12.66], [77.8, 12.78], [77.79, 12.84], [77.92, 12.88], [77.92, 12.81], [77.94, 12.85], [77.98, 12.8], [78.01, 12.8], [78.01, 12.85], [78.05, 12.84], [78.12, 12.77], [78.22, 12.75], [78.23, 12.72], [78.19, 12.68], [78.27, 12.69], [78.37, 12.61], [78.45, 12.61], [78.51, 12.7], [78.48, 12.73], [78.53, 12.7], [78.52, 12.68], [78.55, 12.69], [78.6, 12.87], [78.65, 12.92], [78.61, 12.98], [78.65, 13.02], [78.69, 13.0], [78.7, 13.06], [78.78, 13.05], [78.8, 13.08], [78.88, 13.09], [78.88, 13.02], [78.93, 13.02], [78.89, 13.04], [78.91, 13.07], [78.98, 13.08], [79.07, 13.01], [79.16, 13.01], [79.22, 13.14], [79.25, 13.15], [79.31, 13.1], [79.37, 13.18], [79.42, 13.18], [79.45, 13.22], [79.41, 13.21], [79.43, 13.28], [79.37, 13.3], [79.4, 13.32], [79.52, 13.32], [79.57, 13.25], [79.67, 13.28], [79.67, 13.23], [79.69, 13.24], [79.7, 13.2], [79.73, 13.22], [79.74, 13.19], [79.78, 13.23], [79.72, 13.27], [79.93, 13.34], [79.96, 13.45], [80.04, 13.48], [79.99, 13.53], [80.08, 13.53], [80.08, 13.53]]]]}}, {"type": "Feature", "properties": {"NAME_1": "Tripura"}, "geometry": {"type": "Polygon", "coordinates": [[[92.19, 24.52], [92.24, 24.5], [92.23, 24.46], [92.27, 24.39], [92.21, 24.25], [92.3, 24.25], [92.34, 24.15], [92.31, 24.03], [92.32, 23.86], [92.27, 23.85], [92.29, 23.82], [92.26, 23.81], [92.27, 23.73], [92.24, 23.72], [92.23, 23.66], [92.18, 23.74], [92.07, 23.64], [91.96, 23.73], [91.94, 23.68], [91.98, 23.48], [91.84, 23.4], [91.77, 23.28], [91.84, 23.09], [91.78, 23.07], [91.79, 23.03], [91.78, 23.05], [91.73, 22.99], [91.65, 22.99], [91.62, 22.94], [91.61, 22.98], [91.58, 22.96], [91.55, 22.99], [91.51, 23.19], [91.47, 23.19], [91.49, 23.21], [91.46, 23.21], [91.46, 23.26], [91.42, 23.28], [91.39, 23.21], [91.42, 23.06], [91.35, 23.1], [91.3, 23.31], [91.33, 23.36], [91.29, 23.36], [91.26, 23.48], [91.2, 23.52], [91.22, 23.55], [91.16, 23.61], [91.16, 23.67], [91.21, 23.65], [91.21, 23.69], [91.16, 23.69], [91.16, 23.75], [91.23, 23.74], [91.26, 23.84], [91.23, 23.9], [91.24, 23.93], [91.28, 23.93], [91.27, 23.97], [91.31, 24.0], [91.38, 23.98], [91.4, 24.05], [91.38, 24.11], [91.6, 24.08], [91.64, 24.11], [91.66, 24.23], [91.69, 24.16], [91.76, 24.14], [91.74, 24.25], [91.81, 24.21], [91.85, 24.23], [91.84, 24.2], [91.91, 24.14], [91.94, 24.25], [91.92, 24.34], [91.96, 24.36], [92.0, 24.32], [91.97, 24.39], [92.12, 24.38], [92.15, 24.43], [92.17, 24.42], [92.16, 24.53], [92.19, 24.52], [92.19, 24.52]]]}}, {"type": "Feature", "properties": {"NAME_1": "Uttar Pradesh"}, "geometry": {"type": "Polygon", "coordinates": [[[77.58, 30.41], [77.64, 30.41], [77.7, 30.34], [77.93, 30.25], [77.86, 30.13], [77.76, 30.06], [77.77, 30.02], [77.73, 29.99], [77.7, 29.87], [77.77, 29.78], [77.76, 29.71], [77.8, 29.7], [77.79, 29.68], [77.95, 29.71], [77.98, 29.64], [77.95, 29.58], [77.98, 29.59], [77.98, 29.55], [78.04, 29.55], [78.04, 29.59], [78.14, 29.68], [78.22, 29.72], [78.23, 29.7], [78.33, 29.8], [78.47, 29.75], [78.53, 29.62], [78.62, 29.55], [78.77, 29.48], [78.92, 29.46], [78.87, 29.39], [78.82, 29.39], [78.79, 29.33], [78.76, 29.35], [78.72, 29.31], [78.81, 29.25], [78.85, 29.26], [78.91, 29.18], [78.9, 29.15], [78.97, 29.17], [79.03, 29.12], [79.01, 29.16], [79.04, 29.17], [79.13, 29.13], [79.16, 29.02], [79.2, 29.03], [79.3, 28.95], [79.36, 28.97], [79.4, 28.94], [79.41, 28.86], [79.51, 28.86], [79.54, 28.89], [79.55, 28.85], [79.67, 28.85], [79.77, 28.89], [79.81, 28.87], [79.78, 28.81], [79.85, 28.85], [79.88, 28.82], [79.84, 28.81], [79.9, 28.8], [79.94, 28.72], [80.01, 28.73], [80.06, 28.84], [80.12, 28.83], [80.2, 28.76], [80.25, 28.76], [80.37, 28.63], [80.47, 28.62], [80.47, 28.58], [80.52, 28.55], [80.51, 28.67], [80.57, 28.69], [80.59, 28.65], [80.67, 28.64], [80.72, 28.57], [80.77, 28.57], [80.79, 28.52], [80.87, 28.49], [80.9, 28.51], [80.91, 28.46], [80.98, 28.46], [80.98, 28.43], [81.02, 28.45], [81.02, 28.41], [81.08, 28.38], [81.22, 28.36], [81.23, 28.29], [81.33, 28.18], [81.3, 28.17], [81.32, 28.13], [81.38, 28.14], [81.38, 28.18], [81.43, 28.17], [81.49, 28.12], [81.48, 28.08], [81.7, 27.99], [81.9, 27.85], [81.97, 27.93], [82.03, 27.93], [82.13, 27.86], [82.2, 27.85], [82.44, 27.68], [82.71, 27.72], [82.71, 27.66], [82.76, 27.59], [82.74, 27.5], [82.93, 27.5], [83.02, 27.45], [83.18, 27.46], [83.3, 27.33], [83.38, 27.36], [83.41, 27.41], [83.39, 27.48], [83.62, 27.47], [83.86, 27.35], [83.83, 27.33], [83.85, 27.31], [83.92, 27.33], [83.9, 27.25], [83.95, 27.24], [83.99, 27.18], [83.94, 27.09], [84.02, 27.1], [83.99, 27.06], [84.04, 27.05], [84.05, 26.96], [84.02, 26.94], [84.05, 26.93], [84.05, 26.89], [84.14, 26.89], [84.13, 26.86], [84.17, 26.83], [84.18, 26.86], [84.25, 26.86], [84.23, 26.74], [84.3, 26.75], [84.32, 26.69], [84.4, 26.67], [84.41, 26.64], [84.29, 26.6], [84.08, 26.64], [84.05, 26.54], [83.9, 26.52], [83.9, 26.45], [84.01, 26.45], [84.07, 26.38], [84.17, 26.37], [84.16, 26.24], [84.15, 26.26], [84.08, 26.22], [84.01, 26.24], [84.0, 26.18], [84.05, 26.1], [84.09, 26.1], [84.17, 26.03], [84.17, 25.99], [84.35, 25.96], [84.41, 25.93], [84.42, 25.89], [84.53, 25.88], [84.53, 25.83], [84.62, 25.8], [84.6, 25.76], [84.63, 25.73], [84.56, 25.74], [84.55, 25.68], [84.54, 25.73], [84.52, 25.68], [84.49, 25.68], [84.34, 25.75], [84.32, 25.67], [84.28, 25.68], [84.29, 25.66], [84.2, 25.67], [84.16, 25.73], [84.09, 25.72], [84.08, 25.64], [83.92, 25.56], [83.85, 25.47], [83.81, 25.47], [83.83, 25.43], [83.76, 25.39], [83.69, 25.4], [83.69, 25.37], [83.57, 25.31], [83.53, 25.32], [83.34, 25.19], [83.36, 25.12], [83.32, 25.02], [83.36, 24.96], [83.35, 24.87], [83.4, 24.82], [83.39, 24.78], [83.45, 24.73], [83.48, 24.74], [83.5, 24.65], [83.54, 24.62], [83.49, 24.52], [83.39, 24.5], [83.4, 24.41], [83.43, 24.41], [83.45, 24.36], [83.38, 24.32], [83.4, 24.27], [83.37, 24.17], [83.29, 24.08], [83.28, 24.02], [83.21, 23.99], [83.19, 23.92], [82.95, 23.87], [82.81, 23.96], [82.8, 24.01], [82.74, 24.02], [82.77, 24.08], [82.71, 24.08], [82.66, 24.12], [82.67, 24.16], [82.72, 24.14], [82.74, 24.17], [82.73, 24.23], [82.77, 24.31], [82.76, 24.38], [82.71, 24.38], [82.74, 24.5], [82.71, 24.56], [82.8, 24.55], [82.76, 24.65], [82.7, 24.64], [82.67, 24.7], [82.53, 24.65], [82.52, 24.68], [82.44, 24.68], [82.42, 24.71], [82.41, 24.6], [82.29, 24.61], [82.3, 24.67], [82.23, 24.67], [82.24, 24.78], [82.21, 24.73], [82.17, 24.74], [82.21, 24.78], [82.18, 24.8], [82.2, 24.82], [82.11, 24.79], [82.0, 24.85], [81.96, 24.83], [81.9, 24.88], [81.9, 25.01], [81.88, 24.99], [81.73, 25.05], [81.68, 25.04], [81.66, 25.08], [81.6, 25.06], [81.63, 25.12], [81.6, 25.1], [81.59, 25.14], [81.62, 25.16], [81.57, 25.2], [81.51, 25.19], [81.52, 25.14], [81.47, 25.14], [81.51, 25.11], [81.48, 25.07], [81.4, 25.11], [81.44, 25.11], [81.42, 25.14], [81.39, 25.12], [81.32, 25.17], [81.31, 25.12], [81.31, 25.17], [81.27, 25.17], [81.26, 25.06], [81.2, 25.0], [81.21, 24.93], [81.16, 24.96], [81.13, 24.89], [81.05, 24.96], [81.01, 24.95], [81.02, 24.93], [80.95, 24.93], [80.94, 24.97], [80.9, 24.94], [80.8, 24.94], [80.79, 24.97], [80.85, 24.99], [80.83, 25.04], [80.88, 25.08], [80.86, 25.12], [80.91, 25.16], [80.88, 25.2], [80.84, 25.19], [80.83, 25.11], [80.8, 25.15], [80.7, 25.14], [80.78, 25.06], [80.67, 25.05], [80.67, 25.09], [80.66, 25.07], [80.6, 25.1], [80.63, 25.13], [80.59, 25.16], [80.61, 25.07], [80.47, 25.1], [80.5, 25.09], [80.48, 25.04], [80.41, 25.08], [80.36, 25.05], [80.39, 25.01], [80.36, 25.03], [80.31, 25.0], [80.27, 25.03], [80.28, 25.06], [80.42, 25.19], [80.39, 25.25], [80.3, 25.29], [80.31, 25.39], [80.27, 25.43], [80.25, 25.4], [80.19, 25.42], [80.19, 25.38], [80.13, 25.34], [80.08, 25.36], [80.02, 25.34], [79.98, 25.26], [79.85, 25.24], [79.86, 25.1], [79.75, 25.14], [79.6, 25.13], [79.57, 25.18], [79.49, 25.08], [79.46, 25.1], [79.47, 25.13], [79.43, 25.11], [79.41, 25.14], [79.4, 25.11], [79.38, 25.17], [79.41, 25.21], [79.44, 25.2], [79.43, 25.24], [79.46, 25.27], [79.49, 25.27], [79.4, 25.26], [79.36, 25.29], [79.36, 25.26], [79.33, 25.34], [79.26, 25.31], [79.26, 25.27], [79.34, 25.27], [79.33, 25.2], [79.27, 25.25], [79.31, 25.14], [79.26, 25.12], [79.26, 25.16], [79.23, 25.16], [79.21, 25.15], [79.24, 25.12], [79.21, 25.11], [79.17, 25.15], [79.17, 25.11], [79.12, 25.11], [79.09, 25.19], [79.02, 25.14], [79.02, 25.19], [79.06, 25.23], [79.0, 25.28], [78.97, 25.25], [79.0, 25.2], [78.94, 25.22], [78.87, 25.16], [78.87, 25.25], [78.92, 25.28], [78.95, 25.26], [78.96, 25.35], [78.93, 25.33], [78.88, 25.35], [78.85, 25.23], [78.81, 25.3], [78.78, 25.3], [78.83, 25.32], [78.87, 25.39], [78.95, 25.4], [78.89, 25.38], [78.93, 25.35], [78.98, 25.38], [78.96, 25.44], [78.9, 25.45], [78.94, 25.48], [78.94, 25.56], [78.87, 25.56], [78.88, 25.52], [78.83, 25.52], [78.86, 25.47], [78.84, 25.43], [78.81, 25.45], [78.85, 25.45], [78.83, 25.47], [78.73, 25.5], [78.72, 25.46], [78.81, 25.43], [78.74, 25.41], [78.77, 25.36], [78.71, 25.35], [78.71, 25.38], [78.65, 25.41], [78.67, 25.4], [78.69, 25.45], [78.63, 25.44], [78.64, 25.41], [78.56, 25.4], [78.58, 25.35], [78.52, 25.36], [78.54, 25.33], [78.52, 25.3], [78.49, 25.32], [78.43, 25.28], [78.53, 25.29], [78.57, 25.26], [78.6, 25.1], [78.64, 25.07], [78.62, 24.96], [78.67, 24.9], [78.77, 24.86], [78.75, 24.6], [78.88, 24.64], [78.97, 24.5], [78.9, 24.49], [78.94, 24.44], [78.98, 24.45], [78.97, 24.35], [78.91, 24.3], [78.88, 24.22], [78.81, 24.21], [78.81, 24.18], [78.78, 24.19], [78.76, 24.26], [78.67, 24.24], [78.58, 24.36], [78.52, 24.39], [78.48, 24.38], [78.43, 24.29], [78.38, 24.27], [78.34, 24.3], [78.36, 24.39], [78.26, 24.45], [78.27, 24.48], [78.22, 24.52], [78.26, 24.55], [78.27, 24.67], [78.23, 24.78], [78.16, 24.86], [78.33, 25.0], [78.33, 25.09], [78.44, 25.13], [78.42, 25.16], [78.45, 25.17], [78.38, 25.2], [78.4, 25.22], [78.35, 25.25], [78.35, 25.3], [78.31, 25.31], [78.33, 25.35], [78.29, 25.37], [78.35, 25.46], [78.39, 25.45], [78.42, 25.48], [78.43, 25.57], [78.58, 25.56], [78.6, 25.59], [78.65, 25.57], [78.71, 25.61], [78.81, 25.62], [78.81, 25.68], [78.75, 25.75], [78.82, 25.8], [78.81, 25.83], [78.86, 25.79], [78.87, 25.83], [78.84, 25.85], [78.93, 25.95], [78.94, 26.04], [79.0, 26.07], [78.94, 26.14], [79.0, 26.15], [78.98, 26.2], [79.06, 26.23], [79.04, 26.27], [79.13, 26.32], [79.13, 26.35], [79.08, 26.36], [79.08, 26.41], [79.13, 26.44], [79.06, 26.45], [79.06, 26.5], [78.98, 26.57], [79.01, 26.61], [78.99, 26.69], [78.94, 26.66], [78.95, 26.7], [78.86, 26.7], [78.81, 26.77], [78.77, 26.76], [78.72, 26.8], [78.55, 26.76], [78.43, 26.83], [78.39, 26.82], [78.36, 26.87], [78.29, 26.87], [78.25, 26.82], [78.19, 26.88], [78.26, 26.92], [78.22, 26.95], [78.13, 26.96], [78.1, 26.9], [78.04, 26.92], [78.03, 26.86], [78.01, 26.91], [77.9, 26.92], [77.88, 26.89], [77.75, 26.94], [77.72, 26.88], [77.61, 26.83], [77.51, 26.82], [77.5, 26.85], [77.48, 26.75], [77.45, 26.75], [77.46, 26.78], [77.43, 26.77], [77.42, 26.87], [77.76, 27.02], [77.72, 27.03], [77.7, 27.0], [77.68, 27.05], [77.62, 27.02], [77.56, 27.04], [77.57, 27.08], [77.51, 27.07], [77.51, 27.11], [77.59, 27.12], [77.67, 27.21], [77.64, 27.21], [77.59, 27.3], [77.62, 27.34], [77.57, 27.33], [77.43, 27.4], [77.43, 27.46], [77.38, 27.52], [77.34, 27.52], [77.35, 27.59], [77.31, 27.61], [77.34, 27.7], [77.3, 27.71], [77.28, 27.82], [77.34, 27.86], [77.41, 27.86], [77.41, 27.9], [77.45, 27.88], [77.48, 27.94], [77.54, 27.95], [77.47, 28.08], [77.5, 28.16], [77.54, 28.18], [77.49, 28.21], [77.52, 28.2], [77.54, 28.25], [77.46, 28.28], [77.5, 28.31], [77.46, 28.34], [77.49, 28.35], [77.47, 28.42], [77.34, 28.5], [77.29, 28.57], [77.34, 28.61], [77.31, 28.64], [77.32, 28.72], [77.28, 28.71], [77.19, 28.8], [77.22, 28.84], [77.18, 28.87], [77.22, 28.9], [77.19, 28.95], [77.21, 29.01], [77.12, 29.1], [77.15, 29.32], [77.12, 29.38], [77.15, 29.39], [77.12, 29.42], [77.14, 29.43], [77.11, 29.46], [77.12, 29.5], [77.08, 29.53], [77.11, 29.55], [77.09, 29.62], [77.14, 29.7], [77.11, 29.75], [77.17, 29.82], [77.18, 29.91], [77.27, 30.05], [77.41, 30.1], [77.42, 30.17], [77.45, 30.17], [77.57, 30.31], [77.58, 30.41], [77.58, 30.41]]]}}, {"type": "Feature", "properties": {"NAME_1": "Uttaranchal"}, "geometry": {"type": "Polygon", "coordinates": [[[79.19, 31.35], [79.25, 31.3], [79.23, 31.25], [79.27, 31.24], [79.28, 31.17], [79.38, 31.12], [79.41, 31.04], [79.5, 31.04], [79.54, 30.96], [79.59, 30.94], [79.74, 31.01], [79.86, 30.98], [79.87, 30.93], [80.05, 30.84], [80.08, 30.79], [80.17, 30.81], [80.19, 30.76], [80.23, 30.76], [80.22, 30.7], [80.18, 30.68], [80.22, 30.57], [80.31, 30.57], [80.53, 30.45], [80.58, 30.49], [80.74, 30.4], [80.79, 30.33], [81.02, 30.26], [80.93, 30.24], [80.86, 30.17], [80.88, 30.13], [80.8, 30.09], [80.74, 30.0], [80.59, 29.95], [80.56, 29.85], [80.5, 29.8], [80.44, 29.81], [80.37, 29.75], [80.39, 29.66], [80.42, 29.65], [80.41, 29.59], [80.34, 29.55], [80.36, 29.53], [80.29, 29.48], [80.3, 29.45], [80.24, 29.44], [80.32, 29.32], [80.3, 29.2], [80.25, 29.22], [80.27, 29.14], [80.24, 29.12], [80.18, 29.14], [80.15, 29.1], [80.14, 29.01], [80.06, 28.92], [80.07, 28.83], [80.03, 28.81], [80.04, 28.78], [79.99, 28.72], [79.92, 28.73], [79.9, 28.8], [79.84, 28.81], [79.88, 28.82], [79.85, 28.85], [79.79, 28.8], [79.81, 28.87], [79.77, 28.89], [79.67, 28.85], [79.55, 28.85], [79.54, 28.89], [79.51, 28.86], [79.41, 28.86], [79.4, 28.94], [79.36, 28.97], [79.3, 28.95], [79.24, 29.01], [79.16, 29.02], [79.13, 29.13], [79.04, 29.17], [79.01, 29.16], [79.03, 29.12], [78.97, 29.17], [78.9, 29.15], [78.91, 29.18], [78.85, 29.26], [78.81, 29.25], [78.71, 29.32], [78.76, 29.35], [78.79, 29.33], [78.81, 29.38], [78.87, 29.39], [78.92, 29.46], [78.77, 29.48], [78.62, 29.55], [78.53, 29.62], [78.49, 29.74], [78.33, 29.8], [78.23, 29.7], [78.22, 29.72], [78.14, 29.68], [78.04, 29.59], [78.04, 29.55], [77.98, 29.55], [77.98, 29.59], [77.95, 29.58], [77.95, 29.62], [77.98, 29.61], [77.95, 29.71], [77.79, 29.68], [77.8, 29.7], [77.76, 29.71], [77.77, 29.78], [77.7, 29.87], [77.73, 29.99], [77.77, 30.02], [77.76, 30.06], [77.86, 30.13], [77.93, 30.25], [77.7, 30.34], [77.64, 30.41], [77.56, 30.42], [77.81, 30.52], [77.81, 30.56], [77.76, 30.56], [77.73, 30.6], [77.78, 30.62], [77.78, 30.67], [77.73, 30.69], [77.69, 30.77], [77.74, 30.83], [77.74, 30.88], [77.79, 30.86], [77.8, 30.92], [77.75, 30.92], [77.73, 30.96], [77.77, 30.98], [77.82, 30.95], [77.8, 30.98], [77.83, 31.01], [77.8, 31.06], [77.89, 31.16], [77.95, 31.18], [78.01, 31.15], [78.03, 31.19], [78.37, 31.29], [78.47, 31.2], [78.58, 31.24], [78.65, 31.19], [78.8, 31.21], [78.86, 31.11], [78.96, 31.11], [79.0, 31.12], [78.97, 31.19], [78.91, 31.23], [78.92, 31.33], [78.99, 31.36], [79.04, 31.46], [79.13, 31.44], [79.19, 31.35], [79.19, 31.35]]]}}, {"type": "Feature", "properties": {"NAME_1": "West Bengal"}, "geometry": {"type": "MultiPolygon", "coordinates": [[[[88.02, 21.57], [88.02, 21.57], [88.02, 21.57]]], [[[88.5, 21.6], [88.53, 21.59], [88.53, 21.54], [88.5, 21.57], [88.51, 21.55], [88.48, 21.55], [88.5, 21.6], [88.5, 21.6]]], [[[88.18, 21.6], [88.19, 21.56], [88.18, 21.6], [88.18, 21.6]]], [[[88.83, 21.61], [88.9, 21.58], [88.9, 21.55], [88.84, 21.55], [88.83, 21.61], [88.83, 21.61]]], [[[88.73, 21.64], [88.76, 21.6], [88.72, 21.57], [88.73, 21.64], [88.73, 21.64]]], [[[88.54, 21.64], [88.59, 21.61], [88.55, 21.56], [88.56, 21.6], [88.51, 21.6], [88.52, 21.65], [88.54, 21.64], [88.54, 21.64]]], [[[88.89, 21.65], [88.89, 21.65], [88.89, 21.65]]], [[[88.77, 21.65], [88.79, 21.58], [88.75, 21.58], [88.73, 21.63], [88.77, 21.65], [88.77, 21.65]]], [[[88.97, 21.64], [88.99, 21.61], [88.94, 21.64], [88.95, 21.68], [88.97, 21.64], [88.97, 21.64]]], [[[88.63, 21.66], [88.64, 21.68], [88.63, 21.66], [88.63, 21.66]]], [[[88.58, 21.69], [88.61, 21.62], [88.55, 21.64], [88.58, 21.69], [88.58, 21.69]]], [[[88.59, 21.69], [88.6, 21.66], [88.59, 21.69], [88.59, 21.69]]], [[[88.98, 21.71], [88.99, 21.65], [89.02, 21.66], [89.04, 21.63], [89.03, 21.6], [89.0, 21.6], [88.99, 21.65], [88.96, 21.64], [88.95, 21.7], [88.98, 21.71], [88.98, 21.71]]], [[[88.81, 21.71], [88.81, 21.66], [88.73, 21.68], [88.81, 21.71], [88.81, 21.71]]], [[[88.31, 21.71], [88.36, 21.65], [88.32, 21.61], [88.31, 21.71], [88.31, 21.71]]], [[[88.45, 21.71], [88.47, 21.67], [88.44, 21.61], [88.42, 21.69], [88.45, 21.71], [88.45, 21.71]]], [[[88.7, 21.71], [88.75, 21.65], [88.7, 21.66], [88.7, 21.71], [88.7, 21.71]]], [[[88.2, 21.72], [88.22, 21.7], [88.19, 21.68], [88.23, 21.67], [88.21, 21.6], [88.18, 21.67], [88.2, 21.72], [88.2, 21.72]]], [[[89.06, 21.72], [89.1, 21.65], [89.08, 21.62], [89.03, 21.63], [89.01, 21.7], [89.06, 21.72], [89.06, 21.72]]], [[[88.98, 21.73], [89.02, 21.72], [89.01, 21.65], [88.98, 21.73], [88.98, 21.73]]], [[[88.55, 21.74], [88.59, 21.69], [88.54, 21.72], [88.57, 21.71], [88.54, 21.64], [88.52, 21.72], [88.55, 21.74], [88.55, 21.74]]], [[[88.2, 21.72], [88.2, 21.72], [88.2, 21.72]]], [[[88.88, 21.75], [88.94, 21.7], [88.92, 21.63], [88.88, 21.66], [88.88, 21.75], [88.88, 21.75]]], [[[88.41, 21.73], [88.43, 21.62], [88.39, 21.6], [88.4, 21.72], [88.37, 21.73], [88.39, 21.76], [88.41, 21.73], [88.41, 21.73]]], [[[88.22, 21.76], [88.27, 21.76], [88.26, 21.73], [88.31, 21.68], [88.29, 21.56], [88.25, 21.56], [88.22, 21.61], [88.22, 21.76], [88.22, 21.76]]], [[[88.93, 21.76], [88.99, 21.75], [88.98, 21.7], [88.92, 21.72], [88.93, 21.76], [88.93, 21.76]]], [[[88.37, 21.76], [88.36, 21.72], [88.4, 21.71], [88.35, 21.69], [88.34, 21.76], [88.37, 21.76], [88.37, 21.76]]], [[[89.01, 21.76], [89.06, 21.72], [89.02, 21.72], [89.01, 21.76], [89.01, 21.76]]], [[[88.83, 21.77], [88.87, 21.76], [88.84, 21.73], [88.85, 21.62], [88.81, 21.63], [88.81, 21.72], [88.76, 21.7], [88.83, 21.77], [88.83, 21.77]]], [[[88.38, 21.76], [88.36, 21.73], [88.38, 21.76], [88.38, 21.76]]], [[[88.2, 21.77], [88.2, 21.77], [88.2, 21.77]]], [[[88.28, 21.77], [88.28, 21.77], [88.28, 21.77]]], [[[88.58, 21.78], [88.61, 21.72], [88.58, 21.72], [88.58, 21.78], [88.58, 21.78]]], [[[88.3, 21.72], [88.29, 21.78], [88.3, 21.72], [88.3, 21.72]]], [[[88.51, 21.78], [88.51, 21.78], [88.51, 21.78]]], [[[89.0, 21.79], [89.02, 21.72], [88.95, 21.76], [89.0, 21.79], [89.0, 21.79]]], [[[88.61, 21.79], [88.62, 21.71], [88.6, 21.71], [88.62, 21.75], [88.59, 21.75], [88.61, 21.79], [88.61, 21.79]]], [[[88.27, 21.79], [88.29, 21.78], [88.27, 21.79], [88.27, 21.79]]], [[[88.18, 21.79], [88.18, 21.79], [88.18, 21.79]]], [[[88.46, 21.79], [88.47, 21.73], [88.43, 21.7], [88.42, 21.77], [88.46, 21.79], [88.46, 21.79]]], [[[88.72, 21.81], [88.78, 21.72], [88.74, 21.72], [88.76, 21.68], [88.73, 21.68], [88.76, 21.66], [88.69, 21.74], [88.72, 21.81], [88.72, 21.81]]], [[[88.17, 21.81], [88.17, 21.81], [88.17, 21.81]]], [[[88.54, 21.81], [88.57, 21.8], [88.57, 21.73], [88.52, 21.72], [88.5, 21.76], [88.54, 21.79], [88.5, 21.77], [88.54, 21.81], [88.54, 21.81]]], [[[88.42, 21.81], [88.43, 21.72], [88.38, 21.77], [88.42, 21.81], [88.42, 21.81]]], [[[89.0, 21.81], [89.02, 21.76], [89.0, 21.81], [89.0, 21.81]]], [[[88.75, 21.8], [88.74, 21.77], [88.75, 21.8], [88.75, 21.8]]], [[[88.83, 21.8], [88.82, 21.75], [88.78, 21.76], [88.82, 21.82], [88.83, 21.8], [88.83, 21.8]]], [[[88.79, 21.75], [88.75, 21.74], [88.78, 21.83], [88.79, 21.75], [88.79, 21.75]]], [[[88.92, 21.83], [88.94, 21.82], [88.89, 21.75], [88.91, 21.8], [88.88, 21.81], [88.92, 21.83], [88.92, 21.83]]], [[[88.18, 21.83], [88.18, 21.83], [88.18, 21.83]]], [[[88.56, 21.83], [88.56, 21.83], [88.56, 21.83]]], [[[88.48, 21.83], [88.5, 21.81], [88.45, 21.8], [88.48, 21.83], [88.48, 21.83]]], [[[88.94, 21.85], [88.98, 21.82], [88.94, 21.8], [88.95, 21.76], [88.91, 21.76], [88.94, 21.85], [88.94, 21.85]]], [[[88.59, 21.85], [88.62, 21.83], [88.61, 21.8], [88.58, 21.8], [88.59, 21.85], [88.59, 21.85]]], [[[88.52, 21.85], [88.52, 21.83], [88.52, 21.85], [88.52, 21.85]]], [[[88.54, 21.85], [88.54, 21.85], [88.54, 21.85]]], [[[88.33, 21.86], [88.38, 21.77], [88.31, 21.71], [88.31, 21.8], [88.29, 21.77], [88.26, 21.81], [88.33, 21.86], [88.33, 21.86]]], [[[88.86, 21.87], [88.92, 21.73], [88.83, 21.78], [88.86, 21.87], [88.86, 21.87]]], [[[88.58, 21.87], [88.58, 21.87], [88.58, 21.87]]], [[[88.14, 21.88], [88.17, 21.82], [88.14, 21.68], [88.16, 21.66], [88.14, 21.63], [88.07, 21.63], [88.04, 21.65], [88.04, 21.72], [88.14, 21.88], [88.14, 21.88]]], [[[88.79, 21.88], [88.83, 21.86], [88.8, 21.79], [88.77, 21.83], [88.79, 21.88], [88.79, 21.88]]], [[[88.98, 21.89], [89.03, 21.87], [89.03, 21.85], [88.99, 21.87], [89.03, 21.82], [88.94, 21.78], [88.98, 21.8], [88.98, 21.83], [88.95, 21.83], [88.98, 21.89], [88.98, 21.89]]], [[[88.62, 21.9], [88.65, 21.87], [88.64, 21.78], [88.59, 21.85], [88.62, 21.9], [88.62, 21.9]]], [[[88.14, 21.9], [88.14, 21.9], [88.14, 21.9]]], [[[88.82, 21.9], [88.83, 21.86], [88.8, 21.87], [88.82, 21.9], [88.82, 21.9]]], [[[88.56, 21.9], [88.58, 21.88], [88.55, 21.82], [88.53, 21.85], [88.56, 21.9], [88.56, 21.9]]], [[[88.43, 21.9], [88.43, 21.9], [88.43, 21.9]]], [[[88.45, 21.9], [88.49, 21.88], [88.49, 21.84], [88.45, 21.82], [88.46, 21.79], [88.4, 21.8], [88.4, 21.88], [88.45, 21.9], [88.45, 21.9]]], [[[88.72, 21.91], [88.78, 21.87], [88.76, 21.78], [88.75, 21.82], [88.73, 21.79], [88.7, 21.82], [88.73, 21.84], [88.7, 21.82], [88.72, 21.91], [88.72, 21.91]]], [[[88.11, 21.89], [88.11, 21.89], [88.11, 21.89]]], [[[88.5, 21.91], [88.48, 21.89], [88.5, 21.91], [88.5, 21.91]]], [[[88.45, 21.91], [88.45, 21.91], [88.45, 21.91]]], [[[88.64, 21.92], [88.67, 21.91], [88.65, 21.87], [88.62, 21.9], [88.64, 21.92], [88.64, 21.92]]], [[[88.13, 21.93], [88.14, 21.9], [88.13, 21.93], [88.13, 21.93]]], [[[88.84, 21.92], [88.92, 21.93], [88.98, 21.87], [88.95, 21.85], [88.94, 21.89], [88.94, 21.84], [88.91, 21.88], [88.94, 21.85], [88.89, 21.81], [88.84, 21.92], [88.84, 21.92]]], [[[88.72, 21.93], [88.8, 21.92], [88.81, 21.88], [88.77, 21.87], [88.72, 21.93], [88.72, 21.93]]], [[[88.16, 21.94], [88.17, 21.92], [88.16, 21.94], [88.16, 21.94]]], [[[88.75, 21.98], [88.75, 21.95], [88.81, 21.93], [88.73, 21.92], [88.72, 21.98], [88.75, 21.98], [88.75, 21.98]]], [[[88.76, 22.0], [88.74, 21.98], [88.76, 22.0], [88.76, 22.0]]], [[[88.66, 22.02], [88.72, 22.0], [88.68, 21.94], [88.63, 21.95], [88.66, 22.02], [88.66, 22.02]]], [[[88.14, 22.03], [88.05, 21.91], [88.07, 22.0], [88.14, 22.03], [88.14, 22.03]]], [[[88.81, 22.02], [88.9, 22.01], [88.9, 21.92], [88.75, 21.96], [88.75, 21.99], [88.8, 21.97], [88.75, 21.99], [88.76, 22.02], [88.81, 22.02], [88.81, 22.02]]], [[[88.73, 22.05], [88.73, 22.05], [88.73, 22.05]]], [[[88.76, 22.05], [88.79, 22.03], [88.76, 22.02], [88.76, 22.05], [88.76, 22.05]]], [[[88.9, 22.05], [88.89, 22.01], [88.85, 22.04], [88.9, 22.05], [88.9, 22.05]]], [[[88.03, 22.06], [88.03, 22.06], [88.03, 22.06]]], [[[89.02, 22.05], [89.08, 22.0], [89.06, 21.93], [89.0, 21.94], [89.03, 22.0], [88.99, 21.97], [89.0, 22.01], [88.97, 21.99], [88.98, 22.05], [89.02, 22.05], [89.02, 22.05]]], [[[88.64, 22.05], [88.64, 22.05], [88.64, 22.05]]], [[[88.81, 22.06], [88.83, 22.03], [88.78, 22.04], [88.81, 22.06], [88.81, 22.06]]], [[[88.87, 22.08], [88.89, 22.05], [88.84, 22.02], [88.85, 22.06], [88.82, 22.07], [88.87, 22.08], [88.87, 22.08]]], [[[88.69, 22.08], [88.69, 22.08], [88.69, 22.08]]], [[[88.9, 22.08], [88.87, 22.06], [88.87, 22.09], [88.9, 22.08], [88.9, 22.08]]], [[[88.72, 22.1], [88.69, 22.08], [88.72, 22.1], [88.72, 22.1]]], [[[88.8, 22.09], [88.83, 22.09], [88.83, 22.06], [88.75, 22.06], [88.78, 22.11], [88.8, 22.09], [88.8, 22.09]]], [[[88.82, 22.12], [88.87, 22.08], [88.84, 22.1], [88.87, 22.08], [88.84, 22.07], [88.82, 22.1], [88.81, 22.08], [88.82, 22.12], [88.82, 22.12]]], [[[88.73, 22.11], [88.74, 22.13], [88.73, 22.11], [88.73, 22.11]]], [[[88.87, 22.17], [88.92, 22.09], [88.89, 22.11], [88.9, 22.09], [88.86, 22.09], [88.83, 22.13], [88.87, 22.17], [88.87, 22.17]]], [[[88.95, 22.19], [88.99, 22.13], [88.97, 22.08], [88.95, 22.11], [88.97, 22.08], [88.92, 22.06], [88.92, 22.02], [88.95, 22.0], [88.93, 22.06], [88.98, 22.04], [88.96, 22.02], [88.99, 21.97], [89.01, 21.98], [88.99, 21.94], [89.02, 21.9], [88.96, 21.93], [88.98, 21.95], [88.97, 21.92], [88.94, 21.93], [88.91, 21.99], [88.9, 22.07], [88.94, 22.14], [88.92, 22.12], [88.89, 22.17], [88.95, 22.19], [88.95, 22.19]]], [[[89.0, 22.2], [89.05, 22.14], [89.01, 22.11], [89.04, 22.11], [89.04, 22.05], [89.02, 22.08], [89.03, 22.05], [88.97, 22.04], [89.0, 22.12], [88.97, 22.19], [89.0, 22.2], [89.0, 22.2]]], [[[88.7, 22.21], [88.79, 22.17], [88.68, 22.08], [88.74, 22.01], [88.66, 22.02], [88.63, 22.1], [88.7, 22.21], [88.7, 22.21]]], [[[88.84, 22.19], [88.86, 22.21], [88.86, 22.14], [88.8, 22.13], [88.74, 22.06], [88.7, 22.07], [88.8, 22.18], [88.84, 22.17], [88.83, 22.21], [88.84, 22.19], [88.84, 22.19]]], [[[87.99, 22.22], [87.99, 22.22], [87.99, 22.22]]], [[[88.93, 22.23], [88.96, 22.19], [88.92, 22.18], [88.93, 22.23], [88.93, 22.23]]], [[[88.81, 22.28], [88.83, 22.24], [88.8, 22.21], [88.84, 22.17], [88.75, 22.2], [88.81, 22.28], [88.81, 22.28]]], [[[88.85, 22.36], [88.94, 22.3], [88.95, 22.22], [88.9, 22.22], [88.89, 22.27], [88.84, 22.29], [88.89, 22.27], [88.92, 22.17], [88.87, 22.17], [88.89, 22.21], [88.84, 22.21], [88.88, 22.25], [88.84, 22.22], [88.88, 22.2], [88.8, 22.22], [88.83, 22.24], [88.8, 22.33], [88.85, 22.36], [88.85, 22.36]]], [[[88.98, 22.38], [88.98, 22.32], [89.02, 22.31], [88.99, 22.28], [89.07, 22.2], [89.07, 22.14], [89.1, 22.16], [89.07, 22.13], [89.02, 22.16], [89.03, 22.2], [88.97, 22.21], [88.95, 22.25], [88.95, 22.36], [88.97, 22.41], [88.98, 22.38], [88.98, 22.38]]], [[[87.94, 22.4], [87.94, 22.4], [87.94, 22.4]]], [[[88.86, 22.4], [88.9, 22.34], [88.86, 22.4], [88.86, 22.4]]], [[[88.87, 22.41], [88.87, 22.41], [88.87, 22.41]]], [[[88.92, 22.43], [88.92, 22.43], [88.92, 22.43]]], [[[87.93, 22.42], [87.93, 22.42], [87.93, 22.42]]], [[[87.91, 22.43], [87.91, 22.43], [87.91, 22.43]]], [[[88.86, 22.47], [88.86, 22.47], [88.86, 22.47]]], [[[88.78, 22.5], [88.84, 22.43], [88.8, 22.44], [88.78, 22.5], [88.78, 22.5]]], [[[88.9, 22.55], [88.89, 22.46], [88.92, 22.39], [88.88, 22.37], [88.85, 22.43], [88.87, 22.49], [88.84, 22.51], [88.9, 22.55], [88.9, 22.55]]], [[[88.93, 22.56], [88.93, 22.56], [88.93, 22.56]]], [[[88.92, 22.57], [89.0, 22.47], [88.96, 22.36], [88.95, 22.42], [88.93, 22.4], [88.95, 22.31], [88.9, 22.35], [88.93, 22.41], [88.89, 22.47], [88.91, 22.49], [88.89, 22.56], [88.92, 22.57], [88.92, 22.57]]], [[[88.94, 22.62], [88.94, 22.62], [88.94, 22.62]]], [[[88.68, 24.32], [88.68, 24.32], [88.68, 24.32]]], [[[88.13, 27.12], [88.31, 27.13], [88.32, 27.1], [88.44, 27.08], [88.56, 27.19], [88.8, 27.14], [88.87, 27.11], [88.87, 26.95], [88.92, 27.0], [88.96, 26.92], [89.03, 26.94], [89.05, 26.9], [89.09, 26.9], [89.13, 26.81], [89.27, 26.82], [89.38, 26.87], [89.47, 26.8], [89.56, 26.82], [89.65, 26.78], [89.62, 26.72], [89.76, 26.74], [89.77, 26.7], [89.81, 26.72], [89.86, 26.7], [89.87, 26.45], [89.83, 26.41], [89.86, 26.38], [89.79, 26.36], [89.75, 26.32], [89.76, 26.29], [89.72, 26.31], [89.74, 26.27], [89.7, 26.27], [89.73, 26.24], [89.7, 26.21], [89.73, 26.21], [89.69, 26.19], [89.73, 26.17], [89.68, 26.16], [89.71, 26.17], [89.68, 26.24], [89.64, 26.23], [89.65, 26.16], [89.59, 26.16], [89.61, 26.12], [89.63, 26.13], [89.6, 26.1], [89.63, 26.11], [89.65, 26.06], [89.61, 26.06], [89.59, 25.98], [89.55, 25.96], [89.54, 26.01], [89.43, 26.01], [89.43, 26.05], [89.4, 26.01], [89.35, 26.01], [89.28, 26.05], [89.29, 26.07], [89.26, 26.06], [89.24, 26.12], [89.17, 26.13], [89.14, 26.18], [89.15, 26.24], [89.11, 26.28], [89.11, 26.32], [89.12, 26.29], [89.14, 26.32], [89.09, 26.32], [89.1, 26.39], [89.0, 26.42], [88.98, 26.46], [88.93, 26.44], [88.92, 26.37], [88.96, 26.37], [88.96, 26.33], [88.99, 26.35], [89.0, 26.29], [89.06, 26.3], [89.06, 26.24], [88.96, 26.24], [88.94, 26.29], [88.88, 26.29], [88.89, 26.24], [88.85, 26.23], [88.82, 26.31], [88.76, 26.3], [88.74, 26.36], [88.7, 26.33], [88.7, 26.39], [88.67, 26.4], [88.69, 26.41], [88.63, 26.43], [88.62, 26.47], [88.58, 26.45], [88.56, 26.49], [88.49, 26.51], [88.49, 26.54], [88.44, 26.54], [88.42, 26.63], [88.37, 26.58], [88.33, 26.49], [88.35, 26.45], [88.36, 26.49], [88.46, 26.47], [88.53, 26.37], [88.52, 26.35], [88.45, 26.37], [88.42, 26.32], [88.35, 26.29], [88.36, 26.23], [88.33, 26.2], [88.18, 26.15], [88.16, 26.07], [88.19, 26.07], [88.17, 26.05], [88.19, 26.02], [88.15, 26.02], [88.09, 25.93], [88.12, 25.85], [88.1, 25.83], [88.15, 25.77], [88.27, 25.81], [88.28, 25.77], [88.38, 25.71], [88.37, 25.69], [88.46, 25.66], [88.45, 25.59], [88.5, 25.58], [88.54, 25.51], [88.7, 25.47], [88.71, 25.5], [88.77, 25.49], [88.76, 25.52], [88.81, 25.52], [88.84, 25.47], [88.82, 25.41], [88.84, 25.36], [89.01, 25.28], [88.95, 25.26], [88.96, 25.22], [88.93, 25.22], [88.95, 25.18], [88.92, 25.17], [88.85, 25.21], [88.81, 25.17], [88.72, 25.21], [88.61, 25.21], [88.59, 25.18], [88.45, 25.2], [88.45, 25.03], [88.4, 24.94], [88.34, 24.94], [88.34, 24.87], [88.28, 24.9], [88.27, 24.87], [88.23, 24.96], [88.14, 24.94], [88.18, 24.86], [88.07, 24.77], [88.07, 24.72], [88.01, 24.66], [88.15, 24.5], [88.28, 24.44], [88.33, 24.38], [88.45, 24.38], [88.55, 24.3], [88.57, 24.33], [88.67, 24.32], [88.74, 24.27], [88.69, 24.11], [88.73, 24.1], [88.73, 23.99], [88.76, 24.01], [88.77, 23.98], [88.73, 23.98], [88.73, 23.91], [88.64, 23.86], [88.58, 23.87], [88.6, 23.81], [88.56, 23.79], [88.56, 23.64], [88.59, 23.64], [88.58, 23.6], [88.65, 23.61], [88.66, 23.55], [88.74, 23.48], [88.8, 23.5], [88.79, 23.44], [88.76, 23.44], [88.76, 23.36], [88.73, 23.35], [88.75, 23.31], [88.7, 23.3], [88.72, 23.25], [88.78, 23.22], [88.83, 23.25], [88.82, 23.23], [88.92, 23.23], [88.91, 23.21], [88.95, 23.2], [88.99, 23.22], [88.99, 23.19], [88.87, 23.1], [88.88, 23.03], [88.85, 23.01], [88.86, 22.95], [88.9, 22.95], [88.91, 22.87], [88.95, 22.88], [88.97, 22.84], [88.96, 22.79], [88.92, 22.77], [88.95, 22.66], [88.91, 22.68], [88.86, 22.66], [88.81, 22.75], [88.84, 22.73], [88.85, 22.75], [88.81, 22.75], [88.81, 22.71], [88.85, 22.71], [88.86, 22.66], [88.91, 22.68], [88.96, 22.61], [88.84, 22.51], [88.87, 22.49], [88.85, 22.43], [88.77, 22.51], [88.77, 22.56], [88.77, 22.51], [88.69, 22.52], [88.68, 22.59], [88.68, 22.53], [88.78, 22.51], [88.8, 22.44], [88.85, 22.43], [88.88, 22.35], [88.81, 22.36], [88.81, 22.3], [88.74, 22.23], [88.75, 22.2], [88.63, 22.22], [88.68, 22.28], [88.67, 22.34], [88.68, 22.29], [88.63, 22.23], [88.67, 22.21], [88.64, 22.14], [88.61, 22.11], [88.61, 22.16], [88.57, 22.19], [88.64, 22.05], [88.6, 22.02], [88.6, 22.07], [88.61, 21.91], [88.58, 21.89], [88.59, 21.93], [88.56, 21.91], [88.54, 21.97], [88.57, 21.96], [88.54, 21.97], [88.57, 21.9], [88.54, 21.91], [88.53, 21.85], [88.49, 21.88], [88.53, 21.93], [88.49, 21.97], [88.55, 21.98], [88.55, 22.04], [88.55, 21.99], [88.49, 21.97], [88.52, 21.91], [88.46, 21.9], [88.45, 22.01], [88.46, 21.92], [88.4, 21.88], [88.38, 21.9], [88.41, 21.93], [88.37, 21.97], [88.41, 21.92], [88.38, 21.91], [88.39, 21.79], [88.35, 21.82], [88.35, 21.93], [88.36, 21.86], [88.3, 21.86], [88.31, 21.88], [88.26, 21.86], [88.27, 21.89], [88.25, 21.87], [88.31, 21.86], [88.31, 21.83], [88.26, 21.81], [88.28, 21.76], [88.25, 21.8], [88.27, 21.73], [88.27, 21.76], [88.22, 21.76], [88.16, 21.88], [88.18, 21.93], [88.15, 21.96], [88.22, 22.04], [88.2, 22.18], [88.07, 22.21], [88.11, 22.3], [88.05, 22.22], [88.0, 22.23], [87.96, 22.27], [87.95, 22.41], [87.88, 22.44], [87.94, 22.39], [87.93, 22.28], [87.97, 22.22], [88.13, 22.19], [88.19, 22.1], [88.07, 22.01], [88.0, 22.1], [87.96, 22.1], [88.05, 22.02], [87.98, 21.85], [87.79, 21.69], [87.48, 21.61], [87.47, 21.73], [87.44, 21.73], [87.44, 21.76], [87.26, 21.81], [87.23, 21.96], [87.17, 21.97], [87.16, 21.93], [87.09, 21.91], [87.09, 21.86], [87.05, 21.86], [87.0, 21.9], [87.02, 22.04], [86.97, 22.08], [86.84, 22.09], [86.8, 22.15], [86.72, 22.14], [86.72, 22.22], [86.8, 22.21], [86.79, 22.26], [86.89, 22.25], [86.89, 22.3], [86.83, 22.32], [86.83, 22.41], [86.76, 22.42], [86.75, 22.48], [86.8, 22.48], [86.79, 22.54], [86.76, 22.57], [86.66, 22.57], [86.63, 22.6], [86.64, 22.66], [86.55, 22.72], [86.51, 22.7], [86.42, 22.77], [86.46, 22.9], [86.43, 22.92], [86.47, 22.95], [86.52, 22.94], [86.54, 22.99], [86.21, 22.99], [86.13, 23.09], [86.04, 23.11], [86.03, 23.15], [85.91, 23.13], [85.83, 23.19], [85.83, 23.28], [85.9, 23.37], [85.86, 23.41], [85.87, 23.48], [85.94, 23.45], [86.05, 23.49], [86.01, 23.55], [86.04, 23.58], [86.15, 23.57], [86.14, 23.48], [86.24, 23.47], [86.24, 23.42], [86.3, 23.42], [86.37, 23.48], [86.36, 23.56], [86.44, 23.63], [86.54, 23.63], [86.71, 23.7], [86.8, 23.69], [86.82, 23.78], [86.79, 23.83], [86.83, 23.81], [86.87, 23.84], [86.88, 23.81], [86.88, 23.87], [86.91, 23.88], [86.94, 23.84], [86.97, 23.87], [87.15, 23.79], [87.17, 23.82], [87.13, 23.87], [87.19, 23.84], [87.23, 23.86], [87.24, 23.82], [87.26, 23.84], [87.24, 23.9], [87.26, 23.91], [87.26, 23.87], [87.29, 23.88], [87.29, 23.96], [87.26, 23.96], [87.23, 24.04], [87.33, 24.03], [87.34, 23.99], [87.37, 24.01], [87.46, 23.98], [87.43, 24.01], [87.51, 24.03], [87.49, 24.12], [87.56, 24.08], [87.61, 24.13], [87.57, 24.16], [87.69, 24.15], [87.7, 24.18], [87.64, 24.21], [87.64, 24.25], [87.67, 24.24], [87.76, 24.3], [87.81, 24.4], [87.78, 24.41], [87.79, 24.44], [87.82, 24.45], [87.82, 24.5], [87.79, 24.49], [87.81, 24.55], [87.77, 24.58], [87.84, 24.55], [87.91, 24.58], [87.91, 24.61], [87.87, 24.61], [87.91, 24.63], [87.9, 24.72], [87.81, 24.75], [87.83, 24.79], [87.84, 24.76], [87.87, 24.77], [87.89, 24.85], [87.97, 24.88], [87.97, 24.93], [87.88, 25.03], [87.77, 25.1], [87.78, 25.2], [87.84, 25.2], [87.82, 25.24], [87.86, 25.29], [87.78, 25.33], [87.76, 25.41], [87.92, 25.54], [88.07, 25.48], [88.02, 25.58], [88.05, 25.69], [87.9, 25.77], [87.91, 25.81], [87.88, 25.83], [87.91, 25.85], [87.82, 25.87], [87.8, 25.92], [87.83, 25.93], [87.86, 26.06], [87.91, 26.09], [87.97, 26.08], [87.96, 26.15], [88.02, 26.14], [88.29, 26.35], [88.23, 26.38], [88.27, 26.42], [88.23, 26.48], [88.18, 26.49], [88.23, 26.55], [88.15, 26.51], [88.11, 26.53], [88.19, 26.73], [88.18, 26.87], [88.14, 26.89], [88.14, 26.99], [88.08, 27.04], [88.05, 27.03], [87.99, 27.13], [88.02, 27.22], [88.05, 27.22], [88.08, 27.15], [88.13, 27.12], [88.13, 27.12]]]]}}]}