sector,project_name,original_cost_cr,revised_cost_cr,anticipated_cost_cr,expenditure_cum_cr,approval_year,original_doc_year,tor_months,delayed,planned_duration_years,cost_overrun_pct,overrun_flag,overrun_ratio,physical_progress
CIVIL AVIATION,OF NEW GREEN FIELD AT HOLLONGI ITANAGAR PRADESH ),645.63,732.0,732.0,693.71,2019,2022.0,,,,13.3776,1,0.133776,99.72
POWER,LOWER H.E.P,6285.33,,,24213.84,2003,2010.0,,,,0.0,0,0.0,96.49
POWER,MULTIPURPOSE PROJECT 2880 PRADESH ),3306.4,,,3306.4,2023,2032.0,0.0,0.0,9.0,0.0,0,0.0,15.74
ROAD TRANSPORT AND HIGHWAYS,OF JORAM KOLORIANG ROAD ON EPC BASIS FROM DESIGN KM. TO KM. 154+036 [EX ) ),180.57,244.1,180.57,160.46,2017,2023.0,,,,35.183,1,0.35183,96.62
ROAD TRANSPORT AND HIGHWAYS,OF 2-LANE ROAD WITH FROM KM16.00 OF SECTION TO KM 21.500 OF ) ),1718.59,,1718.59,728.21,2017,2022.0,,,,0.0,0,0.0,73.64
ROAD TRANSPORT AND HIGHWAYS,OF HAYULIANG? HAWAI ROAD ON EPC BASIS FROM KM. 51.825 TO KM. 63.131 EXISTI ) ),256.66,,256.66,0.0,2017,2023.0,,,,0.0,0,0.0,63.59
ROAD TRANSPORT AND HIGHWAYS,OF 2-LANING WITH HARD OF ARROWA-KHUPA- SECTION OF NH-113 FROM ) ),301.06,,301.06,198.22,2020,2022.0,,,,0.0,0,0.0,81.06
ROAD TRANSPORT AND HIGHWAYS,OF 2 LANE ROAD OF PANGIN SECTION OF NH 13 ) ),450.65,,450.65,,2019,2027.0,,,,0.0,0,0.0,
ROAD TRANSPORT AND HIGHWAYS,OF ITANAGAR TO BANDARDEWA OF NH-415 FROM KM 40+430 TO ) ),496.47,,496.47,194.62,2020,2027.0,,,,0.0,0,0.0,42.69
ROAD TRANSPORT AND HIGHWAYS,KOLORIANG ROAD FROM ) ),184.88,,184.88,99.32,2020,2022.0,38.0,1.0,2.0,0.0,0,0.0,97.42
ROAD TRANSPORT AND HIGHWAYS,HAYULIANG PKG-1 ) ),1262.43,,,12.12,2024,2028.0,,,,0.0,0,0.0,2.35
ROAD TRANSPORT AND HIGHWAYS,ITHUN BRIDGE SECTION ) ),275.5,,275.5,7.61,2024,2027.0,,,,0.0,0,0.0,6.01
ROAD TRANSPORT AND HIGHWAYS,JORGING ROAD PKG-1 ) ),898.19,,898.19,7.08,2024,2027.0,,,,0.0,0,0.0,4.06
CIVIL AVIATION,OF NEW INTEGRATED BUILDING AT LGBI AIRPORT ),1142.0,,,1884.13,2016,2021.0,,,,0.0,0,0.0,87.93
COAL,OCP - 0.2 MTY ),159.77,,159.77,81.45,2022,2030.0,,,,0.0,0,0.0,0.0
HEALTH AND FAMILY WELFARE,INSTITUTE OF MEDICAL SCIENCE ASSAM ),875.0,873.92,860.0,787.9,2017,2021.0,49.0,1.0,4.0,0.0,0,0.0,99.52
PETROLEUM,GGS LIFE EXTENSION PROJECT ),198.7,,198.7,99.52,2023,2026.0,,,,0.0,0,0.0,23.8
PETROLEUM,RECOVERY TURBINE IN PFCCU ),293.5,,293.5,97.22,2023,2025.0,,,,0.0,0,0.0,91.0
PETROLEUM,PROJECT ),370.0,,370.0,255.51,2021,2025.0,,,,0.0,0,0.0,56.1
PETROLEUM,NETWORK PROJECT ),344.99,,344.99,172.04,2023,2026.0,0.0,0.0,3.0,0.0,0,0.0,45.3
PETROLEUM,OF SURFACE FACILITIES AND EVACUATION OF AND NATURAL GAS FROM NA ),543.91,726.93,726.93,491.56,2018,2020.0,,,,33.6489,1,0.336489,93.95
PETROLEUM,REFINERY EXPANSION 6 MMTPA REFINARY ),16013.82,,,16013.82,2019,2024.0,14.0,1.0,5.0,0.0,0,0.0,74.01
PETROLEUM,REFINERY EXPANSION COIT AND PIPELINES ),9447.83,,,9447.83,2019,2024.0,11.0,1.0,5.0,0.0,0,0.0,85.06
PETROLEUM,OF GUWAHATI REFINERY TO 1.2 MMTPA ALONG WITH OF CATALYTIC REFORMING ),412.0,595.2,595.2,,2021,2023.0,,,,44.466,1,0.44466,
PETROLEUM,"OF FACILITIES AT EXISTING TERMINAL, ASSAM )",277.0,,277.0,180.17,2022,2026.0,2.0,1.0,4.0,0.0,0,0.0,66.4
PETROLEUM,OF FACILITIES OF PRODUCT PIPELINE TRANSPORTATION OF ADDIT ),860.0,,860.0,535.46,2021,2024.0,,,,0.0,0,0.0,96.5
PETROLEUM,TO CONSTRUCT A FIELD GAS STATION AT BAGHJAN AREA ),430.76,,430.76,319.86,2020,2024.0,,,,0.0,0,0.0,83.66
PETROLEUM,EXPANSION OF DIGBOI FROM 0.65 TO 1.0 MMTPA ),768.0,,768.0,86.75,2022,2025.0,5.0,1.0,3.0,0.0,0,0.0,33.1
PETROLEUM,OF LPG FACILITIES AT ASSAM ),156.36,156.36,156.36,41.02,2023,2027.0,0.0,0.0,4.0,0.0,0,0.0,31.5
PETROLEUM,"UP OF NEW RAIL FED POL AT KAMARDANGA, ASSAM )",384.04,,384.04,94.0,2023,2027.0,0.0,0.0,4.0,0.0,0,0.0,34.4
ROAD TRANSPORT AND HIGHWAYS,GUWAHATI ROAD PKG-1 ) ),1081.15,,,33.93,2024,2027.0,,,,0.0,0,0.0,2.76
ROAD TRANSPORT AND HIGHWAYS,PKG-1 ) ),957.95,,957.95,,2024,2028.0,,,,0.0,0,0.0,
ROAD TRANSPORT AND HIGHWAYS,GUWAHATI ROAD PKG-2 ) ),1338.61,,,0.5,2023,2027.0,,,,0.0,0,0.0,0.0
ROAD TRANSPORT AND HIGHWAYS,? CHURAIBARI PKG-6 ) ),870.0,,870.0,0.0,2024,2027.0,,,,0.0,0,0.0,0.0
ROAD TRANSPORT AND HIGHWAYS,- SUTARKANDI SECTION ON PKG-7 ) ),791.79,,791.79,0.0,2024,2027.0,0.0,0.0,3.0,0.0,0,0.0,0.0
ROAD TRANSPORT AND HIGHWAYS,OF 4 LANE GAURIPUR ) ),421.15,,421.15,0.0,2024,2026.0,0.0,0.0,2.0,0.0,0,0.0,0.0
ROAD TRANSPORT AND HIGHWAYS,OF 2 LANE BARPETA ) ),173.65,,173.65,0.0,2023,2026.0,,,,0.0,0,0.0,0.0
ROAD TRANSPORT AND HIGHWAYS,CHURAIBARI PKG-5 ) ),1258.13,,,0.0,2024,2027.0,,,,0.0,0,0.0,0.0
ROAD TRANSPORT AND HIGHWAYS,OF 4-LANE PANCHGRAM FROM DESIGN CHAINAGE KM ) ),728.97,,728.97,279.87,2023,2027.0,,,,0.0,0,0.0,42.68
ROAD TRANSPORT AND HIGHWAYS,TO 4-LANE WITH FROM KM 55+000 ) ),665.47,,665.47,183.63,2023,2027.0,,,,0.0,0,0.0,45.53
ROAD TRANSPORT AND HIGHWAYS,OF EXTERNAL TRUNK AND INTERNAL WORKS AT MULTI ) ),592.06,,592.06,,2020,2022.0,,,,0.0,0,0.0,
ROAD TRANSPORT AND HIGHWAYS,VAIRENGTE SAIRANG ROAD PKG- ) ),1716.21,,,983.58,2023,2026.0,,,,0.0,0,0.0,64.03
ROAD TRANSPORT AND HIGHWAYS,OF BADARPUR BYPASS CHAINAGE KM 27+300 AT WITH NH-6 ) ),574.26,,574.26,297.5,2023,2026.0,,,,0.0,0,0.0,54.88
ROAD TRANSPORT AND HIGHWAYS,MAHUR ROAD PKG-7 ) ),846.82,,846.82,404.51,2023,2026.0,,,,0.0,0,0.0,68.8
ROAD TRANSPORT AND HIGHWAYS,OF 2-LANE MAJOR BRIDGE APPROACHESOVER BETWEEN MAJULI ON ) ),925.47,,925.47,192.5,2021,2025.0,,,,0.0,0,0.0,30.65
ROAD TRANSPORT AND HIGHWAYS,BRIDGE ) ),746.76,,746.76,335.2,2021,2024.0,,,,0.0,0,0.0,66.96
ROAD TRANSPORT AND HIGHWAYS,KATHKATI PACKAGE-5 ) ),288.85,,288.85,247.76,2021,2023.0,,,,0.0,0,0.0,100.0
ROAD TRANSPORT AND HIGHWAYS,ROAD PKG- ) ),286.72,,286.72,158.15,2021,2024.0,,,,0.0,0,0.0,81.63
ROAD TRANSPORT AND HIGHWAYS,PHULBARI BRIDGE WITH ROAD ) ),4997.04,,,,2020,2028.0,0.0,0.0,8.0,0.0,0,0.0,
ROAD TRANSPORT AND HIGHWAYS,FROM YAINGANGPOKPI TO FINCH ) ),217.5,,217.5,88.99,2020,2022.0,42.0,1.0,2.0,0.0,0,0.0,68.03
ROAD TRANSPORT AND HIGHWAYS,KATHKATI PACKAGE-6 ) ),625.64,,625.64,556.44,2021,2024.0,,,,0.0,0,0.0,100.0
ROAD TRANSPORT AND HIGHWAYS,OF SRIRAMPUR-DHUBRI PKG- ) ),909.02,,909.02,532.44,2022,2025.0,,,,0.0,0,0.0,98.92
ROAD TRANSPORT AND HIGHWAYS,"FLYOVERS AT RAHA, BORGHAT, KATHIATALI AND ROB AT JAGIROAD ON )",175.0,,175.0,200.8,2022,2022.0,,,,0.0,0,0.0,100.0
ROAD TRANSPORT AND HIGHWAYS,WORK OF 4L OF JUNCTION- ROAD SECTION FROM KM KM 49.23 ),1909.98,,,654.6,2022,2026.0,,,,0.0,0,0.0,77.1
ROAD TRANSPORT AND HIGHWAYS,"FLYOVERS AT CHAPAGURI, PATHSALA, CHOWK AND BAIHATA BYPASS )",457.72,,457.72,366.34,2022,2024.0,,,,0.0,0,0.0,100.0
ROAD TRANSPORT AND HIGHWAYS,- DHUBRI PKG-1 ) ),613.89,,613.89,110.76,2022,2025.0,,,,0.0,0,0.0,35.7
ROAD TRANSPORT AND HIGHWAYS,BYPASS ) ),458.59,,458.59,,2023,2025.0,2.0,1.0,2.0,0.0,0,0.0,
ROAD TRANSPORT AND HIGHWAYS,OF MANGALDOI BYPASS AT CH 26+400 AND AT CH 41+505 UNDER RA ) ),535.03,,535.03,102.23,2022,2025.0,,,,0.0,0,0.0,34.15
ROAD TRANSPORT AND HIGHWAYS,AND UPGRADATION TO TWO PAVED SHOULDERS ROAD ) ),890.33,,890.33,454.34,2023,2025.0,,,,0.0,0,0.0,63.7
ROAD TRANSPORT AND HIGHWAYS,TO 4-LANE WITH FROM KM 0+800 ) ),609.16,,609.16,305.73,2023,2026.0,,,,0.0,0,0.0,94.97
ROAD TRANSPORT AND HIGHWAYS,TO 4-LANE WITH FROM KM 27+701 ) ),562.05,,562.05,290.2,2023,2026.0,,,,0.0,0,0.0,95.71
ROAD TRANSPORT AND HIGHWAYS,KATHKATI PACKAGE-7 ) ),204.1,,204.1,143.45,2021,2024.0,,,,0.0,0,0.0,96.02
ROAD TRANSPORT AND HIGHWAYS,ROAD PKG-8 ) ),1457.59,,,,2023,2026.0,,,,0.0,0,0.0,
ROAD TRANSPORT AND HIGHWAYS,ROAD PKG-9 ) ),1000.27,,,304.61,2023,2026.0,,,,0.0,0,0.0,27.07
ROAD TRANSPORT AND HIGHWAYS,ROAD PKG-10 ) ),1264.9,,,422.31,2023,2026.0,,,,0.0,0,0.0,25.57
ROAD TRANSPORT AND HIGHWAYS,BYPASS OF DABOKA - PKG -1 ) ),516.88,,516.88,242.91,2023,2025.0,0.0,0.0,2.0,0.0,0,0.0,73.5
ROAD TRANSPORT AND HIGHWAYS,PAVED SHOULDER FROM KM EXISTING DIBRUGARH ) ),356.65,,356.65,129.18,2023,2025.0,,,,0.0,0,0.0,16.28
ROAD TRANSPORT AND HIGHWAYS,OF HAPACHARA - TULUNGIA ) ),220.2,,220.2,217.18,2020,2022.0,18.0,1.0,2.0,0.0,0,0.0,97.76
ROAD TRANSPORT AND HIGHWAYS,OF JORHAT TO JHANJI SECTION TO KM 454.240) ) ),437.39,,437.39,574.56,2015,2023.0,,,,0.0,0,0.0,96.95
ROAD TRANSPORT AND HIGHWAYS,OF JHANJHI JN TO DEMOW FROM KM. 491.050 TO KM. KM 490.800 TO KM 5 ) ),463.49,,463.49,515.52,2015,2024.0,,,,0.0,0,0.0,76.95
ROAD TRANSPORT AND HIGHWAYS,FROM JAMUGURI TO BISWANATH FROM KM 182 TO KM 208 OF NH- ) ),520.01,,520.01,,1991,2019.0,,,,0.0,0,0.0,
ROAD TRANSPORT AND HIGHWAYS,FROM RANGAGARA TO TINALI FROM KM 297.00 TO KM NH-37 ON EPC BASIS. ) ),289.99,,289.99,233.23,2015,2018.0,,,,0.0,0,0.0,88.03
ROAD TRANSPORT AND HIGHWAYS,OF NH-37 SECTION BETWEEN TO END OF MORAN BYPASS KM. 534.800 TO KM. 561.700) O ) ),294.17,,294.17,389.75,2016,2016.0,,,,0.0,0,0.0,97.88
ROAD TRANSPORT AND HIGHWAYS,OF NH 37 SECTION BETWEEN MORAN BYPASS TO BOGIBEEL ) ),252.0,,330.3,219.65,2016,2021.0,,,,31.0714,1,0.310714,91.31
CIVIL AVIATION,"OF NEW INTEGRATED BUILDING, CONTROL TOWER BLOCK, APRON, LINK TAX )",499.0,,499.0,154.47,2021,2024.0,,,,0.0,0,0.0,40.36
RAILWAYS,TO IMPHAL,15338.76,,,15338.76,2003,2026.0,,,,0.0,0,0.0,69.0
ROAD TRANSPORT AND HIGHWAYS,OF CHURACHANDPUR TUIVAI ) ),177.76,,177.76,,2020,2022.0,34.0,1.0,2.0,0.0,0,0.0,
ROAD TRANSPORT AND HIGHWAYS,OF 2-LANE TO 4-LANE DIVIDED FROM TAPHOU KUKI TO DAILI ) ),379.39,,379.39,218.03,2020,2022.0,,,,0.0,0,0.0,70.31
ROAD TRANSPORT AND HIGHWAYS,- KHONGSANG PKG-5 ) ),410.68,,410.68,147.81,2021,2024.0,,,,0.0,0,0.0,68.79
ROAD TRANSPORT AND HIGHWAYS,- KHONGSANG PKG-6 ) ),504.76,,504.76,183.15,2021,2025.0,,,,0.0,0,0.0,76.52
ROAD TRANSPORT AND HIGHWAYS,- JESSAMI SECTION PKG-2 ) ),152.11,,152.11,73.48,2022,2025.0,,,,0.0,0,0.0,100.0
ROAD TRANSPORT AND HIGHWAYS,- KHONGSANG PKG-4 ) ),579.63,,579.63,172.65,2021,2023.0,,,,0.0,0,0.0,72.0
ROAD TRANSPORT AND HIGHWAYS,OF 2-LANING WITH HARD ROAD OF UKHRUL - TOLOI - OF NH-102A FROM ) ),310.76,,310.76,129.15,2021,2024.0,,,,0.0,0,0.0,96.77
ROAD TRANSPORT AND HIGHWAYS,- PEREN PKG-1A ) ),226.32,,226.32,105.78,2021,2022.0,,,,0.0,0,0.0,74.48
ROAD TRANSPORT AND HIGHWAYS,- PEREN,188.36,,188.36,,2021,2022.0,,,,0.0,0,0.0,
ROAD TRANSPORT AND HIGHWAYS,- MAHUR PKG-3 ) ),234.08,,234.08,139.45,2021,2022.0,,,,0.0,0,0.0,92.82
ROAD TRANSPORT AND HIGHWAYS,- PEREN PKG-3 ) ),467.41,,467.41,264.83,2021,2023.0,,,,0.0,0,0.0,100.0
ROAD TRANSPORT AND HIGHWAYS,- MAHUR PKG-5 ) ),477.86,,477.86,246.09,2021,2023.0,,,,0.0,0,0.0,84.6
ROAD TRANSPORT AND HIGHWAYS,- MAHUR PKG-6 ) ),311.18,,311.18,190.96,2021,2023.0,,,,0.0,0,0.0,83.5
ROAD TRANSPORT AND HIGHWAYS,IMPHAL PKG-5B ) ),211.7,,211.7,83.79,2021,2023.0,,,,0.0,0,0.0,70.72
ROAD TRANSPORT AND HIGHWAYS,- KHONGSANG PKG-3 ) ),467.0,,467.0,193.81,2021,2023.0,,,,0.0,0,0.0,77.8
ROAD TRANSPORT AND HIGHWAYS,- MAHUR PKG-1 ) ),185.8,,185.8,117.78,2021,2023.0,,,,0.0,0,0.0,100.0
ROAD TRANSPORT AND HIGHWAYS,- MAHUR PKG-2 ) ),483.87,,483.87,278.89,2021,2023.0,,,,0.0,0,0.0,92.94
ROAD TRANSPORT AND HIGHWAYS,- MAHUR PKG-4 ) ),198.77,,198.77,127.86,2021,2023.0,,,,0.0,0,0.0,100.0
ROAD TRANSPORT AND HIGHWAYS,TUIVAI PKG-3 ) ),673.27,,673.27,,2021,2023.0,,,,0.0,0,0.0,
ROAD TRANSPORT AND HIGHWAYS,TOLOI TADUBI PKG-2 ) ),578.98,,578.98,153.92,2023,2026.0,,,,0.0,0,0.0,71.25
ROAD TRANSPORT AND HIGHWAYS,KHULLEN TO JESSAMI SECTION KM 95.700 TO KM 14 ) ),554.66,,554.66,17.79,2023,2026.0,,,,0.0,0,0.0,11.93
ROAD TRANSPORT AND HIGHWAYS,ROAD PKG-4B ) ),268.98,,268.98,13.14,2020,2026.0,,,,0.0,0,0.0,15.9
ROAD TRANSPORT AND HIGHWAYS,- KHONGSANG - JIRIBAM PKG-2 ) ),195.14,,195.14,0.0,2021,2026.0,,,,0.0,0,0.0,7.19
ROAD TRANSPORT AND HIGHWAYS,TO JIRIBAM PKG-7 ) ),760.16,,760.16,148.98,2023,2025.0,,,,0.0,0,0.0,60.6
ROAD TRANSPORT AND HIGHWAYS,ROAD PKG-5A ) ),228.97,,228.97,0.0,2020,2026.0,,,,0.0,0,0.0,5.96
ROAD TRANSPORT AND HIGHWAYS,TO LAYNEN BRIDGE UKHRUL - PKG-7 ) ),164.89,,164.89,1.46,2023,2026.0,0.0,0.0,3.0,0.0,0,0.0,6.5
ROAD TRANSPORT AND HIGHWAYS,TO MARREM KHULLEN SECTION UKHRUL - JESSAMI PKG-5 ) ),564.05,,564.05,0.0,2023,2027.0,0.0,0.0,4.0,0.0,0,0.0,0.0
DEPARTMENT OF HIGHER EDUCATION,AND DEVELOPMENT OF INSTITUTE OF TECHNOLOGY PERMANENT CAMPUS AT HIGHER ) ),484.32,429.7,494.52,,2013,2014.0,,,,0.0,0,0.0,
ROAD TRANSPORT AND HIGHWAYS,PKG-1B ) ),705.83,,705.83,0.31,2023,2027.0,,,,0.0,0,0.0,1.55
ROAD TRANSPORT AND HIGHWAYS,BAGHMARA ) ),157.86,146.92,157.86,152.95,2020,2022.0,34.0,1.0,2.0,0.0,0,0.0,100.0
ROAD TRANSPORT AND HIGHWAYS,AND WIDENING TWO WITH PAVED SHOULDER OF HIGHWAY 127B FROM KM 31.500 ) ),504.0,,504.0,0.0,2023,2027.0,,,,0.0,0,0.0,0.0
ROAD TRANSPORT AND HIGHWAYS,OF 2-LANE WITH PAVED OF SHILLONG WESTERN STARTING FROM NH-06 NEAR ) ),620.3,,620.3,221.86,2023,2026.0,,,,0.0,0,0.0,28.0
ROAD TRANSPORT AND HIGHWAYS,WESTERN BYPASS PACKAGE-2 ) ),686.0,,686.0,292.69,2023,2026.0,,,,0.0,0,0.0,25.52
ROAD TRANSPORT AND HIGHWAYS,OF 2-LANE WITH PAVED OF SHILLONG WESTERN STARTING FROM NH-06 NEAR LADU ) ),562.48,,562.48,297.79,2023,2026.0,,,,0.0,0,0.0,24.0
ROAD TRANSPORT AND HIGHWAYS,TO 2-LANE WITH KM 63.530) BETWEEN SHIL ) ),445.51,,445.51,207.2,2020,2023.0,,,,0.0,0,0.0,26.0
ROAD TRANSPORT AND HIGHWAYS,TO 2-LANE WITH / 4-LANING FROM KM 63.530 TO KM 71.520) B ) ),284.21,,284.21,,2020,2023.0,,,,0.0,0,0.0,
ROAD TRANSPORT AND HIGHWAYS,AND UP GRADATION OF ROAD UP BORDER FROM ) ),359.86,,359.86,233.26,2021,2024.0,,,,0.0,0,0.0,87.0
ROAD TRANSPORT AND HIGHWAYS,AND UPGRADATION OF TO WAHKAJI SECTION OF ROAD KM 0.000 TO KM 43.06 ) ),302.88,,302.88,228.68,2020,2022.0,,,,0.0,0,0.0,96.0
ROAD TRANSPORT AND HIGHWAYS,MAHESHKHOLA- BAGHMARA ) ),283.5,,283.5,257.26,2021,2024.0,,,,0.0,0,0.0,100.0
ROAD TRANSPORT AND HIGHWAYS,TO 2-L WITH ) ),351.12,,351.12,295.88,2020,2023.0,,,,0.0,0,0.0,62.5
ROAD TRANSPORT AND HIGHWAYS,TO 2-LANE WITH KM 37.550) BETWEEN SHIL ) ),525.68,,525.68,434.11,2020,2023.0,,,,0.0,0,0.0,31.0
ROAD TRANSPORT AND HIGHWAYS,TO 2-LANE WITH GEOMETRIC OF TURA DALU ROAD FUNDING FROM KM 85.000 T ) ),553.51,610.09,553.51,432.78,2017,2021.0,,,,10.222,1,0.10222,92.01
RAILWAYS,"SAIRONG, NL, NEFR )",6527.45,,8213.72,8001.88,2008,2025.0,,,,25.8335,1,0.258335,97.0
ROAD TRANSPORT AND HIGHWAYS,AND UP-GRADATION TO 2-LANE SHOULDER CONFIGURATION IMPROVEMENTS FRO ) ),428.11,,746.39,613.69,2017,2023.0,,,,74.3454,1,0.743454,98.7
ROAD TRANSPORT AND HIGHWAYS,OF TWO LANE WITH OF SELLING-DULTE ) ),292.24,,331.17,,2020,2022.0,,,,13.3212,1,0.133212,
ROAD TRANSPORT AND HIGHWAYS,- TUVAI PKG-3 ) ),500.88,,500.88,263.48,2021,2025.0,,,,0.0,0,0.0,68.8
ROAD TRANSPORT AND HIGHWAYS,TO 2-LANE WITH PAVED OF NGOPA - PAWLRANG OF NH 102B OF AIZAWL - IMPHA ) ),523.78,,523.78,366.81,2021,2025.0,,,,0.0,0,0.0,80.51
ROAD TRANSPORT AND HIGHWAYS,- CHAMPAI PKG.2 ) ),233.25,,233.25,172.09,2021,2022.0,,,,0.0,0,0.0,100.0
ROAD TRANSPORT AND HIGHWAYS,- LUNGLEI PKG-A ) ),698.44,,698.45,496.84,2021,2022.0,,,,0.0014,1,1.4e-05,59.4
ROAD TRANSPORT AND HIGHWAYS,- LUNGLEI PKG-B ) ),740.58,,740.58,364.34,2021,2023.0,,,,0.0,0,0.0,57.4
ROAD TRANSPORT AND HIGHWAYS,- TUVAI PKG-1 ) ),492.94,,492.94,365.86,2021,2023.0,,,,0.0,0,0.0,90.5
ROAD TRANSPORT AND HIGHWAYS,HMAWNGBU-LONGMASU,781.85,,781.85,33.56,2023,2026.0,,,,0.0,0,0.0,3.0
PETROLEUM,"OF DIMAPUR DEPOT, )",227.62,,227.62,6.12,2023,2027.0,0.0,0.0,4.0,0.0,0,0.0,18.0
RAILWAYS,FROM DIMAPUR TO NATIONAL PROJECT ),6663.2,,6663.2,4789.15,2006,2026.0,,,,0.0,0,0.0,73.0
ROAD TRANSPORT AND HIGHWAYS,SECTION PKG-2 ) ),258.52,,258.52,89.46,2021,2023.0,,,,0.0,0,0.0,79.7
ROAD TRANSPORT AND HIGHWAYS,TO 2 LANE WITH HARD OF AKEGWO-AVANGKHU OF NH-202K FOR PACKAGE-I CH ) ),430.24,,430.24,100.51,2022,2026.0,,,,0.0,0,0.0,54.28
ROAD TRANSPORT AND HIGHWAYS,TO 2 LANE WITH HARD OF AKEGWO-AVANGKHU OF NH-202K FOR PACKAGE-II C ) ),442.54,,442.54,50.6,2022,2026.0,,,,0.0,0,0.0,26.58
ROAD TRANSPORT AND HIGHWAYS,TO 2 LANE WITH HARD OF AKEGWO-AVANGKHU OF NH-202K FOR PACKAGE-III ) ),497.18,,497.18,163.84,2022,2026.0,,,,0.0,0,0.0,62.02
ROAD TRANSPORT AND HIGHWAYS,OF EXISTING SINGLE LANE / LANE ROAD TO 2 LANE 101 TO KM 125 OF NH 61 I ) ),252.19,,252.19,14.25,2020,2024.0,,,,0.0,0,0.0,17.9
ROAD TRANSPORT AND HIGHWAYS,TO EXISTING SINGLE LANE LANE TO 2 LANE FROM ) ),297.24,,297.24,137.76,2021,2024.0,,,,0.0,0,0.0,79.47
ROAD TRANSPORT AND HIGHWAYS,TO EXISTING RANE TO 2 LANE 135 TO KM 147 AND FROM KM ) ),226.44,,226.44,140.24,2021,2024.0,,,,0.0,0,0.0,100.0
ROAD TRANSPORT AND HIGHWAYS,OF EXISTING SINGLE LANE INTERMEDIATE LANE ROAD TO CHARE VIA DIKHU ) ),192.93,,192.93,,2021,2025.0,,,,0.0,0,0.0,
ROAD TRANSPORT AND HIGHWAYS,PKG-3 ) ),177.77,199.02,199.02,46.94,2021,2025.0,,,,11.9536,1,0.119536,61.25
ROAD TRANSPORT AND HIGHWAYS,OF DIMAPUR KOHIMA ROAD KM 123.840 TO KM 138.775 KM 124.100 TO KM 1 ) ),373.07,534.41,534.41,382.5,2016,2019.0,,,,43.2466,1,0.432466,99.81
ROAD TRANSPORT AND HIGHWAYS,OF EXISTING DIMAPUR ROAD FROM DESIGN KM 152.490 ) ),429.52,794.74,794.74,321.4,2016,2022.0,,,,85.0298,1,0.850298,91.49
ROAD TRANSPORT AND HIGHWAYS,OF FOUR/SIX LANING LENGTH OF 20. ) ),387.0,,688.12,392.01,2017,2020.0,,,,77.8088,1,0.778088,100.0
ROAD TRANSPORT AND HIGHWAYS,OF DIMAPUR BYPASS PORTION) OF 4/6 LANE PAVEMENT BASIS FROM EXISTING ) ),500.09,698.81,698.81,393.53,2018,2022.0,,,,39.7368,1,0.397368,100.0
ROAD TRANSPORT AND HIGHWAYS,OF TWO LANE WITH HARD OF MERANGKONG-TAMLU- FROM EXISTING KM 20.456 TO ) ),215.79,,215.79,130.2,2018,2021.0,,,,0.0,0,0.0,79.58
ROAD TRANSPORT AND HIGHWAYS,OF TWO LANE WITH HARD OF MERANGKONG-TAMLU- FROM EXISTING KM 60.345 TO ) ),323.98,,323.98,119.94,2018,2018.0,,,,0.0,0,0.0,59.68
ROAD TRANSPORT AND HIGHWAYS,OF KOHIMA - JESSAMI SECTION II) ) ),355.79,,355.79,,2020,2022.0,,,,0.0,0,0.0,
ROAD TRANSPORT AND HIGHWAYS,OF CHANGTONGYA TO ) ),278.95,,278.95,166.29,2020,2022.0,12.0,1.0,2.0,0.0,0,0.0,100.0
ROAD TRANSPORT AND HIGHWAYS,OF KOHIMA - JESSAMI SECTION V) ) ),330.8,,330.8,171.89,2020,2021.0,,,,0.0,0,0.0,92.44
ROAD TRANSPORT AND HIGHWAYS,OF 2-LANE WITH PAVED OF KOHIMA-BYPASS ROAD KM 0.00 TO KM 10.500 [D ) ),232.29,350.88,232.29,70.9,2020,2022.0,,,,51.0526,1,0.510526,14.7
ROAD TRANSPORT AND HIGHWAYS,OF 2-LANE WITH PAVED OF KOHIMA-BYPASS ROAD KM10.500 TO 21.00KM [D ) ),277.44,,277.44,168.88,2020,2022.0,,,,0.0,0,0.0,67.81
ROAD TRANSPORT AND HIGHWAYS,OF 2-LANE WITH PAVED OF KOHIMA-BYPASS ROAD KM21.0 TO KM32.0 [DESIG ) ),159.85,342.29,159.85,103.95,2020,2022.0,,,,114.132,1,1.14132,29.9
ROAD TRANSPORT AND HIGHWAYS,OF 2-LANE WITH PAVED OF KOHIMA-BYPASS ROAD KM32.0 TO KM43.454 [DES ) ),202.36,,202.36,75.39,2020,2022.0,,,,0.0,0,0.0,31.02
CIVIL AVIATION,AIRPORT- WIDENING OF BASIC WESTERN SIDE OF RUNWAY 80M TO 920M I/C SLOPE ST ),323.26,,323.26,24.99,2023,2026.0,,,,0.0,0,0.0,12.0
DEPARTMENT OF HIGHER EDUCATION,"OF SIKKIM UNIVERSITY PHASE-I, PACKAGE -II AT SOUTH SIKKIM ) )",314.06,,303.55,,2020,2025.0,,,,0.0,0,0.0,
POWER,VI HE PROJECT ),5748.04,,,4341.5,2019,2024.0,,,,0.0,0,0.0,67.67
POWER,IV HE PROJECT ),938.29,,,1486.3,2021,2024.0,,,,0.0,0,0.0,88.51
RAILWAYS,NEFR ),7876.92,,,8569.25,2008,2015.0,,,,0.0,0,0.0,80.0
ROAD TRANSPORT AND HIGHWAYS,AND UPGRADATION TO 2-LANE WITH PAVED INCLUDING GEOMETRIC ) ),345.38,395.59,395.59,362.61,2020,2023.0,,,,14.5376,1,0.145376,91.24
ROAD TRANSPORT AND HIGHWAYS,OF HIGHWAY TO 2 LANE WITH FROM KM 0.00 TO KM ) ),402.94,,402.94,247.12,2019,2022.0,,,,0.0,0,0.0,76.54
ROAD TRANSPORT AND HIGHWAYS,OF HIGHWAY TO 2 LANE WITH FROM KM 13.00 TO KM ) ),295.97,,295.97,249.8,2020,2023.0,,,,0.0,0,0.0,95.66
ROAD TRANSPORT AND HIGHWAYS,OF HIGHWAY TO 2 LANE WITH FROM KM 26.10 TO KM ) ),242.97,,244.45,246.91,2020,2022.0,,,,0.6091,1,0.006091,100.0
ROAD TRANSPORT AND HIGHWAYS,OF 2-LANE WITH PAVED INCLUDING GEOMETRIC FROM KM 0.000 TO KM 16.00 ) ),375.8,,375.8,,2017,2022.0,,,,0.0,0,0.0,
ROAD TRANSPORT AND HIGHWAYS,OF 2-LANE WITH PAVED INCLUDING GEOMETRIC FROM KM 16.000 TO KM 32.5 ) ),290.05,,290.05,218.36,2017,2020.0,,,,0.0,0,0.0,100.0
ROAD TRANSPORT AND HIGHWAYS,OF 2-LANE WITH PAVED GANGTOK BYPASS ROAD FROM ) ),385.15,,385.15,170.32,2021,2024.0,,,,0.0,0,0.0,81.3
ROAD TRANSPORT AND HIGHWAYS,ROLEP- MENLA PKG- 3B ) ),410.6,379.3,379.3,234.98,2020,2024.0,,,,0.0,0,0.0,74.58
ROAD TRANSPORT AND HIGHWAYS,AND UPGRADATION OF ROAD TO 2-LANE WITH PAVED ) ),230.45,244.91,244.91,206.95,2020,2023.0,,,,6.2747,1,0.062747,82.32
ROAD TRANSPORT AND HIGHWAYS,AND UPGRADATION OF ROAD TO 2-LANE WITH PAVED FROM NEW ROLEP BRIDGE AT ) ),493.42,478.79,478.79,305.2,2020,2023.0,,,,0.0,0,0.0,58.28
ROAD TRANSPORT AND HIGHWAYS,OF 2-LANE WITH PAVED OF NEW GREEN FIELD FROM CHOCHENPHERI AT KM ) ),816.79,786.6,786.6,332.24,2020,2023.0,,,,0.0,0,0.0,51.45
ROAD TRANSPORT AND HIGHWAYS,AND UPGRADATION OF ROAD TO 2-LANE WITH PAVED INCLUDING GEOMETRIC IM ) ),292.8,,292.8,202.92,2020,2022.0,,,,0.0,0,0.0,60.9
ROAD TRANSPORT AND HIGHWAYS,OF 2-LANE ROAD WITH OF EXISTING STRETCH L ) ),183.31,439.56,439.56,,2020,2022.0,,,,139.7905,1,1.397905,
ROAD TRANSPORT AND HIGHWAYS,OF 2-LANE ROAD WITH PAVED AS REALIGNMENT ALIGNMENT) ) ),262.84,414.2,414.2,221.86,2020,2023.0,,,,57.5864,1,0.575864,47.57
PETROLEUM,RAIL FED DEPOT AT AGARTALA AS RESITEMENT DHARMANAGAR DEPOT ),656.0,,656.0,415.86,2022,2025.0,,,,0.0,0,0.0,82.2
ROAD TRANSPORT AND HIGHWAYS,?TELIAMURA-AMARPUR-HARINA- SECTION PKG-4 ) ),726.9,,726.9,0.0,2024,2026.0,,,,0.0,0,0.0,3.1
ROAD TRANSPORT AND HIGHWAYS,NAGAR TO KHAYERPUR ) ),920.66,,920.66,73.41,2023,2026.0,,,,0.0,0,0.0,22.0
ROAD TRANSPORT AND HIGHWAYS,PAVED SHOULDER AGARTALA ) ),2026.05,,,26.34,2023,2027.0,,,,0.0,0,0.0,8.38
ROAD TRANSPORT AND HIGHWAYS,AND UP-GRADATION OF DESIGN KM 25.250 TO KM ) ),174.43,,,9.34,2020,2026.0,0.0,0.0,6.0,0.0,0,0.0,16.61
ROAD TRANSPORT AND HIGHWAYS,AND WIDENING TO 2-LANE SHOULDER OF ROAD FROM ) ),431.78,,,52.82,2024,2026.0,0.0,0.0,2.0,0.0,0,0.0,34.61
ROAD TRANSPORT AND HIGHWAYS,?TELIAMURA-AMARPUR-HARINA- PACKAGE-2 ) ),657.21,,657.21,26.37,2024,2026.0,0.0,0.0,2.0,0.0,0,0.0,31.5
ROAD TRANSPORT AND HIGHWAYS,?TELIAMURA-AMARPUR-HARINA- PACKAGE-3 ) ),670.9,,670.9,,2024,2026.0,0.0,0.0,2.0,0.0,0,0.0,
ROAD TRANSPORT AND HIGHWAYS,AND WIDENING TO 2-LANE PAVED SHOULDER FROM TO SRIMANTAPUR ) ),195.95,,195.95,38.1,2023,2024.0,,,,0.0,0,0.0,45.3
ROAD TRANSPORT AND HIGHWAYS,FROM MANU-SIMLUNG PKG-2 ) ),456.88,,456.88,122.23,2022,2025.0,,,,0.0,0,0.0,49.88
ROAD TRANSPORT AND HIGHWAYS,AND UPGRADATION OF KM 0.00 TO KM 18.600 OF SECTION ) ),277.5,302.02,302.02,260.38,2020,2022.0,,,,8.836,1,0.08836,99.94
ROAD TRANSPORT AND HIGHWAYS,FROM JOLAIBARI - BELONIA ) ),201.99,,287.47,148.22,2020,2022.0,,,,42.3189,1,0.423189,100.0
ROAD TRANSPORT AND HIGHWAYS,TO KHOWAI PKG-4 ) ),159.13,171.5,171.5,,2020,2022.0,,,,7.7735,1,0.077735,
CIVIL AVIATION,"OF NEW INTEGRATED AT VSI AIRPORT,",417.23,707.73,707.73,698.8,2013,2018.0,57.0,1.0,5.0,69.6259,1,0.696259,100.0
RAILWAYS,RAIPUR,235.72,,235.72,55.79,2019,2025.0,10.0,1.0,6.0,0.0,0,0.0,55.0
ROAD TRANSPORT AND HIGHWAYS,"HARD SHOLDER , AND UP GRADATION OF KM 242.0 TO KM 298.0 OF N",409.85,,409.85,214.23,2017,2019.0,66.0,1.0,2.0,0.0,0,0.0,95.1
ROAD TRANSPORT AND HIGHWAYS,AND UP GRADATION OF KM 206.00 TO KM 242.00 TO AUSTIN CREEK) O,234.27,,234.27,126.5,2018,2020.0,58.0,1.0,2.0,0.0,0,0.0,82.97
ROAD TRANSPORT AND HIGHWAYS,AND UP GRADATION TO 2 LANE WITH CONFIGURATION FROM EXISTING KM.,237.8,,238.0,222.13,2017,2019.0,0.0,0.0,2.0,0.0841,1,0.000841,98.0
ROAD TRANSPORT AND HIGHWAYS,BULDHANA,401.0,401.0,401.0,260.08,2017,2019.0,53.0,1.0,2.0,0.0,0,0.0,97.0
ROAD TRANSPORT AND HIGHWAYS,OVER MIDDLE STRAIT,371.8,207.99,207.99,0.0,2024,2026.0,0.0,0.0,2.0,0.0,0,0.0,4.68
CIVIL AVIATION,AND ASSOCIATED WORK AT AIRPORT,611.8,,611.8,,2020,2023.0,29.0,1.0,3.0,0.0,0,0.0,
CIVIL AVIATION,AIRPORT: CONSTRUCTION TERMINAL BUILDING WORKS INCLUD,347.15,347.15,347.15,75.17,2022,2025.0,0.0,0.0,3.0,0.0,0,0.0,44.5
CIVIL AVIATION,CONSTRUCTION OF TERMINAL BUILDING AND WORKS INCLUDING MA,265.91,265.91,265.91,39.49,2023,2026.0,0.0,0.0,3.0,0.0,0,0.0,27.0
DEPARTMENT OF HIGHER EDUCATION,OF PERMANENT CAMPUS OF TECHNOLOGY MERLAPAKA VILLAGE YE ),655.34,,655.34,366.21,2019,2020.0,0.0,0.0,1.0,0.0,0,0.0,95.0
DEPARTMENT OF HIGHER EDUCATION,"OF PERMANENT CAMPUS JANGALAPALLI VILLAGE, CHITTOOR DISTRIC )",588.72,656.39,656.39,630.55,2019,2022.0,21.0,1.0,3.0,11.4944,1,0.114944,100.0
PETROLEUM,CLUSTER II DEVELOPMENT,34012.0,,34012.0,33149.29,2016,2020.0,60.0,1.0,4.0,0.0,0,0.0,96.4
PETROLEUM,OLEFINS AND AROMATICS DEMO UNIT AT VISAKH,160.0,220.0,220.0,50.04,2021,2024.0,21.0,1.0,3.0,37.5,1,0.375,58.3
PETROLEUM,"AT KURNOOL, GUNTUR AND",1420.0,,1420.0,152.86,2022,2030.0,0.0,0.0,8.0,0.0,0,0.0,6.1
PETROLEUM,PIPELINE FROM COASTAL INSTALLATION INSTALLATION AT,1932.0,,1932.0,1491.65,2019,2025.0,7.0,1.0,6.0,0.0,0,0.0,92.6
PETROLEUM,IN VR,193.0,,193.0,0.38,2024,2027.0,0.0,0.0,3.0,0.0,0,0.0,23.0
PETROLEUM,OF AVIATION FUEL FARM BHOGAPURAM AIRPORT,240.0,,240.0,,2024,2026.0,0.0,0.0,2.0,0.0,0,0.0,
POWER,SCHEME FOR SOLAR,1249.0,,1249.0,568.7,2023,2025.0,6.0,1.0,2.0,0.0,0,0.0,56.7
POWER,OF 1500MVA 3RD CAPACITY AT SUBSTATION,164.0,,164.0,60.0,2023,2025.0,0.0,0.0,2.0,0.0,0,0.0,21.0
POWER,SYSTEM FOR OF KURNOOL-IV REZ PHASE-,5000.0,,5000.0,0.0,2025,2027.0,0.0,0.0,2.0,0.0,0,0.0,
POWER,SYSTEM STRENGTHENING III PS FOR INTEGRATION OF RE GENERATION PRO,2886.0,,2886.0,0.0,2025,2027.0,0.0,0.0,2.0,0.0,0,0.0,
RAILWAYS,KALAHASTI,2312.0,,3122.35,1935.77,2011,2027.0,0.0,0.0,16.0,35.0497,1,0.350497,35.0
RAILWAYS,- KORAPUT DOUBLING,2499.71,,2499.71,1950.16,2015,2022.0,0.0,0.0,7.0,0.0,0,0.0,70.0
RAILWAYS,EXCL.,294.67,307.66,307.66,206.8,2019,2026.0,0.0,0.0,7.0,4.4083,1,0.044083,60.0
RAILWAYS,GOOTY-PENDAKALLU,351.83,,351.83,0.0,2023,2027.0,0.0,0.0,4.0,0.0,0,0.0,
RAILWAYS,KAZIPET BYEPASS LINE,647.37,,226.72,242.64,2016,2025.0,0.0,0.0,9.0,0.0,0,0.0,
RAILWAYS,GOOTY - BYPASS,302.0,,302.0,219.08,2016,2025.0,0.0,0.0,9.0,0.0,0,0.0,50.0
ROAD TRANSPORT AND HIGHWAYS,AND UPGRADATION OF KM 58-600 TO KM 140-750 IN,271.45,,,238.23,2015,2015.0,,,,0.0,0,0.0,100.0
ROAD TRANSPORT AND HIGHWAYS,OF SIX LANING OF ROAD TO 1,314.43,,348.72,85.61,2018,2020.0,48.0,1.0,2.0,10.9054,1,0.109054,69.64
ROAD TRANSPORT AND HIGHWAYS,AND UPGRADATION OF FROM KM 14.900 TO KM CH.14.900 TO 69,290.15,,236.16,205.02,2016,2017.0,90.0,1.0,1.0,0.0,0,0.0,90.0
ROAD TRANSPORT AND HIGHWAYS,AND UPGRADATION OF FROM DESIGN CHAINAGE 102.20 OF KALYANDURG,289.67,290.0,285.29,254.19,2018,2018.0,75.0,1.0,0.0,0.1139,1,0.001139,98.5
ROAD TRANSPORT AND HIGHWAYS,OF TIMMAPURAM TO SECTION FROM KM 26.150,350.61,,411.18,407.92,2016,2017.0,100.0,1.0,1.0,17.2756,1,0.172756,98.2
ROAD TRANSPORT AND HIGHWAYS,OF 2L+PS FROM NH-216,263.45,,263.45,208.15,2017,2017.0,93.0,1.0,0.0,0.0,0,0.0,85.0
ROAD TRANSPORT AND HIGHWAYS,VIJAYAWADA BYPASS FROM CH. 30+000) TO,1601.1,,1601.1,,2019,2024.0,6.0,1.0,5.0,0.0,0,0.0,
ROAD TRANSPORT AND HIGHWAYS,AND UPGRADATION TO 2- SHOULDERS OF PADERU-GONDIGUDA,222.61,,222.61,120.46,2020,2021.0,51.0,1.0,1.0,0.0,0,0.0,95.0
ROAD TRANSPORT AND HIGHWAYS,OF 4 LANE ACCESS NEW GREENFIELD HIGHWAY NH 365BG FROM RECHARLA VI,517.05,,655.06,520.94,2021,2022.0,33.0,1.0,1.0,26.6918,1,0.266918,91.97
ROAD TRANSPORT AND HIGHWAYS,OF 4 LANE ACCESS NEW GREENFIELD HIGHWAY,622.0,,817.91,541.73,2021,2022.0,33.0,1.0,1.0,31.4968,1,0.314968,75.96
ROAD TRANSPORT AND HIGHWAYS,BYPASS FROM KM. 371.920 OF NH-16,757.45,,757.45,607.76,2019,2023.0,19.0,1.0,4.0,0.0,0,0.0,99.41
ROAD TRANSPORT AND HIGHWAYS,TO KANNIGAIPAIR TO KM 116.100 OF NH 716B,818.73,,1105.0,563.32,2021,2025.0,0.0,0.0,4.0,34.9651,1,0.349651,24.92
ROAD TRANSPORT AND HIGHWAYS,KAVERI RAJA PURAM TO FROM KM 61.380 TO KM,1102.63,,1303.0,1107.66,2021,2025.0,0.0,0.0,4.0,18.172,1,0.18172,94.17
ROAD TRANSPORT AND HIGHWAYS,TO KUMARAJAPET TO KM 43.800 OF NH-716B,1484.83,,1768.0,1523.09,2021,2024.0,0.0,0.0,3.0,19.0709,1,0.190709,91.85
ROAD TRANSPORT AND HIGHWAYS,CHENNAI EXPRESSWAY FROM KM.127.000 TO KM TO GUDIP,1137.74,,1289.0,1256.44,2020,2024.0,0.0,0.0,4.0,13.2948,1,0.132948,97.1
ROAD TRANSPORT AND HIGHWAYS,CHENNAI EXPRESSWAY FROM KM.71.000 TO KM,1075.27,,,,2020,2024.0,,,,0.0,0,0.0,
ROAD TRANSPORT AND HIGHWAYS,TO PILERU SECTION TO KM 55.900 OF NH- - N/05060/01002/A,1852.12,,1787.0,777.18,2022,2025.0,0.0,0.0,3.0,0.0,0,0.0,90.0
ROAD TRANSPORT AND HIGHWAYS,POYYA - NAIDUPETA KM 183.4 OF NH 71 -,1863.09,,2238.0,1227.61,2020,2024.0,11.0,1.0,4.0,20.123,1,0.20123,98.76
ROAD TRANSPORT AND HIGHWAYS,? SABBAVARAM NH-130CD ROAD FROM KM,824.29,,924.0,514.33,2021,2024.0,17.0,1.0,3.0,12.0965,1,0.120965,75.54
ROAD TRANSPORT AND HIGHWAYS,? KORLAM SECTION OF NH- FROM KM 396.800 TO KM 2),663.6,,768.0,463.08,2021,2024.0,21.0,1.0,3.0,15.7324,1,0.157324,98.8
ROAD TRANSPORT AND HIGHWAYS,SECTION OF NH- FROM KM 365.033 TO KM 1),922.5,,1128.68,534.48,2021,2024.0,21.0,1.0,3.0,22.3501,1,0.223501,84.03
ROAD TRANSPORT AND HIGHWAYS,GREENFIELD KODUR 0.000 KMS TO KMS OF NH 544G PACKA,912.94,,912.94,238.71,2022,2025.0,5.0,1.0,3.0,0.0,0,0.0,57.4
ROAD TRANSPORT AND HIGHWAYS,GREENFIELD VANAVOLU 24.300 KM. TO 45.700 KM. OF NH 5,750.81,,750.81,145.15,2022,2025.0,0.0,0.0,3.0,0.0,0,0.0,49.1
ROAD TRANSPORT AND HIGHWAYS,GREENFIELD VANKARAKUNTA 45.700 72.000 KM. OF NH,992.89,,992.89,197.36,2022,2025.0,0.0,0.0,3.0,0.0,0,0.0,43.9
ROAD TRANSPORT AND HIGHWAYS,GREENFIELD ODULAPALLE 72.000 KM. 96.300 KM.,1058.9,,1058.9,,2022,2025.0,0.0,0.0,3.0,0.0,0,0.0,
ROAD TRANSPORT AND HIGHWAYS,GREENFIELD NALLACHERUVU PALLI YERRAGUDIPADU 129.000,1253.24,,1253.24,156.38,2023,2025.0,0.0,0.0,2.0,0.0,0,0.0,20.09
ROAD TRANSPORT AND HIGHWAYS,GREENFIELD YERRAGUDIPADU 129.000 160.000 KM.,1200.42,,1200.42,98.18,2023,2025.0,0.0,0.0,2.0,0.0,0,0.0,7.2
ROAD TRANSPORT AND HIGHWAYS,GREENFIELD AUDIREDDIPALLE 160.000 176.000 KM. PA,956.14,,956.14,215.17,2023,2025.0,0.0,0.0,2.0,0.0,0,0.0,40.2
ROAD TRANSPORT AND HIGHWAYS,GREENFIELD MALLAPALLE 176.000 KM. 196.000 KM. PACK,909.02,,909.02,129.52,2023,2025.0,0.0,0.0,2.0,0.0,0,0.0,18.1
ROAD TRANSPORT AND HIGHWAYS,BADVEL FROM KM 585.820 SECTION OF NH 67,1063.72,,1063.72,467.74,2022,2025.0,2.0,1.0,3.0,0.0,0,0.0,77.09
ROAD TRANSPORT AND HIGHWAYS,OF 4-LANE HIGHWAY TO ACHAMPETA KM. 0.000 TO KM. 12.250,648.75,,648.75,240.26,2023,2025.0,0.0,0.0,2.0,0.0,0,0.0,60.74
ROAD TRANSPORT AND HIGHWAYS,KM. 0+000 TO KM. 32+000 TO PUTTAPARTHI) OF NH-342,401.72,,401.72,139.07,2022,2024.0,9.0,1.0,2.0,0.0,0,0.0,80.0
ROAD TRANSPORT AND HIGHWAYS,TOVEMPALLI 2LPS,439.82,,439.82,119.72,2021,2024.0,14.0,1.0,3.0,0.0,0,0.0,26.73
ROAD TRANSPORT AND HIGHWAYS,PAVED SHOULDER FROM KM 51.119 OF TADIPATRI TO NH67,724.17,,724.17,,2022,2025.0,0.0,0.0,3.0,0.0,0,0.0,
ROAD TRANSPORT AND HIGHWAYS,KM 0.000 TO KM 64.020 AKIVEEDU SECTION TO TWO SHOULDERS,529.24,,529.24,224.81,2020,2023.0,27.0,1.0,3.0,0.0,0,0.0,51.78
ROAD TRANSPORT AND HIGHWAYS,TO KM. 107.224 OF DUTTALUR TO KAVALI,423.67,,423.67,145.72,2021,2024.0,8.0,1.0,3.0,0.0,0,0.0,60.53
ROAD TRANSPORT AND HIGHWAYS,MACHERLA TO FROM KM.0.000 TO 43.659 TO,403.22,,403.22,201.69,2022,2025.0,0.0,0.0,3.0,0.0,0,0.0,97.0
ROAD TRANSPORT AND HIGHWAYS,NELLORE BORDER TO FROM KM 58.635 TO KM,285.5,,285.5,204.29,2022,2025.0,0.0,0.0,3.0,0.0,0,0.0,95.0
ROAD TRANSPORT AND HIGHWAYS,TO KONTA,388.71,,388.71,159.29,2021,2024.0,6.0,1.0,3.0,0.0,0,0.0,80.0
ROAD TRANSPORT AND HIGHWAYS,2LPS OF - KOYYURU SECTION KM.43.700 TO KM 113.820,568.12,,568.12,215.09,2022,2025.0,0.0,0.0,3.0,0.0,0,0.0,91.05
ROAD TRANSPORT AND HIGHWAYS,2 LANE ROB AND ROAD OF NH165 IN OF LC NO 3ESPL3 AT KM,317.22,,317.22,84.57,2022,2025.0,0.0,0.0,3.0,0.0,0,0.0,80.0
ROAD TRANSPORT AND HIGHWAYS,TO ARAKU KM 27.480 TO KM 51.772 NH 516E,296.66,,296.66,190.3,2020,2023.0,15.0,1.0,3.0,0.0,0,0.0,87.49
ROAD TRANSPORT AND HIGHWAYS,TO CHAPRATHIPALEM NH 516E,349.29,,349.29,114.53,2020,2024.0,11.0,1.0,4.0,0.0,0,0.0,76.0
ROAD TRANSPORT AND HIGHWAYS,TO SECTION OF NH 516E,311.22,,311.22,,2020,2024.0,8.0,1.0,4.0,0.0,0,0.0,
ROAD TRANSPORT AND HIGHWAYS,KM 56.400 TO KM 120.300 JUNCTION TO NH 716G,839.98,,839.98,146.12,2022,2025.0,0.0,0.0,3.0,0.0,0,0.0,67.0
ROAD TRANSPORT AND HIGHWAYS,ROAD CONNECTING SOUTH INDUSTRIAL CLUSTER CREEK NEAR,609.43,,609.43,25.24,2022,2025.0,0.0,0.0,3.0,0.0,0,0.0,52.45
ROAD TRANSPORT AND HIGHWAYS,NH 544D FROM EXISTING KM,907.76,,907.76,388.4,2022,2025.0,0.0,0.0,3.0,0.0,0,0.0,81.35
ROAD TRANSPORT AND HIGHWAYS,OF SIX LANING OF - TURPUKANUPUR KM.57+046 TO KM.91+927,1398.84,,1398.84,58.68,2022,2025.0,0.0,0.0,3.0,0.0,0,0.0,16.0
ROAD TRANSPORT AND HIGHWAYS,KURNOOL,827.39,,827.39,333.74,2023,2025.0,0.0,0.0,2.0,0.0,0,0.0,99.15
ROAD TRANSPORT AND HIGHWAYS,EXISTING KM 39.380 MUCHUKOTA ?,972.63,,1055.23,309.39,2022,2025.0,0.0,0.0,3.0,8.4924,1,0.084924,53.38
ROAD TRANSPORT AND HIGHWAYS,MANDLEM,887.28,,887.28,293.88,2023,2025.0,0.0,0.0,2.0,0.0,0,0.0,84.5
ROAD TRANSPORT AND HIGHWAYS,CHENNAI EXPRESSWAY FROM KM.96.000 TO KM TO BANGAR,1942.94,2171.0,2171.0,,2021,2025.0,0.0,0.0,4.0,11.7379,1,0.117379,
ROAD TRANSPORT AND HIGHWAYS,TO KALUR SECTION FROM KM 92.800 AND KM 94.500 TO,1047.32,,1047.32,301.2,2023,2025.0,0.0,0.0,2.0,0.0,0,0.0,88.0
ROAD TRANSPORT AND HIGHWAYS,"OF 1 NOS ROB, 2 NOS ROADS, PROVISION OF CONSTRUCTION OF OTHE",152.05,,152.05,136.12,2023,2024.0,0.0,0.0,1.0,0.0,0,0.0,76.63
ROAD TRANSPORT AND HIGHWAYS,TO THATCHUR FROM TO VEERA KAVERI RAJA KM 43.800 TO KM 61.380 O,591.99,703.0,703.0,496.65,2021,2025.0,0.0,0.0,4.0,18.752,1,0.18752,65.28
ROAD TRANSPORT AND HIGHWAYS,OF 4 LANE ACCESS HIGHWAY FROM CROSS ROAD TO KM 0+000,909.47,,909.47,97.03,2022,2025.0,0.0,0.0,3.0,0.0,0,0.0,30.4
ROAD TRANSPORT AND HIGHWAYS,OF BALANCE WORKS 7 LOCATIONS) AND LISTED,166.52,,166.52,57.29,2022,2025.0,5.0,1.0,3.0,0.0,0,0.0,98.0
ROAD TRANSPORT AND HIGHWAYS,GREENFIELD,976.4,,976.4,229.68,2024,2026.0,0.0,0.0,2.0,0.0,0,0.0,41.0
ROAD TRANSPORT AND HIGHWAYS,GREENFIELD SOMAVARAPPADU TO MUPPAVARAM O,1103.89,,1103.89,133.88,2024,2026.0,0.0,0.0,2.0,0.0,0,0.0,14.5
ROAD TRANSPORT AND HIGHWAYS,PAVED SHOULDERS FROM KM 78+760) PUTTA,1318.57,,1318.57,201.0,2023,2025.0,0.0,0.0,2.0,0.0,0,0.0,56.0
ROAD TRANSPORT AND HIGHWAYS,? DHONE SECTION OF KM.0/0 TO 56/200 [DESIGN KM 53/33],629.73,,629.73,103.0,2023,2025.0,0.0,0.0,2.0,0.0,0,0.0,62.0
ROAD TRANSPORT AND HIGHWAYS,PAVED SHOULDER OF LAMBASINGI TO,361.24,,361.24,7.0,2023,2025.0,0.0,0.0,2.0,0.0,0,0.0,26.0
ROAD TRANSPORT AND HIGHWAYS,TO ADONI TOWN ROAD) FROM KM.62/700 TO,361.24,,361.24,109.65,2023,2026.0,0.0,0.0,3.0,0.0,0,0.0,56.0
ROAD TRANSPORT AND HIGHWAYS,SECTION 0+00 TO 47+000) OF NH-,1064.24,,1064.24,80.0,2023,2026.0,0.0,0.0,3.0,0.0,0,0.0,60.0
ROAD TRANSPORT AND HIGHWAYS,BORDER- SECTION OF NH-167K KM 248+010 TO KM 269+900,292.63,,292.63,61.36,2023,2025.0,0.0,0.0,2.0,0.0,0,0.0,20.0
ROAD TRANSPORT AND HIGHWAYS,KUNTA JUNCTION FROM KM 244+000 TO 267+990,244.83,,244.83,104.32,2022,2024.0,26.0,1.0,2.0,0.0,0,0.0,74.0
ROAD TRANSPORT AND HIGHWAYS,TO MALLAPALEM SECTION KM 133+922 TO KM 154+216 KM 133+922 TO,393.61,,393.61,40.0,2024,2024.0,24.0,1.0,0.0,0.0,0,0.0,24.0
ROAD TRANSPORT AND HIGHWAYS,OF SIX LANE ACCESS GREEN FIELD HIGHWAY,1092.18,,1092.18,0.14,2023,2027.0,0.0,0.0,4.0,0.0,0,0.0,
WATER RESOURCES,IRRIGATION PROJECT,10151.04,,55548.87,23775.68,2009,2020.0,93.0,1.0,11.0,447.2234,1,4.472234,76.0
CIVIL AVIATION,OF NEW GREEN FIELD HOLLONGI ITANAGAR PRADESH,645.63,732.0,732.0,693.71,2019,2022.0,34.0,1.0,3.0,13.3776,1,0.133776,99.72
POWER,H.E.P,6285.33,,26075.54,24213.84,2003,2010.0,188.0,1.0,7.0,314.8635,1,3.148635,96.49
POWER,PROJECT 2880 MW PRADESH,31876.39,,31876.39,,2023,2032.0,0.0,0.0,9.0,0.0,0,0.0,
ROAD TRANSPORT AND HIGHWAYS,OF JORAM KOLORIANG ROAD BASIS FROM DESIGN KM. 154+036 [EX,180.57,244.1,180.57,160.46,2017,2023.0,13.0,1.0,6.0,35.183,1,0.35183,96.62
ROAD TRANSPORT AND HIGHWAYS,OF 2-LANE ROAD WITH FROM KM16.00 OF SECTION TO KM 21.500 OF,1718.59,1718.59,1718.59,728.21,2017,2022.0,45.0,1.0,5.0,0.0,0,0.0,73.64
ROAD TRANSPORT AND HIGHWAYS,OF HAYULIANG? HAWAI ON EPC BASIS FROM TO KM. 63.131 EXISTI,256.66,,256.66,0.0,2017,2023.0,22.0,1.0,6.0,0.0,0,0.0,63.59
ROAD TRANSPORT AND HIGHWAYS,OF 2-LANING WITH HARD OF ARROWA-KHUPA- OF NH-113 FROM,301.06,,301.06,198.22,2020,2022.0,34.0,1.0,2.0,0.0,0,0.0,81.06
ROAD TRANSPORT AND HIGHWAYS,OF 2 LANE ROAD OF SECTION OF NH 13,450.65,,450.65,398.18,2019,2027.0,0.0,0.0,8.0,0.0,0,0.0,95.84
ROAD TRANSPORT AND HIGHWAYS,ITANAGAR TO BANDARDEWA NH-415 FROM KM 40+430 TO B) ON EPC,496.47,,496.47,194.62,2020,2027.0,0.0,0.0,7.0,0.0,0,0.0,42.69
ROAD TRANSPORT AND HIGHWAYS,ROAD FROM,184.88,,184.88,99.32,2020,2022.0,38.0,1.0,2.0,0.0,0,0.0,97.42
ROAD TRANSPORT AND HIGHWAYS,BRIDGE SECTION,275.5,,275.5,7.61,2024,2027.0,0.0,0.0,3.0,0.0,0,0.0,6.01
ROAD TRANSPORT AND HIGHWAYS,ROAD PKG-1,898.19,,898.19,7.08,2024,2027.0,0.0,0.0,3.0,0.0,0,0.0,4.06
CIVIL AVIATION,OF NEW INTEGRATED AT LGBI AIRPORT,1142.0,,2333.0,1884.13,2016,2021.0,53.0,1.0,5.0,104.2907,1,1.042907,87.93
COAL,OCP - 0.2 MTY,159.77,,159.77,81.45,2022,2030.0,0.0,0.0,8.0,0.0,0,0.0,
HEALTH AND FAMILY WELFARE,OF MEDICAL SCIENCE ASSAM,875.0,873.92,860.0,787.9,2017,2021.0,49.0,1.0,4.0,0.0,0,0.0,99.52
PETROLEUM,OF SURFACE FACILITIES AND EVACUATION OF NATURAL GAS FROM NA,543.91,726.93,726.93,491.56,2018,2020.0,64.0,1.0,2.0,33.6489,1,0.336489,93.95
PETROLEUM,REFINERY EXPANSION REFINARY,12366.0,,18968.0,16013.82,2019,2024.0,14.0,1.0,5.0,53.3883,1,0.533883,74.01
PETROLEUM,REFINERY EXPANSION AND PIPELINES,10228.0,,9058.0,9447.83,2019,2024.0,11.0,1.0,5.0,0.0,0,0.0,85.06
PETROLEUM,GUWAHATI REFINERY MMTPA ALONG WITH OF CATALYTIC REFORMING,412.0,595.2,595.2,396.08,2021,2023.0,31.0,1.0,2.0,44.466,1,0.44466,82.8
PETROLEUM,OF FACILITIES AT EXISTING ASSAM,277.0,,277.0,,2022,2026.0,2.0,1.0,4.0,0.0,0,0.0,
PETROLEUM,OF FACILITIES OF PRODUCT PIPELINE OF ADDIT,860.0,,860.0,535.46,2021,2024.0,7.0,1.0,3.0,0.0,0,0.0,96.5
PETROLEUM,CONSTRUCT A FIELD GAS STATION AT BAGHJAN AREA,430.76,,430.76,319.86,2020,2024.0,11.0,1.0,4.0,0.0,0,0.0,83.66
PETROLEUM,OF DIGBOI 0.65 TO 1.0 MMTPA,768.0,,768.0,86.75,2022,2025.0,5.0,1.0,3.0,0.0,0,0.0,33.1
PETROLEUM,OF LPG FACILITIES AT ASSAM,156.36,156.36,156.36,41.02,2023,2027.0,0.0,0.0,4.0,0.0,0,0.0,31.5
PETROLEUM,"OF NEW RAIL FED POL KAMARDANGA, ASSAM",384.04,,384.04,94.0,2023,2027.0,0.0,0.0,4.0,0.0,0,0.0,34.4
PETROLEUM,TURBINE IN PFCCU,293.5,,293.5,97.22,2023,2025.0,0.0,0.0,2.0,0.0,0,0.0,91.0
PETROLEUM,LIFE EXTENSION PROJECT,198.7,,198.7,99.52,2023,2026.0,0.0,0.0,3.0,0.0,0,0.0,23.8
ROAD TRANSPORT AND HIGHWAYS,JORHAT TO JHANJI SECTION KM 454.240),437.39,,437.39,,2015,2023.0,22.0,1.0,8.0,0.0,0,0.0,
ROAD TRANSPORT AND HIGHWAYS,OF JHANJHI JN TO DEMOW KM. 491.050 TO KM. KM 490.800 TO KM 5,463.49,,463.49,515.52,2015,2024.0,19.0,1.0,9.0,0.0,0,0.0,76.95
ROAD TRANSPORT AND HIGHWAYS,JAMUGURI TO BISWANATH KM 182 TO KM 208 OF NH-,520.01,,520.01,305.76,1991,2019.0,73.0,1.0,28.0,0.0,0,0.0,97.9
ROAD TRANSPORT AND HIGHWAYS,RANGAGARA TO FROM KM 297.00 TO KM ON EPC BASIS.,289.99,,289.99,233.23,2015,2018.0,84.0,1.0,3.0,0.0,0,0.0,88.03
ROAD TRANSPORT AND HIGHWAYS,NH-37 SECTION BETWEEN KM. 561.700) O,294.17,,294.17,389.75,2016,2016.0,114.0,1.0,0.0,0.0,0,0.0,97.88
ROAD TRANSPORT AND HIGHWAYS,NH 37 SECTION BETWEEN BYPASS TO BOGIBEEL,252.0,,330.3,219.65,2016,2021.0,43.0,1.0,5.0,31.0714,1,0.310714,91.31
ROAD TRANSPORT AND HIGHWAYS,HAPACHARA - TULUNGIA,220.2,,220.2,217.18,2020,2022.0,18.0,1.0,2.0,0.0,0,0.0,97.76
ROAD TRANSPORT AND HIGHWAYS,BRIDGE WITH,4997.04,,4997.04,2408.8,2020,2028.0,0.0,0.0,8.0,0.0,0,0.0,62.1
ROAD TRANSPORT AND HIGHWAYS,YAINGANGPOKPI TO FINCH,217.5,,217.5,,2020,2022.0,42.0,1.0,2.0,0.0,0,0.0,
ROAD TRANSPORT AND HIGHWAYS,PACKAGE-5,288.85,,288.85,247.76,2021,2023.0,22.0,1.0,2.0,0.0,0,0.0,100.0
ROAD TRANSPORT AND HIGHWAYS,ROAD PKG-,286.72,,286.72,158.15,2021,2024.0,21.0,1.0,3.0,0.0,0,0.0,81.63
ROAD TRANSPORT AND HIGHWAYS,OF 2-LANE MAJOR BRIDGE BETWEEN MAJULI ON,925.47,1019.17,925.47,192.5,2021,2025.0,0.0,0.0,4.0,10.1246,1,0.101246,30.65
ROAD TRANSPORT AND HIGHWAYS,BRIDGE,746.76,,746.76,335.2,2021,2024.0,25.0,1.0,3.0,0.0,0,0.0,66.96
ROAD TRANSPORT AND HIGHWAYS,PACKAGE-6,625.64,,625.64,556.44,2021,2024.0,10.0,1.0,3.0,0.0,0,0.0,100.0
ROAD TRANSPORT AND HIGHWAYS,PACKAGE-7,204.1,,204.1,143.45,2021,2024.0,12.0,1.0,3.0,0.0,0,0.0,96.02
ROAD TRANSPORT AND HIGHWAYS,OF SRIRAMPUR-DHUBRI PKG-,909.02,,909.02,532.44,2022,2025.0,5.0,1.0,3.0,0.0,0,0.0,98.92
ROAD TRANSPORT AND HIGHWAYS,"FLYOVERS AT RAHA, KATHIATALI ROB AT JAGIROAD ON",175.0,,175.0,200.8,2022,2022.0,18.0,1.0,0.0,0.0,0,0.0,100.0
ROAD TRANSPORT AND HIGHWAYS,OF 4L OF JUNCTION- ROAD SECTION FROM KM 49.23,1909.98,,1909.98,654.6,2022,2026.0,0.0,0.0,4.0,0.0,0,0.0,77.1
ROAD TRANSPORT AND HIGHWAYS,"FLYOVERS AT CHAPAGURI, PATHSALA, AND BAIHATA BYPASS",457.72,,457.72,366.34,2022,2024.0,11.0,1.0,2.0,0.0,0,0.0,100.0
ROAD TRANSPORT AND HIGHWAYS,- DHUBRI PKG-1,613.89,,613.89,110.76,2022,2025.0,21.0,1.0,3.0,0.0,0,0.0,35.7
ROAD TRANSPORT AND HIGHWAYS,OF MANGALDOI BYPASS AT CH 26+400 AND AT CH 41+505 UNDER RA,535.03,,535.03,102.23,2022,2025.0,11.0,1.0,3.0,0.0,0,0.0,34.15
ROAD TRANSPORT AND HIGHWAYS,UPGRADATION TO TWO PAVED SHOULDERS ROAD,890.33,,890.33,454.34,2023,2025.0,0.0,0.0,2.0,0.0,0,0.0,63.7
ROAD TRANSPORT AND HIGHWAYS,TO 4-LANE WITH FROM KM 0+800,609.16,,609.16,305.73,2023,2026.0,0.0,0.0,3.0,0.0,0,0.0,94.97
ROAD TRANSPORT AND HIGHWAYS,TO 4-LANE WITH FROM KM 27+701,562.05,,562.05,290.2,2023,2026.0,0.0,0.0,3.0,0.0,0,0.0,95.71
ROAD TRANSPORT AND HIGHWAYS,ROAD PKG-8,1457.59,,1457.59,537.09,2023,2026.0,0.0,0.0,3.0,0.0,0,0.0,46.78
ROAD TRANSPORT AND HIGHWAYS,ROAD PKG-9,1000.27,,1000.27,304.61,2023,2026.0,0.0,0.0,3.0,0.0,0,0.0,27.07
ROAD TRANSPORT AND HIGHWAYS,ROAD PKG-10,1264.9,,1264.9,422.31,2023,2026.0,0.0,0.0,3.0,0.0,0,0.0,25.57
ROAD TRANSPORT AND HIGHWAYS,OF DABOKA - PKG -1,516.88,,516.88,,2023,2025.0,0.0,0.0,2.0,0.0,0,0.0,
ROAD TRANSPORT AND HIGHWAYS,PAVED SHOULDER FROM KM DIBRUGARH,356.65,,356.65,129.18,2023,2025.0,12.0,1.0,2.0,0.0,0,0.0,16.28
ROAD TRANSPORT AND HIGHWAYS,OF EXTERNAL TRUNK AND INTERNAL WORKS AT MULTI,592.06,,592.06,308.87,2020,2022.0,30.0,1.0,2.0,0.0,0,0.0,100.0
ROAD TRANSPORT AND HIGHWAYS,SAIRANG ROAD PKG-,1716.21,,1716.21,983.58,2023,2026.0,0.0,0.0,3.0,0.0,0,0.0,64.03
ROAD TRANSPORT AND HIGHWAYS,OF BADARPUR BYPASS CHAINAGE KM 27+300 AT NH-6,574.26,,574.26,297.5,2023,2026.0,0.0,0.0,3.0,0.0,0,0.0,54.88
ROAD TRANSPORT AND HIGHWAYS,MAHUR ROAD PKG-7,846.82,,846.82,404.51,2023,2026.0,0.0,0.0,3.0,0.0,0,0.0,68.8
ROAD TRANSPORT AND HIGHWAYS,OF 4-LANE PANCHGRAM DESIGN CHAINAGE KM,728.97,,728.97,279.87,2023,2027.0,0.0,0.0,4.0,0.0,0,0.0,42.68
ROAD TRANSPORT AND HIGHWAYS,TO 4-LANE WITH FROM KM 55+000,665.47,,665.47,183.63,2023,2027.0,0.0,0.0,4.0,0.0,0,0.0,45.53
ROAD TRANSPORT AND HIGHWAYS,GUWAHATI ROAD PKG-1,1081.15,,1081.15,33.93,2024,2027.0,0.0,0.0,3.0,0.0,0,0.0,2.76
ROAD TRANSPORT AND HIGHWAYS,GUWAHATI ROAD PKG-2,1338.61,,1338.61,,2023,2027.0,0.0,0.0,4.0,0.0,0,0.0,
ROAD TRANSPORT AND HIGHWAYS,CHURAIBARI PKG-6,870.0,,870.0,0.0,2024,2027.0,0.0,0.0,3.0,0.0,0,0.0,
ROAD TRANSPORT AND HIGHWAYS,SUTARKANDI SECTION ON PKG-7,791.79,,791.79,0.0,2024,2027.0,0.0,0.0,3.0,0.0,0,0.0,
ROAD TRANSPORT AND HIGHWAYS,OF 4 LANE GAURIPUR,421.15,,421.15,0.0,2024,2026.0,0.0,0.0,2.0,0.0,0,0.0,
ROAD TRANSPORT AND HIGHWAYS,OF 2 LANE BARPETA,173.65,,173.65,0.0,2023,2026.0,0.0,0.0,3.0,0.0,0,0.0,
CIVIL AVIATION,OF NEW DORNESTIC AND OTHER PHASE I AND II,1216.9,,1216.9,1008.79,2018,2022.0,32.0,1.0,4.0,0.0,0,0.0,89.66
CIVIL AVIATION,"OF NEW CIVIL DARBHANGA, BIHAR. SH- OF NEW TERMINAL BUI",911.66,,911.66,122.51,2024,2026.0,0.0,0.0,2.0,0.0,0,0.0,18.0
DEPARTMENT OF HIGHER EDUCATION,OF ACADEMIC AND COMPLEX UNDER PHASE-II OF IIT PATNA ),496.18,496.0,460.0,390.15,2016,2017.0,79.0,1.0,1.0,0.0,0,0.0,100.0
DEPARTMENT OF HIGHER EDUCATION,CAMPUS FOR IIM BODH GAYA ),375.0,,375.0,342.18,2018,2020.0,54.0,1.0,2.0,0.0,0,0.0,100.0
PETROLEUM,CAPACITY EXPANSION 9.0 MMTPA,14810.0,18113.0,18113.0,10898.63,2020,2023.0,40.0,1.0,3.0,22.3025,1,0.223025,85.7
PETROLEUM,"AT KHAGARIA, SAHARSA",163.0,,163.0,,2019,2029.0,3.0,1.0,10.0,0.0,0,0.0,
PETROLEUM,OF BITUMEN UNIT ALONG WITH AT BARAUNI,389.0,,389.0,36.61,2022,2025.0,13.0,1.0,3.0,0.0,0,0.0,33.7
PETROLEUM,PROJECTS AT SIWAN WEST CHAMPARAN AND DEORIA DISTRICTS,3919.0,,3919.0,376.96,2022,2030.0,0.0,0.0,8.0,0.0,0,0.0,13.3
PETROLEUM,"PROJECTS AT MADHUBANI, SUPAUL, SHEOHAR DISTRICTS",3638.0,,3638.0,381.17,2022,2030.0,0.0,0.0,8.0,0.0,0,0.0,19.7
POWER,NTPC,8692.97,21312.11,21312.11,22290.14,2005,2011.0,161.0,1.0,6.0,145.1649,1,1.451649,95.0
POWER,POWER PLANT,10439.09,,14390.09,11676.0,2019,2024.0,21.0,1.0,5.0,37.8481,1,0.378481,90.92
POWER,EXPANSION SCHEME: 43,343.0,,343.0,0.0,2025,2026.0,0.0,0.0,1.0,0.0,0,0.0,
POWER,EXPANSION SCHEME: 44,409.0,,409.0,0.0,2025,2026.0,0.0,0.0,1.0,0.0,0,0.0,
RAILWAYS,ASTHAN,614.45,614.45,614.45,483.35,1997,2024.0,27.0,1.0,27.0,0.0,0,0.0,52.0
RAILWAYS,VIA VAISHALI,2066.78,2087.36,2087.36,2334.96,2003,2014.0,144.0,1.0,11.0,0.9958,1,0.009958,73.0
RAILWAYS,FROM ARARIA TO GALGALIA NEFR,2650.0,2132.03,4412.25,3917.04,2006,2024.0,6.0,1.0,18.0,0.0,0,0.0,90.0
RAILWAYS,INCLUDING,819.0,548.0,783.83,544.31,2009,2022.0,48.0,1.0,13.0,0.0,0,0.0,75.0
RAILWAYS,PROJECT,2462.11,1200.2,1771.07,1866.29,2015,2024.0,5.0,1.0,9.0,0.0,0,0.0,99.0
RAILWAYS,- TAL - RAJENDRAPUL GANGA BRIDGE,2373.64,1491.47,1600.0,1763.21,2015,2024.0,12.0,1.0,9.0,0.0,0,0.0,77.0
RAILWAYS,DOUBLING 109.7,1215.54,1215.54,1215.54,1577.26,2016,2024.0,6.0,1.0,8.0,0.0,0,0.0,91.0
RAILWAYS,SAGAULI DOUBLING 100.60,1586.22,1185.73,1300.0,1477.91,2016,2024.0,11.0,1.0,8.0,0.0,0,0.0,96.0
RAILWAYS,INCL. MM FOR NEW LINE FORM DANIYAWAN-,1473.3,803.09,2722.16,2786.29,1991,2023.0,26.0,1.0,32.0,0.0,0,0.0,90.0
RAILWAYS,BYE PASS LINE FROM TO BAGHA BISHUNPUR,234.0,223.69,223.69,22.57,2022,2027.0,0.0,0.0,5.0,0.0,0,0.0,
RAILWAYS,AND KATIHAR-,745.0,,942.64,336.83,2022,2027.0,0.0,0.0,5.0,26.5289,1,0.265289,35.0
ROAD TRANSPORT AND HIGHWAYS,CHAPRA-HAJIPUR,575.0,,575.0,573.48,2011,2013.0,150.0,1.0,2.0,0.0,0,0.0,89.81
ROAD TRANSPORT AND HIGHWAYS,AND UPGRADING TO 2 WITH PAVED SHOULDERS OF BIRPUR - BIHPUR,675.0,,780.77,764.69,2014,2019.0,68.0,1.0,5.0,15.6696,1,0.156696,96.0
ROAD TRANSPORT AND HIGHWAYS,- KHAGARIA SECTION OF,1041.1,567.0,639.58,553.73,2015,2019.0,75.0,1.0,4.0,0.0,0,0.0,97.58
ROAD TRANSPORT AND HIGHWAYS,OF BAKHTIYARPUR - OF NH-31,1167.45,,1182.94,753.72,2015,2019.0,68.0,1.0,4.0,1.3268,1,0.013268,99.43
ROAD TRANSPORT AND HIGHWAYS,AND UPGRADING TO 2 WITH PAVED SHOULDERS 219.945) OF NH-104,319.68,,503.28,453.0,2016,2018.0,78.0,1.0,2.0,57.4324,1,0.574324,99.0
ROAD TRANSPORT AND HIGHWAYS,OF REHABILITATION AND KM 65.400 AND K,178.85,,278.54,232.61,2016,2016.0,108.0,1.0,0.0,55.7394,1,0.557394,98.0
ROAD TRANSPORT AND HIGHWAYS,AND CONSTRUCTION OF AND UPGRADING TO 2 LOT-III-KM 156.5,553.3,,706.39,712.38,2016,2016.0,108.0,1.0,0.0,27.6685,1,0.276685,98.0
ROAD TRANSPORT AND HIGHWAYS,OF GAYA-HISUA-RAJGIRI- NH-82 IN BIHAR,1408.85,,2138.16,1738.55,2014,2016.0,104.0,1.0,2.0,51.7663,1,0.517663,97.0
ROAD TRANSPORT AND HIGHWAYS,WITH PAVED SHOULDER OF SECTION,672.89,893.92,893.92,,2017,2020.0,69.0,1.0,3.0,32.8479,1,0.328479,
ROAD TRANSPORT AND HIGHWAYS,OF AUNTA-SIMARIA,950.64,1161.0,1168.33,1156.29,2017,2022.0,40.0,1.0,5.0,22.1283,1,0.221283,99.53
ROAD TRANSPORT AND HIGHWAYS,OF NEW LINK,2598.0,,1978.01,1410.14,2017,2024.0,26.0,1.0,7.0,0.0,0,0.0,77.46
ROAD TRANSPORT AND HIGHWAYS,AND UPGRADATION OF OF MAHESHKHUNT - SECTION PKG - I,573.7,644.5,726.99,492.33,2018,2021.0,48.0,1.0,3.0,12.3409,1,0.123409,82.27
ROAD TRANSPORT AND HIGHWAYS,OF NEWLY DECLARED NH- TO CHAROUT 2 LANE WITH PAVED,496.2,470.18,470.18,399.41,2018,2021.0,45.0,1.0,3.0,0.0,0,0.0,98.25
ROAD TRANSPORT AND HIGHWAYS,OF A NEW 4 LANE MAJOR RIVER KOSI AT PHULAUT AND,1478.4,,1478.4,941.27,2018,2024.0,23.0,1.0,6.0,0.0,0,0.0,70.0
ROAD TRANSPORT AND HIGHWAYS,OF A NEW 4 LANE BRIDGE EXISTING MG SETU WITH ITS FROM KM 0.00,2926.42,,2926.42,1300.42,2019,2024.0,24.0,1.0,5.0,0.0,0,0.0,56.0
ROAD TRANSPORT AND HIGHWAYS,OF 4- LANING OF PATNA- IN THE STAT,649.9,,750.0,711.53,2013,2020.0,48.0,1.0,7.0,15.4024,1,0.154024,98.3
ROAD TRANSPORT AND HIGHWAYS,OF 4- LANING OF PATNA-,446.97,598.48,,,2013,2020.0,,,,33.8971,1,0.338971,
ROAD TRANSPORT AND HIGHWAYS,OF 4- L ANING OF PATNA- IN THE STA,464.09,605.53,765.12,698.25,2013,2020.0,49.0,1.0,7.0,30.4768,1,0.304768,97.3
ROAD TRANSPORT AND HIGHWAYS,OF 2 LANE BRIDGE KOSI WITH APPROACH BHEJA TO BAKAUR SECTION,1101.99,,1101.99,874.95,2019,2023.0,32.0,1.0,4.0,0.0,0,0.0,77.4
ROAD TRANSPORT AND HIGHWAYS,ALIGNMENT FROM TO TAL DASHRAHA OF NH-,1358.0,,1358.0,188.08,2023,2025.0,10.0,1.0,2.0,0.0,0,0.0,19.06
ROAD TRANSPORT AND HIGHWAYS,OF MUNGER TO TO MIRZACHAUKI,1198.02,,1198.02,14.85,2022,2024.0,16.0,1.0,2.0,0.0,0,0.0,
ROAD TRANSPORT AND HIGHWAYS,OF 4 LANE ELEVATED AT- GRADE IMPROVEMENTS TOWN SECTION OF NH-3,312.58,,312.58,196.82,2022,2024.0,12.0,1.0,2.0,0.0,0,0.0,82.06
ROAD TRANSPORT AND HIGHWAYS,OF AURANGABAD TO BORDER SECTION OF FROM KM. 209.827 TO,552.55,553.0,553.0,378.25,2021,2024.0,9.0,1.0,3.0,0.0814,1,0.000814,86.6
ROAD TRANSPORT AND HIGHWAYS,OF MUNGER TO BHAGALPUR BYPASS,1769.5,,1769.5,51.61,2022,2024.0,17.0,1.0,2.0,0.0,0,0.0,
ROAD TRANSPORT AND HIGHWAYS,OF 4 LANE ELEVATED AT-GRADE IMPROVEMENTS TOWN FROM DESIGN CH:,184.9,185.0,185.0,,2021,2024.0,9.0,1.0,3.0,0.0541,1,0.000541,
ROAD TRANSPORT AND HIGHWAYS,TO BIHAR- KM. 180.000 TO KM.,786.81,787.0,787.0,0.0,2022,2025.0,0.0,0.0,3.0,0.0241,1,0.000241,8.3
ROAD TRANSPORT AND HIGHWAYS,OF MUNGER TO JUNCTION TO START OF,1020.84,,1020.84,118.96,2021,2024.0,18.0,1.0,3.0,0.0,0,0.0,
ROAD TRANSPORT AND HIGHWAYS,OF MUNGER TO KHARIA VILLAGE JUNCTION,1485.66,,1485.66,35.16,2022,2024.0,21.0,1.0,2.0,0.0,0,0.0,
ROAD TRANSPORT AND HIGHWAYS,RAJAULI PKG-II FROM KM 101.630 NH20,897.45,,1090.0,1037.63,2020,2023.0,20.0,1.0,3.0,21.4552,1,0.214552,97.85
ROAD TRANSPORT AND HIGHWAYS,OF PARARIA TO MOHANIA CHAINAGE) TO,690.0,,690.0,770.73,2020,2023.0,22.0,1.0,3.0,0.0,0,0.0,98.8
ROAD TRANSPORT AND HIGHWAYS,OF TWO LANING WITH OF RAXAUL SECTION,333.6,466.59,461.41,460.38,2018,2020.0,39.0,1.0,2.0,39.8651,1,0.398651,100.0
ROAD TRANSPORT AND HIGHWAYS,TO TWO LANE WITH PAVED OF NH 122B FROM KM 29.730,624.43,,,280.98,2022,2024.0,,,,0.0,0,0.0,82.0
ROAD TRANSPORT AND HIGHWAYS,STRENTHENING FROM KM 121.025 OF NH-80,477.54,,477.54,334.36,2021,2025.0,5.0,1.0,4.0,0.0,0,0.0,90.0
ROAD TRANSPORT AND HIGHWAYS,STRENTHENING FROM KM 190.15 NH-80,566.15,,566.15,,2021,2024.0,18.0,1.0,3.0,0.0,0,0.0,
ROAD TRANSPORT AND HIGHWAYS,OF NEW 4-LANE BRIDGE EXISTING VIKRAMASHILA KM 8+920 TO KM 13+375,1110.23,,1110.23,425.49,2020,2027.0,0.0,0.0,7.0,0.0,0,0.0,40.0
ROAD TRANSPORT AND HIGHWAYS,TO TWO LANE WITH PAVED OF NH-319A FROM KM 0 TO,427.29,,,197.04,2022,2024.0,,,,0.0,0,0.0,78.0
ROAD TRANSPORT AND HIGHWAYS,OF PROPOSED 4_LANE EPC MODE CONNECTING,295.24,,295.24,77.05,2022,2025.0,0.0,0.0,3.0,0.0,0,0.0,53.0
ROAD TRANSPORT AND HIGHWAYS,OF 6- LANE BRIDGE AND ACROSS RIVER GANGA,3012.27,,3012.27,263.36,2023,2027.0,0.0,0.0,4.0,0.0,0,0.0,9.12
ROAD TRANSPORT AND HIGHWAYS,- WB-10,210.05,,210.05,104.35,2021,2024.0,26.0,1.0,3.0,0.0,0,0.0,69.0
ROAD TRANSPORT AND HIGHWAYS,RECTIFICATION OF 3 NOS. OF IN PROJECT HIGHWAY NH-27 - DEWAPUR -,381.8,,381.8,115.37,2022,2025.0,0.0,0.0,3.0,0.0,0,0.0,48.0
ROAD TRANSPORT AND HIGHWAYS,ALIGNMENT OF AMAS TO FROM 0.000 KM. TO 55.002,1390.92,,1390.92,17.54,2022,2025.0,0.0,0.0,3.0,0.0,0,0.0,22.56
ROAD TRANSPORT AND HIGHWAYS,ALIGNMENT OF TO RAMNAGAR FROM KM.,1494.31,,1494.31,,2022,2025.0,0.0,0.0,3.0,0.0,0,0.0,
ROAD TRANSPORT AND HIGHWAYS,OF 2 LANE WITH PAVED STRETCH FROM DAWATH MELAYABAGH,178.63,,178.63,116.16,2021,2025.0,3.0,1.0,4.0,0.0,0,0.0,91.0
ROAD TRANSPORT AND HIGHWAYS,OF 4 LANE ROB AND ITS AT THE LEVEL OF CROSSING,201.08,,201.08,25.42,2023,2026.0,0.0,0.0,3.0,0.0,0,0.0,25.0
ROAD TRANSPORT AND HIGHWAYS,OF 6-LANE ELEVATED / CABLE BRIDGE ON RIVER TO AND WESTERN SID,3064.45,,3064.45,78.87,2024,2027.0,0.0,0.0,3.0,0.0,0,0.0,2.0
ROAD TRANSPORT AND HIGHWAYS,IMPROVEMENT TO TWO SHOULDER FROM,495.16,,495.16,129.17,2022,2026.0,0.0,0.0,4.0,0.0,0,0.0,10.0
ROAD TRANSPORT AND HIGHWAYS,OF BHABHUA BYPASS CH. 10+800) TO CH. 18+150),179.86,,179.86,25.07,2022,2026.0,4.0,1.0,4.0,0.0,0,0.0,0.03
ROAD TRANSPORT AND HIGHWAYS,TO TWO LANE WITH PAVED JUNCTION OF NH-22 TO JUNCTION OF NH-12,226.15,,226.15,9.77,2024,2026.0,0.0,0.0,2.0,0.0,0,0.0,13.0
ROAD TRANSPORT AND HIGHWAYS,TO TWO LANE WITH PAVED OF BH/WBBORDER-AMDABAD- FROM DESIGN KM,353.27,,353.27,25.33,2022,2026.0,0.0,0.0,4.0,0.0,0,0.0,
ROAD TRANSPORT AND HIGHWAYS,RECTIFICATION OF 4 NOS. OF ON NH 27 OF KOTWA MEHSI SECTION FROM,410.75,,410.75,,2022,2026.0,0.0,0.0,4.0,0.0,0,0.0,
ROAD TRANSPORT AND HIGHWAYS,ALIGNMENT FROM KM. 89.210 OF BALBHADARPUR SECTION OF NH,2185.75,,2185.75,513.47,2022,2026.0,0.0,0.0,4.0,0.0,0,0.0,11.48
URBAN DEVELOPMENT,RAIL CORPORATION RAI ),13365.77,,13925.5,3158.18,2019,2024.0,3.0,1.0,5.0,4.1878,1,0.041878,44.0
WATER RESOURCES,STP WORKS FOR BHAGALPUR,254.13,413.29,413.29,126.67,2017,2020.0,55.0,1.0,3.0,62.6294,1,0.626294,90.0
WATER RESOURCES,SPS AND STP,305.19,,305.19,346.46,2018,2021.0,46.0,1.0,3.0,0.0,0,0.0,95.0
WATER RESOURCES,"SPS AND STP,",294.02,350.79,522.85,428.7,2018,2021.0,32.0,1.0,3.0,19.3082,1,0.193082,100.0
WATER RESOURCES,NETWORK PATNA,268.63,,493.85,491.13,2015,2021.0,17.0,1.0,6.0,83.8402,1,0.838402,100.0
WATER RESOURCES,WITH SEWER KARMALICHAK,277.42,253.98,277.42,355.31,2017,2021.0,21.0,1.0,4.0,0.0,0,0.0,100.0
WATER RESOURCES,AND STP FOR ZONE PATNA,578.89,453.83,578.89,164.87,2017,2022.0,42.0,1.0,5.0,0.0,0,0.0,52.0
WATER RESOURCES,AND STP FOR DIGHA,824.0,734.09,824.0,384.17,2017,2022.0,42.0,1.0,5.0,0.0,0,0.0,55.0
COAL,-III,610.63,,610.63,,2013,2022.0,39.0,1.0,9.0,0.0,0,0.0,
COAL,PROJECT RCE,316.1,,316.1,188.33,2015,2020.0,72.0,1.0,5.0,0.0,0,0.0,71.0
COAL,PROJECT,410.26,,410.26,180.18,2018,2026.0,0.0,0.0,8.0,0.0,0,0.0,38.0
COAL,40 MTY,5241.4,,5241.4,2820.23,2020,2029.0,0.0,0.0,9.0,0.0,0,0.0,37.3
COAL,OC RCE,459.49,,459.49,263.51,2016,2020.0,72.0,1.0,4.0,0.0,0,0.0,92.0
COAL,UG PROJECT,329.22,,329.22,60.38,2023,2029.0,0.0,0.0,6.0,0.0,0,0.0,2.0
DEPARTMENT OF HIGHER EDUCATION,"CAMPUS OF IIT BHILAI AT DURG CHHATTISGARH, I. )",808.62,879.22,808.62,640.7,2020,2022.0,20.0,1.0,2.0,8.7309,1,0.087309,100.0
POWER,"THERMAL POWER PROJECT, MW)",15530.0,,15530.0,1636.45,2023,2028.0,0.0,0.0,5.0,0.0,0,0.0,6.5
RAILWAYS,4TH LINE,2140.34,2135.34,2135.34,,2015,2024.0,14.0,1.0,9.0,0.0,0,0.0,
RAILWAYS,WITH SPUR I,3055.0,,3438.39,3117.24,2013,2018.0,90.0,1.0,5.0,12.5496,1,0.125496,92.8
RAILWAYS,OF RAIPUR,1171.3,,1171.3,617.69,2011,2024.0,8.0,1.0,13.0,0.0,0,0.0,82.0
RAILWAYS,NAGAR,169.06,,177.34,1.72,2022,2026.0,0.0,0.0,4.0,4.8977,1,0.048977,2.0
RAILWAYS,LINE - SARAGBUNDIA AND,167.64,,167.64,0.0,2022,2026.0,0.0,0.0,4.0,0.0,0,0.0,
RAILWAYS,BORIDAND - AMBIKAPUR,1376.2,1242.94,1242.94,193.79,2022,2030.0,0.0,0.0,8.0,0.0,0,0.0,12.0
RAILWAYS,- ROWGHAT,1627.56,,1627.56,1349.09,2008,2025.0,0.0,0.0,17.0,0.0,0,0.0,
RAILWAYS,HALT,241.0,,241.0,0.0,2018,2030.0,0.0,0.0,12.0,0.0,0,0.0,
ROAD TRANSPORT AND HIGHWAYS,AND UPGRADATION OF TO BEDMA SECTION KM. 130,497.14,572.66,572.66,,2016,2016.0,106.0,1.0,0.0,15.1909,1,0.151909,
ROAD TRANSPORT AND HIGHWAYS,AND UPGRADATION OF KM 373.505 TO 469.300 PATHALGAON SECTION,624.98,,731.5,620.67,2016,2016.0,101.0,1.0,0.0,17.0437,1,0.170437,100.0
ROAD TRANSPORT AND HIGHWAYS,AND UPGRADATION OF KM 469.000 TO 531.000 TO KUNKURI,452.94,,435.61,322.59,2016,2016.0,113.0,1.0,0.0,0.0,0,0.0,70.0
ROAD TRANSPORT AND HIGHWAYS,OF 4 NOS GRADE BETWEEN KM. 281.000 TO KM KUMHARI KM. 299.,349.03,,349.03,316.52,2018,2019.0,76.0,1.0,1.0,0.0,0,0.0,98.0
ROAD TRANSPORT AND HIGHWAYS,AND WIDENING OF MUNGELI SECTION NH-130A,188.8,,188.8,136.81,2017,2019.0,72.0,1.0,2.0,0.0,0,0.0,97.0
ROAD TRANSPORT AND HIGHWAYS,OF SIX LANE SARGI- OF NH 130 CD FROM 99+500 UNDER RAIPUR,1470.73,,1470.73,646.79,2021,2025.0,11.0,1.0,4.0,0.0,0,0.0,79.0
ROAD TRANSPORT AND HIGHWAYS,OF SIX LANE JHANKI SARGI FROM KM.0+000 TO 42+800 VISAKHAPATTNA,1368.19,,1368.19,896.51,2021,2024.0,19.0,1.0,3.0,0.0,0,0.0,96.4
ROAD TRANSPORT AND HIGHWAYS,TO URGA PROJECT 70.2) OF NH-130A,1855.59,2523.86,2523.86,594.46,2020,2024.0,21.0,1.0,4.0,36.0139,1,0.360139,93.03
ROAD TRANSPORT AND HIGHWAYS,OF NH 930 SHERPAR TO KM 67.880 TO KM 114.860 TO PAVED SHOULDER,278.97,,278.97,206.61,2020,2024.0,13.0,1.0,4.0,0.0,0,0.0,87.0
ROAD TRANSPORT AND HIGHWAYS,OF NH 130C ABHANPUR TO NK KM 0.000 TO KM. 40.380 WITH PAVED SHOU,193.16,,193.16,,2020,2023.0,21.0,1.0,3.0,0.0,0,0.0,
ROAD TRANSPORT AND HIGHWAYS,OF NH 130A MUNGELI TO NH KM. 51.600 TO KM. 77.870 96.970 TO 2,218.57,,218.57,136.26,2021,2024.0,8.0,1.0,3.0,0.0,0,0.0,89.0
ROAD TRANSPORT AND HIGHWAYS,OF SIX LANE BASANWAHI- OF NH 130 CD FROM 124+661 UNDER RAIPUR VIS,1307.16,,1307.16,252.68,2022,2025.0,11.0,1.0,3.0,0.0,0,0.0,33.05
ROAD TRANSPORT AND HIGHWAYS,OF 6 LANE DURG RAIPUR PKG 1 SECTION OF NH 53 TO CH 44.50,1828.0,,1828.0,543.14,2022,2025.0,0.0,0.0,3.0,0.0,0,0.0,44.72
ROAD TRANSPORT AND HIGHWAYS,OF 6 LANE DURG RAIPUR PKG 2 SECTION OF NH 53 TO CH.92+230 I,1958.94,1959.0,1958.94,690.46,2022,2025.0,0.0,0.0,3.0,0.0031,1,3.1e-05,40.01
STEEL,PIPE LINE PROJECT -,2907.0,5427.06,5427.06,2926.87,2015,2023.0,30.0,1.0,8.0,86.6894,1,0.866894,79.2
STEEL,PLANT-III AT KIRANDUL,2092.97,2718.84,2718.84,1491.2,2021,2024.0,17.0,1.0,3.0,29.9034,1,0.299034,70.81
STEEL,OF RESIDENTIAL TOWERS COMPLEX,282.44,349.75,349.75,232.34,2021,2024.0,13.0,1.0,3.0,23.8316,1,0.238316,80.66
STEEL,"OF CONVERTER VESSELS, SUPPORT SYSTEM AND OF SECONDARY EMISS",471.83,,471.83,92.37,2023,2026.0,0.0,0.0,3.0,0.0,0,0.0,24.87
STEEL,OF COKE OVEN BATTERY NO.7 STEEL PLANT,884.1,,884.1,,2023,2025.0,0.0,0.0,2.0,0.0,0,0.0,
STEEL,OF HOT LEVELLER-1 OF BHILAI STEEL PLANT,198.62,,198.62,0.0,2024,2026.0,0.0,0.0,2.0,0.0,0,0.0,5.74
URBAN DEVELOPMENT,QUARTERS,299.97,299.97,299.97,272.05,2019,2020.0,49.0,1.0,1.0,0.0,0,0.0,92.0
CIVIL AVIATION,"OF COMBINED OFFICES FOR DGCA, BCAS, AAI AT SAFDARJUNG",303.8,374.98,351.21,344.65,2016,2020.0,48.0,1.0,4.0,23.4299,1,0.234299,100.0
DPIIT,CONVENTION AND ),4773.0,,5401.0,4969.89,2017,2019.0,64.0,1.0,2.0,13.1573,1,0.131573,100.0
FINANCE,"COMPLEX BUILDING FOR OF INDIRECT TAXES AND SECTOR-9, DWARKA",228.5,,220.27,176.28,2018,2022.0,0.0,0.0,4.0,0.0,0,0.0,85.0
HOME AFFAIRS,OF CENTRAL ARMED INSTITUTE OF MEDICAL AT NEW DELHI MHA ),1219.21,2091.53,2091.53,1947.12,2013,2019.0,59.0,1.0,6.0,71.548,1,0.71548,100.0
HOME AFFAIRS,OF HEADQUARTER CRPF AT LODHI ROAD NEW MHA ),277.35,,277.35,107.0,2019,2022.0,38.0,1.0,3.0,0.0,0,0.0,64.0
RAILWAYS,BRIDGE 3RD AND 4TH,586.36,,699.0,174.22,2012,2023.0,39.0,1.0,11.0,19.21,1,0.1921,45.0
ROAD TRANSPORT AND HIGHWAYS,CONTROLLED OF DELHI HIGHWAY FROM NH 9 JUNCTION TO DELHI,1479.22,,1479.22,,2020,2024.0,0.0,0.0,4.0,0.0,0,0.0,
ROAD TRANSPORT AND HIGHWAYS,HIGHWAY FROM BAGH JN. WITH JAITPUR OF NH 148NA FROM,1467.44,,1942.89,1189.56,2020,2024.0,14.0,1.0,4.0,32.4,1,0.324,90.39
ROAD TRANSPORT AND HIGHWAYS,OF 6L UER-II,2171.8,,2171.8,958.13,2020,2023.0,20.0,1.0,3.0,0.0,0,0.0,99.99
ROAD TRANSPORT AND HIGHWAYS,FROM KM -0.600 TO SECTOR 21),2507.0,,3030.73,1155.7,2018,2022.0,36.0,1.0,4.0,20.8907,1,0.208907,95.01
ROAD TRANSPORT AND HIGHWAYS,EXPRESSWAY PKG-II,2067.67,,2160.0,1496.49,2018,2021.0,44.0,1.0,3.0,4.4654,1,0.044654,99.35
ROAD TRANSPORT AND HIGHWAYS,OF 6L UER II [PACKAGE - II] ROAD TILL NANGLOI ROAD) FROM INSTITUTE OF TELECO ),1894.96,,1894.96,741.88,2020,2023.0,21.0,1.0,3.0,0.0,0,0.0,94.65
URBAN DEVELOPMENT,PHASE-III,38585.0,43095.35,40180.91,40614.9,2011,2016.0,65.0,1.0,5.0,11.6894,1,0.116894,100.0
DPIIT,OF GPRA COLONY AT,2694.0,,2694.0,2247.61,2016,,,,,0.0,0,0.0,
DPIIT,OF GENERAL POOL COLONY AT SRINIWASPURI,1180.0,,1100.8,,2016,2021.0,35.0,1.0,5.0,0.0,0,0.0,
DPIIT,OF GPRA AT KASTURBA I,1128.0,,1128.0,709.96,2016,2022.0,27.0,1.0,6.0,0.0,0,0.0,66.0
DPIIT,PHASE IV THREE PRIORITY,24948.65,,24948.65,16065.03,2019,2025.0,12.0,1.0,6.0,0.0,0,0.0,65.67
DPIIT,"OF 184 MULTI STORIED MPS AT BKS MARG,",646.52,,646.52,489.53,2022,2024.0,6.0,1.0,2.0,0.0,0,0.0,93.0
DPIIT,OF GPRA AT NETAJI DELHI PACKAGE 2,1536.72,,1536.72,491.35,2016,2024.0,12.0,1.0,8.0,0.0,0,0.0,90.0
WATER RESOURCES,OF 564 MLD 124 MGD TREATMENT PLANT WITH OF BOD ? 10MG/L,665.78,,665.78,782.51,2017,2022.0,27.0,1.0,5.0,0.0,0,0.0,100.0
CIVIL AVIATION,OF EXISTING INTEGRATED AND ALLIED WORKS,255.69,255.69,255.69,119.89,2017,2021.0,47.0,1.0,4.0,0.0,0,0.0,85.0
DEPARTMENT OF HIGHER EDUCATION,"OF PERMANENT CAMPUS INSTITUTE OF GOA AT CUNCOLIM, GOA. )",303.9,,390.4,360.0,2019,2021.0,40.0,1.0,2.0,28.4633,1,0.284633,99.3
ROAD TRANSPORT AND HIGHWAYS,OF SIX LANE ELEVATED KM. 508.000 TO KM. APPROACHES ON N,641.46,,641.46,0.0,2023,2026.0,0.0,0.0,3.0,0.0,0,0.0,
CIVIL AVIATION,AIRPORT AT GUJARAT,1405.0,,1405.0,1304.42,2018,2022.0,28.0,1.0,4.0,0.0,0,0.0,100.0
CIVIL AVIATION,"TERMINAL BUILDING, PTT, CAR PARK AT SURAT",353.25,,353.25,,2018,2021.0,49.0,1.0,3.0,0.0,0,0.0,
CIVIL AVIATION,"OF NEW GREENFIELD DHOLERA, AHMEDABAD",1305.0,1143.95,1143.95,604.5,2022,2025.0,0.0,0.0,3.0,0.0,0,0.0,57.0
COAL,POWER PROJECT PART OF HYBRID,383.84,,383.84,303.5,2022,2025.0,7.0,1.0,3.0,0.0,0,0.0,41.0
PETROLEUM,OF SANTHAL FIELD,1162.56,,1162.56,1156.83,2017,2026.0,0.0,0.0,9.0,0.0,0,0.0,94.1
PETROLEUM,OXO-ALCOHOL PROJECT AT,5251.0,5894.0,5894.0,4682.5,2019,2023.0,25.0,1.0,4.0,12.2453,1,0.122453,99.6
PETROLEUM,AND LUBE INTEGRATION GUJARAT REFINERY,18936.0,,18936.0,10871.57,2020,2024.0,16.0,1.0,4.0,0.0,0,0.0,81.9
PETROLEUM,OF SALAYA MATHURA SYSTEM,1614.0,,1614.0,1117.38,2020,2023.0,22.0,1.0,3.0,0.0,0,0.0,96.21
PETROLEUM,OF LINCH FIELD,631.03,860.04,860.04,399.66,2021,2025.0,4.0,1.0,4.0,36.2915,1,0.362915,75.8
PETROLEUM,OF SOBHASAN COMPLEX,885.63,1286.67,1286.67,584.23,2021,2026.0,0.0,0.0,5.0,45.283,1,0.45283,71.4
PETROLEUM,POLYMER FLOODING BECHRAJI FIELD,621.4,,621.4,137.69,2022,2024.0,12.0,1.0,2.0,0.0,0,0.0,21.4
PETROLEUM,OF NEW BITUMEN UNIT ALLIED FACILITIES AT,328.0,,328.0,97.01,2022,2024.0,20.0,1.0,2.0,0.0,0,0.0,47.4
PETROLEUM,"OF GAS TERMINAL, PHASE-I PLANT",249.43,,249.43,209.4,2022,2025.0,7.0,1.0,3.0,0.0,0,0.0,93.0
PETROLEUM,REPLACEMENT,173.03,,169.84,140.45,2021,2025.0,0.0,0.0,4.0,0.0,0,0.0,84.0
PETROLEUM,"OF SV STATIONS, GAS KRIBHCO TERMINAL",837.34,,837.34,183.33,2022,2026.0,0.0,0.0,4.0,0.0,0,0.0,45.1
POWER,PV PROJECT IN GUJARAT AND RADHANPUR),674.92,726.79,726.79,572.53,2021,2022.0,31.0,1.0,1.0,7.6854,1,0.076854,100.0
POWER,ENERGY PROJECT 150MW,937.8,,937.8,800.11,2021,2023.0,25.0,1.0,2.0,0.0,0,0.0,100.0
POWER,ENERGY PROJECT 200MW,1316.02,,1316.02,324.36,2022,2025.0,10.0,1.0,3.0,0.0,0,0.0,26.0
POWER,SOLAR PROJECT PARK),7179.54,,7179.54,5017.87,2022,2024.0,17.0,1.0,2.0,0.0,0,0.0,85.0
POWER,300MW,1442.6,,1442.6,793.56,2022,2024.0,24.0,1.0,2.0,0.0,0,0.0,2.0
POWER,OF KHAVDA POOLING IN KHAVDA RE PARK,922.3,,922.3,823.07,2023,2024.0,6.0,1.0,1.0,0.0,0,0.0,88.7
POWER,NETWORK EXPANSION IN WITH INTEGRATION FROM KHAVDA POT,815.12,,815.12,,2023,2025.0,3.0,1.0,2.0,0.0,0,0.0,
POWER,ESTABLISHMENT OF,966.79,,966.79,859.0,2023,2024.0,6.0,1.0,1.0,0.0,0,0.0,93.6
POWER,"B, GUJARAT- SCHEME FOR EVACUATION INJECTION AT KHAVDA",1167.55,,1167.55,950.0,2023,2025.0,6.0,1.0,2.0,0.0,0,0.0,86.1
POWER,"C, GUJARAT- SCHEME FOR EVACUATION INJECTION AT KHAVDA",2820.99,,2820.99,2418.0,2023,2025.0,6.0,1.0,2.0,0.0,0,0.0,76.5
POWER,OF POWER FROM ZONE IN KHAVDA AREA OF PH-IV PART E3,334.0,,334.0,33.54,2023,2025.0,1.0,1.0,2.0,0.0,0,0.0,18.0
POWER,OF ADDITIONAL 7GW KHAVDA RE PARK PART B [VATAMAN TRA,3752.0,,3752.0,1365.02,2023,2025.0,6.0,1.0,2.0,0.0,0,0.0,13.9
POWER,OF POWER FROM AREA UNDER PHASE-,679.0,,679.0,47.74,2024,2026.0,0.0,0.0,2.0,0.0,0,0.0,15.0
POWER,OF TRANSFORMATION JAM KHAMBHALIYA PS [GIS] JAM KHAMBHAL,329.0,,329.0,,2024,2026.0,0.0,0.0,2.0,0.0,0,0.0,
POWER,DYNAMIC REACTIVE AT KHAVDA POOLING AND KHAVDA POOLING,501.0,,501.0,0.0,2024,2026.0,0.0,0.0,2.0,0.0,0,0.0,1.0
POWER,SYSTEM FOR EVACUATION POTENTIAL RENEWABLE IN KHAVDA AREA OF G,24819.0,,24819.0,1454.4,2024,2029.0,0.0,0.0,5.0,0.0,0,0.0,1.0
POWER,OF TRANSFORMATION KPS2 AND KPS2,466.0,,466.0,0.0,2025,2027.0,0.0,0.0,2.0,0.0,0,0.0,
POWER,OF BANASKANTHA,172.0,,172.0,0.0,2025,2027.0,0.0,0.0,2.0,0.0,0,0.0,
RAILWAYS,DOUBLING PROJECT 79,692.26,692.26,692.26,683.44,2017,2024.0,6.0,1.0,7.0,0.0,0,0.0,99.0
RAILWAYS,BAREJADI NANDEJ BYPASS).,961.67,961.67,961.67,103.14,2023,2027.0,0.0,0.0,4.0,0.0,0,0.0,16.0
RAILWAYS,BETWEEN GANDHIDHAM - Y CONNECTION AT ADIPUR DIRECT ENTRY TOWAR,152.44,152.44,152.44,,2023,2025.0,0.0,0.0,2.0,0.0,0,0.0,
RAILWAYS,ROAD,670.0,670.17,670.17,101.79,2023,2030.0,0.0,0.0,7.0,0.0254,1,0.000254,12.0
RAILWAYS,BETWEEN NALIYA-JAKHAU,410.46,410.46,410.46,5.89,2023,2028.0,0.0,0.0,5.0,0.0,0,0.0,2.0
RAILWAYS,INTERSECTION,437.21,,437.21,30.05,2022,2027.0,0.0,0.0,5.0,0.0,0,0.0,
RAILWAYS,ABU ROAD VIA AMBAJI NEW,2798.16,,2798.16,1063.09,2022,2030.0,0.0,0.0,8.0,0.0,0,0.0,12.0
ROAD TRANSPORT AND HIGHWAYS,OF KAGAVADAR - UNA NH-8E FROM KM 139.915 TO IN THE ST,723.64,,723.64,562.31,2016,2019.0,69.0,1.0,3.0,0.0,0,0.0,97.0
ROAD TRANSPORT AND HIGHWAYS,KODINAR TO VERAVAL NH-8E FROM KM 221.610 TO,829.97,,829.97,486.93,2016,2020.0,58.0,1.0,4.0,0.0,0,0.0,96.63
ROAD TRANSPORT AND HIGHWAYS,FROM KM. 401.200 TO 494.410 ANNUITY MODE VI)REG.,1251.11,1527.75,1527.75,685.11,2017,2020.0,58.0,1.0,3.0,22.1116,1,0.221116,90.41
ROAD TRANSPORT AND HIGHWAYS,OF EIGHT LANE EXPRESSWAY FROM KM,1161.39,1738.03,1404.0,683.24,2018,2021.0,45.0,1.0,3.0,49.6508,1,0.496508,83.0
ROAD TRANSPORT AND HIGHWAYS,OF MISSING LINKS IN LAKHPAT GADULI HAJIPIR DHOLAVIRA MAUVANA,400.76,394.44,394.44,287.04,2018,2020.0,46.0,1.0,2.0,0.0,0,0.0,87.0
ROAD TRANSPORT AND HIGHWAYS,OF ROB WITH IN LIEU OF L C NO 165 OF PALANPUR BETWEEN,166.21,,166.21,97.12,2020,2023.0,17.0,1.0,3.0,0.0,0,0.0,93.0
ROAD TRANSPORT AND HIGHWAYS,OF FOUR LANE FROM START OF SARDAR ROAD TO SINDHREJ VILLAGE,690.3,929.95,929.95,841.05,2020,2024.0,15.0,1.0,4.0,34.7168,1,0.347168,93.9
ROAD TRANSPORT AND HIGHWAYS,OF FOUR LANE FROM START OF SINDHREJ 22.00 TO CH. 48.52) SECTION,882.0,1229.37,1229.37,,2020,2024.0,17.0,1.0,4.0,39.3844,1,0.393844,
ROAD TRANSPORT AND HIGHWAYS,OF FOUR LANE FROM START OF VEJALLKA OF DSIR ZONE OF,691.52,903.85,903.85,872.33,2020,2023.0,22.0,1.0,3.0,30.7048,1,0.307048,99.1
ROAD TRANSPORT AND HIGHWAYS,OF FOUR LANE FROM START OF DSIR ZONE DISTRICT TO ADHELAI,894.0,1261.58,1261.58,1156.84,2020,2023.0,17.0,1.0,3.0,41.1163,1,0.411163,96.77
ROAD TRANSPORT AND HIGHWAYS,GREENFIELD OF NH 148N,1604.06,,1604.06,1241.4,2019,2024.0,15.0,1.0,5.0,0.0,0,0.0,95.73
ROAD TRANSPORT AND HIGHWAYS,TO 4-LANE WITH PAVED BHIMASAR JUNCTION OF BHUJ UPTO AIRPORT,1373.06,1085.0,1373.06,656.62,2022,2025.0,0.0,0.0,3.0,0.0,0,0.0,87.3
ROAD TRANSPORT AND HIGHWAYS,OF EIGHT LANE ACCESS EXPRESSWAY FROM KM 128.000 OF VADODARA MU,1259.0,2652.24,1910.0,,2021,2024.0,24.0,1.0,3.0,110.6624,1,1.106624,
ROAD TRANSPORT AND HIGHWAYS,OF EIGHT LANE FROM KM 190.000 TO KM TO ENA SECTION OF,1710.3,2665.08,1927.0,900.19,2020,2023.0,20.0,1.0,3.0,55.8253,1,0.558253,90.56
ROAD TRANSPORT AND HIGHWAYS,SANTALPUR FROM KM 67.000-,752.3,,766.2,452.13,2020,2023.0,16.0,1.0,3.0,1.8477,1,0.018477,98.14
ROAD TRANSPORT AND HIGHWAYS,OF TALAJA - MAHUVA KM. TO 100.450 KM. OF OLD,536.03,,536.03,480.77,2021,2022.0,28.0,1.0,1.0,0.0,0,0.0,100.0
ROAD TRANSPORT AND HIGHWAYS,OF MAHUVA TO 100.450 KM. TO 140.470,485.75,,485.75,393.88,2021,2022.0,32.0,1.0,1.0,0.0,0,0.0,99.57
ROAD TRANSPORT AND HIGHWAYS,SANTALPUR FROM KM 99.000-,778.15,,785.67,547.22,2020,2023.0,21.0,1.0,3.0,0.9664,1,0.009664,99.7
ROAD TRANSPORT AND HIGHWAYS,- VERAVAL,162.73,,162.73,131.79,2022,2023.0,25.0,1.0,1.0,0.0,0,0.0,100.0
ROAD TRANSPORT AND HIGHWAYS,AND STRENGTHENING TO 2 KM 95/500 TO KM 129/775 IDAR BHILODA SA,237.28,,237.28,0.34,2022,2023.0,24.0,1.0,1.0,0.0,0,0.0,
ROAD TRANSPORT AND HIGHWAYS,TO 4L PS DIVIDED GOJARIYA FROM KM 52.000 TO,1181.34,1181.0,1181.34,534.24,2021,2025.0,0.0,0.0,4.0,0.0,0,0.0,77.6
ROAD TRANSPORT AND HIGHWAYS,6L OF EXISTING 4L JETPUR - SECTION FROM KM. 185.00 ON NH-,2070.44,,2070.44,,2023,2025.0,0.0,0.0,2.0,0.0,0,0.0,
ROAD TRANSPORT AND HIGHWAYS,OF DHORAJI KALAVAD SECTION OF NH CHAINAGE KM 00 TO,246.6,291.0,291.0,27.57,2022,2024.0,24.0,1.0,2.0,18.0049,1,0.180049,15.0
ROAD TRANSPORT AND HIGHWAYS,TO TWO LANE WITH PAVED FROM KM 00 351 MAHUVA TO BADHA,173.06,,219.0,0.15,2022,2024.0,18.0,1.0,2.0,26.5457,1,0.265457,
ROAD TRANSPORT AND HIGHWAYS,AND OF ELEVATED KM 38/660 TO KM 42/690,530.2,,530.2,0.0,2023,2026.0,0.0,0.0,3.0,0.0,0,0.0,
ROAD TRANSPORT AND HIGHWAYS,"LANE TO 4-LANE FROM KM TO VRUNDAVAN CHOKDI,",151.13,,171.0,0.0,2022,2026.0,0.0,0.0,4.0,13.1476,1,0.131476,
URBAN DEVELOPMENT,METRO RAIL PROJECT PHASE,10773.0,,12924.55,12484.89,2014,2018.0,80.0,1.0,4.0,19.9717,1,0.199717,99.89
DPIIT,METRO RAIL PROJECT PHASE,5384.17,,5384.17,4032.54,2019,2024.0,21.0,1.0,5.0,0.0,0,0.0,85.77
HEALTH AND FAMILY WELFARE,"OF MEDICAL MANETHI, HARYANA.",1294.34,1294.34,1294.34,269.2,2019,2023.0,36.0,1.0,4.0,0.0,0,0.0,23.2
HOME AFFAIRS,ACCOMMODATION,166.98,170.23,170.23,139.66,2020,2023.0,21.0,1.0,3.0,1.9463,1,0.019463,97.0
PETROLEUM,II AT FARIDABAD,2281.94,3219.94,3219.94,1705.85,2019,2022.0,39.0,1.0,3.0,41.1054,1,0.411054,63.0
PETROLEUM,OF PANIPAT 15 TO 25 MMTPA,34627.0,38231.0,38231.0,,2021,2024.0,15.0,1.0,3.0,10.4081,1,0.104081,
PETROLEUM,RUBBER PLANT AT,1459.0,2948.62,2948.62,913.92,2022,2025.0,15.0,1.0,3.0,102.0987,1,1.020987,65.6
POWER,OF LILO OF BOTH 400KV VIDHYACHAL PS TO AT HINDALCO SWITCHY,370.0,,370.0,0.0,2025,2026.0,0.0,0.0,1.0,0.0,0,0.0,
RAILWAYS,BHIWANI-DOBH,471.06,,471.06,111.4,2023,2028.0,0.0,0.0,5.0,0.0,0,0.0,44.0
RAILWAYS,REWARI-KATHUWAS,352.41,,352.41,169.66,2023,2027.0,0.0,0.0,4.0,0.0,0,0.0,51.0
ROAD TRANSPORT AND HIGHWAYS,GOHANA-SONIPAT,899.0,1882.46,1882.46,1123.98,2020,2022.0,37.0,1.0,2.0,109.3949,1,1.093949,97.3
ROAD TRANSPORT AND HIGHWAYS,JAGADHRI TAJEWALA ROAD,1269.5,,,151.0,2022,2025.0,,,,0.0,0,0.0,52.0
ROAD TRANSPORT AND HIGHWAYS,ROHTAK-JIND SECTION TO KM. 347+800 OF NH- LINK FROM K,510.97,,510.97,,2020,2023.0,27.0,1.0,3.0,0.0,0,0.0,
ROAD TRANSPORT AND HIGHWAYS,OF GURGAON - PATAUDI - KM) AS FEEDER ROU,1524.03,,1524.03,1105.08,2020,2023.0,7.0,1.0,3.0,0.0,0,0.0,65.54
ROAD TRANSPORT AND HIGHWAYS,OF PROPOSED REWARI LENGTH 14.4 KM) NH-11,808.31,,,917.55,2020,2023.0,,,,0.0,0,0.0,100.0
ROAD TRANSPORT AND HIGHWAYS,OF EXISTING 4 LANE,609.32,609.0,609.0,187.47,2023,2025.0,3.0,1.0,2.0,0.0,0,0.0,47.3
ROAD TRANSPORT AND HIGHWAYS,OF 6-LANE GREENFIELD ROAD STARTING FROM NH-,1691.45,1998.0,1998.0,649.71,2022,2025.0,0.0,0.0,3.0,18.1235,1,0.181235,58.76
ROAD TRANSPORT AND HIGHWAYS,OF 6-LANE GREENFIELD ROAD STARTING FROM SHAMLI-AMBALA SECTION,1088.64,1178.0,1178.0,425.85,2023,2025.0,0.0,0.0,2.0,8.2084,1,0.082084,53.55
ROAD TRANSPORT AND HIGHWAYS,OF SIX-LANE ACCESS HIGHWAY FROM RANIPUR DISTRICT) TO,1554.21,,1554.21,522.92,2022,2025.0,36.0,1.0,3.0,0.0,0,0.0,54.0
ROAD TRANSPORT AND HIGHWAYS,OF SIX-LANE ACCESS HIGHWAY FROM ADHOYA,1491.71,,1491.71,706.26,2022,2025.0,0.0,0.0,3.0,0.0,0,0.0,49.7
ROAD TRANSPORT AND HIGHWAYS,OF 4-LANING OF BHIWANI KM) UNDER BH,1322.13,,1322.13,,2022,2025.0,0.0,0.0,3.0,0.0,0,0.0,
ROAD TRANSPORT AND HIGHWAYS,OF 4-LANE GREENFIELD SECTION OF NH ? 0+000 TO KM 22+850,927.22,1173.66,1173.66,493.79,2022,2025.0,0.0,0.0,3.0,26.5784,1,0.265784,80.5
ROAD TRANSPORT AND HIGHWAYS,KALAAMB FROM KM. -0.800 TO OLD NH-72,629.16,,629.16,94.0,2023,2025.0,0.0,0.0,2.0,0.0,0,0.0,95.0
ROAD TRANSPORT AND HIGHWAYS,OF GREENFIELD TO JEWAR INTERNATIONAL DND FARIDABAD,2414.67,2898.0,2898.0,1229.9,2022,2025.0,9.0,1.0,3.0,20.0164,1,0.200164,47.2
DEPARTMENT OF HIGHER EDUCATION,OF PERMANENT CAMPUS SIRMAUR ),392.51,,446.43,316.16,2018,2022.0,38.0,1.0,4.0,13.7372,1,0.137372,91.5
DEPARTMENT OF HIGHER EDUCATION,OF PERMANENT CENTRAL UNIVERSITY OF AT DEHRA AND,512.37,300.45,300.45,157.12,2021,2024.0,8.0,1.0,3.0,0.0,0,0.0,72.0
POWER,HYDROELECTRIC PROJECT,687.97,,1511.87,874.54,2020,2025.0,16.0,1.0,5.0,119.7581,1,1.197581,66.91
RAILWAYS,BERI NL,13370.29,,6753.42,5369.57,2008,2026.0,0.0,0.0,18.0,0.0,0,0.0,
ROAD TRANSPORT AND HIGHWAYS,OF NERCHOWK-PANDOH 221.305) UNDER NH,1273.71,,1478.61,,2016,2020.0,56.0,1.0,4.0,16.0869,1,0.160869,
ROAD TRANSPORT AND HIGHWAYS,"OF SOLAN-KAITHLIGHAT 129.050, ON EPC M",478.74,,1514.46,1349.59,2018,2021.0,43.0,1.0,3.0,216.3429,1,2.163429,83.0
ROAD TRANSPORT AND HIGHWAYS,AND UPGRADATION TO 2- WITH PAVED SHOULDERS/4- OF PAONTA,272.98,,272.98,140.69,2020,2021.0,0.0,0.0,1.0,0.0,0,0.0,100.0
ROAD TRANSPORT AND HIGHWAYS,AND UPGRADATION TO 2- OF HEWNA-,242.8,,242.8,96.76,2020,2021.0,40.0,1.0,1.0,0.0,0,0.0,92.44
ROAD TRANSPORT AND HIGHWAYS,AND UPGRADATION TO LANE CONFIGURATION OF,349.2,,349.2,239.34,2020,2021.0,0.0,0.0,1.0,0.0,0,0.0,100.0
ROAD TRANSPORT AND HIGHWAYS,AND UPGRADATION TO 2- OF ASHYARI-SHRI,345.89,,345.89,162.23,2021,2021.0,34.0,1.0,0.0,0.0,0,0.0,91.75
ROAD TRANSPORT AND HIGHWAYS,AND UPGRADATION TO 2- OF HAMIRPUR-,371.93,,371.93,154.04,2020,2024.0,0.0,0.0,4.0,0.0,0,0.0,81.0
ROAD TRANSPORT AND HIGHWAYS,AND UPGRADATION TO 2- OF KALWAHAN-,314.32,,314.32,49.26,2020,2025.0,0.0,0.0,5.0,0.0,0,0.0,45.0
ROAD TRANSPORT AND HIGHWAYS,AND UPGRADING FROM 2 SECTION OF,1322.95,1442.47,1442.47,,2021,2024.0,0.0,0.0,3.0,9.0344,1,0.090344,
ROAD TRANSPORT AND HIGHWAYS,OF PARTIALLY EXCAVATED TO UNIDIRECTIONAL TWO,469.95,,280.0,302.91,2022,2024.0,9.0,1.0,2.0,0.0,0,0.0,98.3
ROAD TRANSPORT AND HIGHWAYS,BYPASS FROM KM 179.600 OF NH-21 IN THE,190.6,,,103.48,2022,2024.0,,,,0.0,0,0.0,100.0
ROAD TRANSPORT AND HIGHWAYS,FROM KM. 42.00 TO KM.,583.93,770.0,770.0,173.6,2021,2024.0,11.0,1.0,3.0,31.8651,1,0.318651,100.0
ROAD TRANSPORT AND HIGHWAYS,BO4L OF HP/PUNJAB FROM KM. 11.00 TO KM. 42.00,1002.11,1361.79,1361.76,190.22,2021,2024.0,19.0,1.0,3.0,35.8923,1,0.358923,46.54
ROAD TRANSPORT AND HIGHWAYS,PINJORE BYPASS - BADDI -,1692.05,,1692.05,942.14,2021,2024.0,0.0,0.0,3.0,0.0,0,0.0,21.6
ROAD TRANSPORT AND HIGHWAYS,OF ROAD TO NH LANE SPECIFICATION WITH,230.54,,230.54,20.16,2021,2026.0,0.0,0.0,5.0,0.0,0,0.0,28.0
ROAD TRANSPORT AND HIGHWAYS,OF 5 ROAD TO NH LANE SPECIFICATION WITH,314.67,,314.67,76.05,2021,2026.0,0.0,0.0,5.0,0.0,0,0.0,47.0
ROAD TRANSPORT AND HIGHWAYS,OF KATHLIGHAT TO FROM KM 128.835 TO KM,1703.48,2278.0,2278.0,651.98,2022,2026.0,0.0,0.0,4.0,33.7263,1,0.337263,14.5
ROAD TRANSPORT AND HIGHWAYS,AND UPGRADATION TO 4L AND STRENGTHENING OF FROM KM 51.0,696.65,698.46,698.46,,2022,2025.0,0.0,0.0,3.0,0.2598,1,0.002598,
ROAD TRANSPORT AND HIGHWAYS,OF NEW 2 LANE WITH OF HAMIRPUR BYPASS,739.39,,739.39,328.46,2022,2025.0,0.0,0.0,3.0,0.0,0,0.0,78.0
ROAD TRANSPORT AND HIGHWAYS,AND UP-GRADATION OF TO 2L PS FROM END OF,1146.19,,1146.19,918.84,2022,2025.0,0.0,0.0,3.0,0.0,0,0.0,69.27
ROAD TRANSPORT AND HIGHWAYS,AND UP-GRADATION TO AND STRENGTHENING TO PAROR SECTION F,815.69,815.69,815.69,392.01,2022,2025.0,0.0,0.0,3.0,0.0,0,0.0,29.2
URBAN DEVELOPMENT,OF PERMANENT CAMPUS UNIVERSITY OF HIMACHAL,512.34,,512.34,0.0,2022,2024.0,0.0,0.0,2.0,0.0,0,0.0,
CIVIL AVIATION,OF NEW CIVIL,861.37,,861.37,144.65,2022,2026.0,0.0,0.0,4.0,0.0,0,0.0,30.0
DEPARTMENT OF HIGHER EDUCATION,OF PERMANENT CAMPUS ),424.93,,500.91,448.15,2019,2022.0,30.0,1.0,3.0,17.8806,1,0.178806,96.0
DEPARTMENT OF HIGHER EDUCATION,OF PERMANENT CAMPUS 1C) ),676.0,1144.68,1144.68,54.75,2018,2023.0,24.0,1.0,5.0,69.3314,1,0.693314,100.0
HEALTH AND FAMILY WELFARE,OF AIIMS AT JAMMU JAMMU AND KASHMIR HEALTH ),1404.0,1642.0,1642.0,1461.68,2019,2023.0,20.0,1.0,4.0,16.9516,1,0.169516,100.0
HEALTH AND FAMILY WELFARE,AWANTIPORA,1828.0,,1577.0,1285.4,2019,2025.0,2.0,1.0,6.0,0.0,0,0.0,64.1
PETROLEUM,A COMMON USER PETROLEUM JAMMU FOR RE-SITEMENT DEPOTS OF PSU OMCS,676.89,,676.89,,2021,2025.0,0.0,0.0,4.0,0.0,0,0.0,
PETROLEUM,AT JAMMU DISTRICTS,538.0,,538.0,4.09,2022,2032.0,30.0,1.0,10.0,0.0,0,0.0,0.6
POWER,ELECTRIC PROJECT,4287.59,,5409.0,2599.24,2019,2024.0,25.0,1.0,5.0,26.1548,1,0.261548,61.38
POWER,SCHEME FOR EVACUATION MW): PART B,219.0,,219.0,0.0,2025,2027.0,0.0,0.0,2.0,0.0,0,0.0,
ROAD TRANSPORT AND HIGHWAYS,OF UDHAMBUR - RAMBAN NH-1A,2136.97,2644.0,2644.0,2386.51,2015,2018.0,78.0,1.0,3.0,23.7266,1,0.237266,99.5
ROAD TRANSPORT AND HIGHWAYS,OF STAND ALONE RING AROUND JAMMU CITY IN,1471.75,1471.75,,1716.22,2017,2021.0,,,,0.0,0,0.0,98.8
ROAD TRANSPORT AND HIGHWAYS,TO 4-LANE WITH PAVED JAMMU-AKHNOOR ROAD NH-144A FROM GANESH VIHA,253.44,,253.44,189.72,2018,2021.0,51.0,1.0,3.0,0.0,0,0.0,82.35
ROAD TRANSPORT AND HIGHWAYS,TO 2-LANE WITH PAVED KM 12.850 TO KM20.300 ON GOHA-KHEL,228.39,,228.39,,2020,2022.0,54.0,1.0,2.0,0.0,0,0.0,
ROAD TRANSPORT AND HIGHWAYS,TO 2-LANE WITH PAVED KM 20.300 TO KM 29.030 LENGTH ON GOHA-K,210.79,,210.79,71.0,2020,2022.0,39.0,1.0,2.0,0.0,0,0.0,90.4
ROAD TRANSPORT AND HIGHWAYS,PKG-2,512.43,,512.43,71.65,2021,2023.0,40.0,1.0,2.0,0.0,0,0.0,51.52
ROAD TRANSPORT AND HIGHWAYS,OF FOUR LANING FROM 151.00 TO BANIHAL KM 187.00 NH-44) WITH VA,811.19,,811.19,848.57,2021,2023.0,6.0,1.0,2.0,0.0,0,0.0,99.0
ROAD TRANSPORT AND HIGHWAYS,OF FOUR LANE RINGROAD CITY,2919.96,,2919.96,2317.82,2021,2024.0,20.0,1.0,3.0,0.0,0,0.0,70.0
ROAD TRANSPORT AND HIGHWAYS,OF JAMMU-AKHNOOR PKG-1,245.34,,245.34,57.03,2022,2025.0,9.0,1.0,3.0,0.0,0,0.0,38.48
ROAD TRANSPORT AND HIGHWAYS,EXPRESSWAY EXISTING JAKH SECTION OF NH-4,1821.72,1917.32,1917.32,1005.35,2021,2024.0,15.0,1.0,3.0,5.2478,1,0.052478,83.21
ROAD TRANSPORT AND HIGHWAYS,EXPRESSWAY [JUNCTION WITH ROAD NEAR VILLAGE GURHA B,2714.95,2714.95,2714.95,1642.02,2021,2024.0,17.0,1.0,3.0,0.0,0,0.0,85.37
ROAD TRANSPORT AND HIGHWAYS,IMPROVEMENT OF BLACK SPOTS IN - SAMBA SECTION OF NH-,200.05,200.05,208.92,153.05,2022,2024.0,12.0,1.0,2.0,0.0,0,0.0,58.6
ROAD TRANSPORT AND HIGHWAYS,OF TUNNELS/VIADUCTS SLIDING/SLIP ZONES AT KM KM.,442.14,,442.14,341.75,2021,2023.0,26.0,1.0,2.0,0.0,0,0.0,19.88
ROAD TRANSPORT AND HIGHWAYS,TO KM.171.855,614.48,,614.48,187.59,2021,2024.0,10.0,1.0,3.0,0.0,0,0.0,7.0
ROAD TRANSPORT AND HIGHWAYS,TUNNEL INCLUDING FROM DIGDOL TO KHUNI BOUND CONNECTING,1401.87,,1401.87,734.56,2021,2024.0,12.0,1.0,3.0,0.0,0,0.0,
ROAD TRANSPORT AND HIGHWAYS,OF EMERGENCY LANDING KM. 246.60 TO KM. 249.70 - BANIHAL SECTI,157.05,,157.05,139.54,2019,2020.0,47.0,1.0,1.0,0.0,0,0.0,100.0
ROAD TRANSPORT AND HIGHWAYS,TUNNEL INCLUDING APPROACHES K,1912.17,,1912.17,129.05,2021,2025.0,15.0,1.0,4.0,0.0,0,0.0,
ROAD TRANSPORT AND HIGHWAYS,SECTION OF NH 144A,198.28,,198.28,,2022,2025.0,5.0,1.0,3.0,0.0,0,0.0,
ROAD TRANSPORT AND HIGHWAYS,AND UPGRADATION TO 2 SHOULDER FROM KM 102 TO KM 13,642.24,,642.24,345.14,2021,2024.0,0.0,0.0,3.0,0.0,0,0.0,95.0
ROAD TRANSPORT AND HIGHWAYS,AND UPGRADATION TO 2 SHOULDER FROM KM 30.000 TO K,272.49,,272.49,133.66,2020,2024.0,0.0,0.0,4.0,0.0,0,0.0,87.24
ROAD TRANSPORT AND HIGHWAYS,AND UPGRADATION TO 2 SHOULDER FROM KM 134.95 TO KM,395.25,,395.25,140.42,2021,2024.0,8.0,1.0,3.0,0.0,0,0.0,64.0
ROAD TRANSPORT AND HIGHWAYS,AND UPGRADATION TO 2 SHOULDER FROM KM 49.150 TO KM,796.97,,796.97,323.85,2020,2024.0,7.0,1.0,4.0,0.0,0,0.0,79.0
ROAD TRANSPORT AND HIGHWAYS,AND UPGRADATION TO 2 SHOULDER FROM KM 64.535 TO K,152.93,,152.93,90.3,2020,2023.0,18.0,1.0,3.0,0.0,0,0.0,78.27
ROAD TRANSPORT AND HIGHWAYS,OF TWIN TUBE TUNNELS CH. 50+600 TO,939.86,,939.86,475.07,2023,2025.0,9.0,1.0,2.0,0.0,0,0.0,64.93
ROAD TRANSPORT AND HIGHWAYS,OF 4 LANE WITH PAVED CH. 35+300 TO,832.46,,823.46,227.5,2022,2025.0,0.0,0.0,3.0,0.0,0,0.0,46.0
ROAD TRANSPORT AND HIGHWAYS,KM 8.660 TO KM 33.775 WAYUL) TO 4L DUAL NH STANDARD AS PART OF,1183.6,,1183.6,,2022,2026.0,6.0,1.0,4.0,0.0,0,0.0,
ROAD TRANSPORT AND HIGHWAYS,KATRA EXPRESSWAY XVIII) DEVELOPMENT AND OF FOUR LANE ACCESS,1107.0,,975.38,338.69,2023,2025.0,4.0,1.0,2.0,0.0,0,0.0,38.38
ROAD TRANSPORT AND HIGHWAYS,CONTROL EXPRESSWAY CHAINAGE KM 515.000 TO TO SIDHRA SECTIO,2474.47,,2894.74,923.64,2022,2025.0,8.0,1.0,3.0,16.9842,1,0.169842,38.2
ROAD TRANSPORT AND HIGHWAYS,AND UPGRADATION TO 2 SHOULDER FROM KM 162.800 TO KM,562.45,,562.45,99.06,2022,2026.0,0.0,0.0,4.0,0.0,0,0.0,25.0
ROAD TRANSPORT AND HIGHWAYS,OF 4 LANE WITH PAVED BYPASS) GREENFIELD EXISTING CH. KM 24,980.21,,980.21,300.02,2023,2026.0,0.0,0.0,3.0,0.0,0,0.0,8.0
ROAD TRANSPORT AND HIGHWAYS,AND UPGRADATION TO 2 SHOULDER FROM KM 166.100 TO KM,734.64,,734.64,19.6,2021,2026.0,0.0,0.0,5.0,0.0,0,0.0,8.0
ROAD TRANSPORT AND HIGHWAYS,OF 2 LANE WITH PAVED BYPASS FROM EXISTING CH.,992.43,,992.43,338.33,2023,2026.0,0.0,0.0,3.0,0.0,0,0.0,
ROAD TRANSPORT AND HIGHWAYS,STRENGTHENING OF,1404.94,,1404.94,0.0,2024,2027.0,0.0,0.0,3.0,0.0,0,0.0,
COAL,TURN-KEY PROJECT,339.88,,339.88,190.48,2011,2014.0,141.0,1.0,3.0,0.0,0,0.0,70.0
COAL,SEAM UG,1230.27,,1230.27,,2011,2019.0,86.0,1.0,8.0,0.0,0,0.0,
COAL,COAL BLOCK,2242.92,2242.9,2242.9,687.46,2013,2028.0,0.0,0.0,15.0,0.0,0,0.0,54.0
COAL,NLW COAL WASHERY,334.27,,334.27,135.86,2015,2018.0,95.0,1.0,3.0,0.0,0,0.0,45.05
COAL,REPORT MAGADH,7254.37,,7254.37,1500.33,2020,2028.0,0.0,0.0,8.0,0.0,0,0.0,38.0
COAL,AMRAPALI OCP,5136.15,,5136.15,1082.09,2020,2028.0,0.0,0.0,8.0,0.0,0,0.0,41.0
COAL,OF NORTH URIMARI OCP,778.8,,778.8,694.11,2021,2029.0,0.0,0.0,8.0,0.0,0,0.0,75.0
COAL,PACHMO OCP,625.4,625.4,625.4,441.24,2020,2032.0,0.0,0.0,12.0,0.0,0,0.0,41.0
COAL,LAIYO OCP,764.57,,764.57,145.8,2020,2031.0,0.0,0.0,11.0,0.0,0,0.0,28.0
COAL,KONAR OCP,799.34,,799.34,416.73,2022,2032.0,0.0,0.0,10.0,0.0,0,0.0,32.0
COAL,KARO OCP,908.47,,908.47,,2022,2029.0,0.0,0.0,7.0,0.0,0,0.0,
COAL,ASHOK OCP,2898.28,,2898.28,176.5,2021,2028.0,0.0,0.0,7.0,0.0,0,0.0,20.0
COAL,NTST KUJAMA OCP 8.5 MTY,4011.85,,4011.85,397.65,2023,2030.0,0.0,0.0,7.0,0.0,0,0.0,25.0
COAL,SIMLONG OCP,979.08,,979.08,0.0,2023,2037.0,0.0,0.0,14.0,0.0,0,0.0,
DEPARTMENT OF HIGHER EDUCATION,DOUBLE BEDDED DHANBAD ),171.86,,171.86,174.48,2012,2016.0,0.0,0.0,4.0,0.0,0,0.0,
PETROLEUM,OF JHARIA CBM BLOCK,431.0,,431.0,194.4,2019,2024.0,17.0,1.0,5.0,0.0,0,0.0,57.9
PETROLEUM,GAS PIPELINE FROM TO RANCHI,202.07,,202.07,52.94,2023,2026.0,0.0,0.0,3.0,0.0,0,0.0,42.91
PETROLEUM,IN BIHAR JHARKHAND,1377.0,,1377.0,277.81,2022,2030.0,0.0,0.0,8.0,0.0,0,0.0,22.6
POWER,STPP,16242.9,,16242.9,16745.68,2014,2019.0,69.0,1.0,5.0,0.0,0,0.0,98.0
POWER,MINING PROJECT,1553.0,2896.64,2896.64,2086.52,2015,2019.0,64.0,1.0,4.0,86.519,1,0.86519,64.0
RAILWAYS,RANCHI DOUBLING,3029.04,3029.04,3029.04,,2016,2024.0,24.0,1.0,8.0,0.0,0,0.0,
RAILWAYS,PISKA LINK LINE BY PASSING,501.52,,472.5,275.86,2018,2026.0,0.0,0.0,8.0,0.0,0,0.0,4.0
RAILWAYS,PRADHANKHUNTA JN -,202.0,349.22,349.22,64.1,2022,2027.0,0.0,0.0,5.0,72.8812,1,0.728812,2.0
RAILWAYS,DHANBAD SONNAGAR,8975.0,,7906.38,4705.38,2016,2026.0,0.0,0.0,10.0,0.0,0,0.0,
RAILWAYS,- RAIL OVER RAIL,262.71,,262.71,226.43,2017,2024.0,20.0,1.0,7.0,0.0,0,0.0,70.0
RAILWAYS,FOR DOWN TRAINS,686.03,,487.73,399.45,2018,2023.0,36.0,1.0,5.0,0.0,0,0.0,45.0
ROAD TRANSPORT AND HIGHWAYS,BIHAR - JHARKHAND TO GORHAR,1155.16,,950.49,657.82,2018,2021.0,54.0,1.0,3.0,0.0,0,0.0,73.0
ROAD TRANSPORT AND HIGHWAYS,2 LANE WITH PAVED AND GEOMETRIC OF NH-114A FROM KM 141,196.0,,196.0,164.21,2016,2021.0,39.0,1.0,5.0,0.0,0,0.0,90.1
ROAD TRANSPORT AND HIGHWAYS,TO PARWA MODE SECTION TO KM 57.049 OF NH-98,755.26,,1039.0,624.66,2020,2024.0,13.0,1.0,4.0,37.5685,1,0.375685,87.0
ROAD TRANSPORT AND HIGHWAYS,196.87,748.99,,903.0,831.75,2020,2023.0,15.0,1.0,3.0,20.5624,1,0.205624,100.0
ROAD TRANSPORT AND HIGHWAYS,IN RANCHI CITY TO KM 3.260 OF NH-75 RAMP ON NH-23 FROM,534.73,,534.73,,2022,2025.0,2.0,1.0,3.0,0.0,0,0.0,
ROAD TRANSPORT AND HIGHWAYS,TO GUMLA SECTION OF NH23 TO KM. 89.170 ON HAM,1034.0,1879.55,,41.5,2020,2024.0,,,,81.7747,1,0.817747,96.61
ROAD TRANSPORT AND HIGHWAYS,CHAUKI TO FARKKA SECTION KM 215.00 TO KM 260.00 ON,1302.72,1504.8,,875.97,2021,2023.0,,,,15.5122,1,0.155122,71.4
ROAD TRANSPORT AND HIGHWAYS,WITH PAVED SHOULDER OF,1214.93,1324.95,1462.0,808.69,2023,2025.0,0.0,0.0,2.0,9.0557,1,0.090557,73.0
ROAD TRANSPORT AND HIGHWAYS,2-LANE WITH PAVED OF NH-143A INCLU,153.01,,153.01,83.63,2020,2023.0,16.0,1.0,3.0,0.0,0,0.0,96.23
ROAD TRANSPORT AND HIGHWAYS,STRENGTHENING OF TO TWO LANE WITH FROM KM 116.00 TO K,315.21,,315.21,117.26,2022,2024.0,5.0,1.0,2.0,0.0,0,0.0,80.0
ROAD TRANSPORT AND HIGHWAYS,STRENGTHENING TO TWO SHOULDER/TWO LANE+ WITH SERVICE ROA,514.22,,514.22,15.19,2022,2025.0,0.0,0.0,3.0,0.0,0,0.0,6.1
ROAD TRANSPORT AND HIGHWAYS,TO PAVED SHOULDER/ TWO SHOUL,423.18,,423.18,0.11,2022,2025.0,0.0,0.0,3.0,0.0,0,0.0,
ROAD TRANSPORT AND HIGHWAYS,OF KHAJURI TO FROM KM 219.600 TO KM PKG SEC-V ON HAM,1232.0,1343.0,1400.0,,2022,2025.0,0.0,0.0,3.0,9.0097,1,0.090097,
ROAD TRANSPORT AND HIGHWAYS,OF BHOGU TO SANKHA TO KM 196.870 ON NH-75,1390.77,1391.0,1600.0,303.0,2022,2025.0,0.0,0.0,3.0,0.0165,1,0.000165,70.0
ROAD TRANSPORT AND HIGHWAYS,OF BASUKINATH-DEOGHAR NH-114A FROM KM 85.081 TO NHDP PHASE-I,1444.94,,1444.94,0.0,2023,2025.0,0.0,0.0,2.0,0.0,0,0.0,
ROAD TRANSPORT AND HIGHWAYS,PARIYOJANA OF BOKARO - GOLA SECTION OF NH-320 TO KM. 53.600 IN,964.64,,964.64,432.7,2020,2025.0,0.0,0.0,5.0,0.0,0,0.0,60.24
ROAD TRANSPORT AND HIGHWAYS,OF MEHGAMA HANSDIHA NH-33 FROM EXISTING KM,1443.77,,,0.0,2022,2025.0,,,,0.0,0,0.0,
STEEL,PLANT AT BOKARO STEEL,1034.01,1752.3,1752.3,874.75,2015,2017.0,109.0,1.0,2.0,69.4664,1,0.694664,51.75
STEEL,OF OLD SUB SYSTEM OF 3 AT BOKARO STEEL,513.82,,513.82,179.29,2023,2025.0,4.0,1.0,2.0,0.0,0,0.0,64.0
STEEL,OF COKE OVEN BATTERY NO.6 STEEL PLANT,627.31,,627.31,84.56,2023,2026.0,0.0,0.0,3.0,0.0,0,0.0,33.0
STEEL,OF REMAINING 04 NOS. OF WITH 04 NOS. OF PLANT-1 AT BSL,260.37,,260.37,42.86,2024,2026.0,0.0,0.0,2.0,0.0,0,0.0,12.0
STEEL,OF EXISTING GRINDERS IN BOKARO STEEL PLANT,211.94,,211.94,,2025,2027.0,0.0,0.0,2.0,0.0,0,0.0,
STEEL,EMISSION CONTROL IN OF SMS-II AT BOKARO STEEL,207.13,,207.13,0.0,2025,2026.0,0.0,0.0,1.0,0.0,0,0.0,1.0
CIVIL AVIATION,EXPANSION OF AND ASSOCIATED,322.45,,322.45,95.91,2023,2026.0,0.0,0.0,3.0,0.0,0,0.0,40.0
CIVIL AVIATION,- CONSTRUCTION OF TERMINAL BUILDING AND WORKS,320.47,,320.47,50.51,2023,2026.0,0.0,0.0,3.0,0.0,0,0.0,27.5
DEPARTMENT OF HIGHER EDUCATION,"OF PERMANENT CAMPUS OF TECHNOLOGY, 1A) )",851.0,930.36,930.36,918.06,2019,2022.0,44.0,1.0,3.0,9.3255,1,0.093255,99.0
DEPARTMENT OF HIGHER EDUCATION,INFRASTRUCTURE AT IISC SH RCC MONOLITHIC FOR HOSTEL,316.25,,316.25,281.32,2021,2024.0,9.0,1.0,3.0,0.0,0,0.0,91.0
PETROLEUM,OF 80000MT LPG CAVERN,854.0,854.0,854.0,696.35,2018,2022.0,32.0,1.0,4.0,0.0,0,0.0,99.5
PETROLEUM,AUGMENTATION OF EXISTING PORT TERMINAL,463.0,500.62,500.62,241.69,2022,2025.0,5.0,1.0,3.0,8.1253,1,0.081253,71.1
PETROLEUM,UPGRADATION PROJECT REFIN ),385.0,,385.0,122.13,2023,2026.0,0.0,0.0,3.0,0.0,0,0.0,56.88
PETROLEUM,FOR PRODUCTION OF BIO- REFIN ),364.0,,364.0,16.85,2024,2027.0,0.0,0.0,3.0,0.0,0,0.0,6.6
POWER,OF RE ZONE,2889.0,,2889.0,,2023,2025.0,0.0,0.0,2.0,0.0,0,0.0,
POWER,ENERGY ZONE IN BIDAR [BIDAR LTD],2148.0,,2148.0,846.6,2024,2026.0,0.0,0.0,2.0,0.0,0,0.0,43.8
POWER,AT KOPPAL-II FOR INTEGRATION OF RE PROJECTS,1354.0,,1354.0,0.0,2025,2027.0,0.0,0.0,2.0,0.0,0,0.0,
POWER,OF TRANSFORMATION BIDAR PS,288.0,,288.0,0.0,2025,2027.0,0.0,0.0,2.0,0.0,0,0.0,
POWER,SCHEME FOR OF DAVANAGERE / AND BELLARY REZ IN,3453.0,,3453.0,0.0,2025,2027.0,0.0,0.0,2.0,0.0,0,0.0,
RAILWAYS,- KUPPAM,279.54,296.72,296.72,121.12,2012,2016.0,141.0,1.0,4.0,6.1458,1,0.061458,14.0
RAILWAYS,SAKLESHPUR NEW,825.31,825.31,825.31,687.05,1996,2025.0,9.0,1.0,29.0,0.0,0,0.0,83.0
RAILWAYS,VIA KITTUR,1590.8,927.42,927.42,0.75,2020,2027.0,15.0,1.0,7.0,0.0,0,0.0,
RAILWAYS,- BELUR,748.86,748.85,748.85,0.88,2019,2028.0,0.0,0.0,9.0,0.0,0,0.0,1.0
RAILWAYS,PB#23/2018-19/NR),1453.73,994.47,994.47,80.24,2019,2027.0,12.0,1.0,8.0,0.0,0,0.0,7.0
RAILWAYS,QUADRUPLING,492.87,492.87,492.87,251.52,2018,2025.0,8.0,1.0,7.0,0.0,0,0.0,75.0
ROAD TRANSPORT AND HIGHWAYS,AND WIDENING TO TWO SHOULDERS FROM 153.00 OF NH-218 BIJAP,165.67,,165.67,126.47,2015,2015.0,105.0,1.0,0.0,0.0,0,0.0,98.99
ROAD TRANSPORT AND HIGHWAYS,GOA/KARNATAKA BORDER-,1655.01,1990.99,1990.99,1818.5,2012,2016.0,106.0,1.0,4.0,20.3008,1,0.203008,97.8
ROAD TRANSPORT AND HIGHWAYS,TWO LANE WITH PAVED KM 544.200 TO KM HOSMANE CROSS ? PA,166.67,,264.34,192.08,2017,2017.0,68.0,1.0,0.0,58.6008,1,0.586008,100.0
ROAD TRANSPORT AND HIGHWAYS,AND RECONSTRUCTION WITH PAVED SHOULDERS TO KM 290.20 OF NH,175.5,,241.6,178.73,2016,2017.0,89.0,1.0,1.0,37.6638,1,0.376638,90.01
ROAD TRANSPORT AND HIGHWAYS,TO TWO LANE WITH FROM DS. CH. 442+180 TO DS. CH.485+2,159.97,,242.61,,2018,2019.0,54.0,1.0,1.0,51.6597,1,0.516597,
ROAD TRANSPORT AND HIGHWAYS,TWO LANE WITH PAVED FROM KM 20.150 TO KM 40.00 KOTTIGEHARA SECTION,159.7,,159.7,142.88,2018,2018.0,44.0,1.0,0.0,0.0,0,0.0,100.0
ROAD TRANSPORT AND HIGHWAYS,TWO LANE WITH PAVED KM 194.900 TO KM BANAVARA-HULIYAR,191.6,,191.6,112.01,2017,2018.0,42.0,1.0,1.0,0.0,0,0.0,100.0
ROAD TRANSPORT AND HIGHWAYS,TWO LANE WITH PAVED FROM 24.600 TO 70.063 OF KADUR SECTION OF NH-,297.3,,318.28,277.27,2017,2019.0,39.0,1.0,2.0,7.0568,1,0.070568,100.0
ROAD TRANSPORT AND HIGHWAYS,AND RECONSTRUCTION WITH PAVED SHOULDERS,325.86,,386.41,356.76,2018,2018.0,49.0,1.0,0.0,18.5816,1,0.185816,100.0
ROAD TRANSPORT AND HIGHWAYS,2 LANE WITH PAVED FROM KM 0 TO 54 OF NH-50,396.96,,,329.58,2016,2017.0,,,,0.0,0,0.0,100.0
ROAD TRANSPORT AND HIGHWAYS,2 LANE WITH PAVED FROM KM 34.00 TO 70.900 OF EPC MODE IN THE STAT,314.9,,314.9,233.95,2016,2017.0,55.0,1.0,1.0,0.0,0,0.0,100.0
ROAD TRANSPORT AND HIGHWAYS,LANE WITH PAVED FROM FROM KM.56.00 TO,159.12,,159.12,127.72,2015,2016.0,102.0,1.0,1.0,0.0,0,0.0,98.0
ROAD TRANSPORT AND HIGHWAYS,WIDENING TWO LANE TO FROM KM.129.00 TO ANKOLA-GOOTY SECT,171.6,,171.6,,2018,2018.0,67.0,1.0,0.0,0.0,0,0.0,
ROAD TRANSPORT AND HIGHWAYS,TWO LANE WITH PAVED KM 4.40 TO KM 56.00 OF SECTION U,291.49,,291.49,238.77,2017,2017.0,58.0,1.0,0.0,0.0,0,0.0,100.0
ROAD TRANSPORT AND HIGHWAYS,OF MAJOR BRIDGE AT KM RIVER KRISHNA ON NH- JADERCELA SECTION,157.32,188.0,187.61,43.16,2017,2019.0,77.0,1.0,2.0,19.5017,1,0.195017,60.0
ROAD TRANSPORT AND HIGHWAYS,2-LANE WIH PAVED KM. 544.20 TO 594.00 CROSS TO PANDAVAPURA),264.34,,264.34,201.07,2017,2017.0,68.0,1.0,0.0,0.0,0,0.0,100.0
ROAD TRANSPORT AND HIGHWAYS,OF MAJOR BRIDGE BACKWATERS AND BETWEEN AMBARGODU AND,423.15,,423.15,268.97,2019,2019.0,59.0,1.0,0.0,0.0,0,0.0,82.0
ROAD TRANSPORT AND HIGHWAYS,TO BANTWAL CROSS FLYOVER AT,1100.88,1687.31,1687.31,1149.04,2021,2021.0,48.0,1.0,0.0,53.2692,1,0.532692,80.28
ROAD TRANSPORT AND HIGHWAYS,TO BANTWAL CROSS,317.9,572.01,572.01,370.84,2021,2021.0,44.0,1.0,0.0,79.9339,1,0.799339,98.0
ROAD TRANSPORT AND HIGHWAYS,BYPASS TO MH FROM KM. 555.017 TO KM.,1388.7,1388.7,1388.7,438.61,2022,2025.0,0.0,0.0,3.0,0.0,0,0.0,62.5
ROAD TRANSPORT AND HIGHWAYS,TO KUMTA - SIRSI ROAD - KM 4.265 OF BELEKERI LINK RD. AND KM 4.,440.16,,440.16,355.11,2018,2022.0,36.0,1.0,4.0,0.0,0,0.0,69.73
ROAD TRANSPORT AND HIGHWAYS,BORDER TO HOSKOTE,1240.6,1181.68,1181.68,,2023,2025.0,7.0,1.0,2.0,0.0,0,0.0,
ROAD TRANSPORT AND HIGHWAYS,BORDER,2718.46,,2718.46,438.9,2022,2025.0,0.0,0.0,3.0,0.0,0,0.0,53.72
ROAD TRANSPORT AND HIGHWAYS,OF 2L PS FROM KM 30.800 2L WITH RIGID FROM 70.800 TO KM 84.12,226.76,226.76,226.76,86.76,2022,2024.0,11.0,1.0,2.0,0.0,0,0.0,71.87
ROAD TRANSPORT AND HIGHWAYS,TO SANKESHWAR KM 515.000 TO KM 555.017,1479.3,1479.3,1479.3,676.61,2022,2025.0,8.0,1.0,3.0,0.0,0,0.0,93.1
ROAD TRANSPORT AND HIGHWAYS,TO BIKARNAKATTE KARKALA TO MANGALORE,1409.68,1808.12,1808.12,1032.44,2021,2024.0,15.0,1.0,3.0,28.2646,1,0.282646,59.0
ROAD TRANSPORT AND HIGHWAYS,2/4 LANE NH CONNECTIVITY SCHEME SH 2 HAVERI 69 YEKAMBI KUMTA,294.62,309.9,309.9,55.68,2021,2024.0,33.0,1.0,3.0,5.1863,1,0.051863,15.06
ROAD TRANSPORT AND HIGHWAYS,BYPASS AND WITH STRUCTURES IN SECTION,688.0,602.09,688.0,514.23,2020,2023.0,28.0,1.0,3.0,0.0,0,0.0,80.02
ROAD TRANSPORT AND HIGHWAYS,OF BETTADAHALLI TO SECTION FROM KM. 166+100 170+415) TO KM. 217+0,1331.77,2082.98,2082.98,477.33,2021,2023.0,26.0,1.0,2.0,56.4069,1,0.564069,76.52
ROAD TRANSPORT AND HIGHWAYS,OF CONTSRUCTION OF WITH PAVED SHOULDER,344.79,,344.79,,2021,2023.0,16.0,1.0,2.0,0.0,0,0.0,
ROAD TRANSPORT AND HIGHWAYS,OF REHABILITATION AND TO 2LANE/2LANE WITH PAVED AND ST,398.48,,398.48,5.0,2023,2024.0,12.0,1.0,1.0,0.0,0,0.0,50.0
ROAD TRANSPORT AND HIGHWAYS,"OF ELEVATED CORRIDOR TO 136.300 ON 63, FROM 250.050 ON",298.0,,298.0,10.7,2021,2024.0,12.0,1.0,3.0,0.0,0,0.0,52.0
ROAD TRANSPORT AND HIGHWAYS,4 LANE FROM KM. 133.00 TO CHAINAGE KM. 130.88 TO CROSS T,350.69,,350.69,10.0,2023,2025.0,0.0,0.0,2.0,0.0,0,0.0,56.0
ROAD TRANSPORT AND HIGHWAYS,TWO LANE WITH PAVED FROM KM. 33.13 TO KM. 40.23,172.98,,172.98,6.48,2022,2024.0,10.0,1.0,2.0,0.0,0,0.0,65.0
ROAD TRANSPORT AND HIGHWAYS,INTERMEDIATE/TWO LANE PAVED SHOULDER FROM KM 112.750 TO,255.88,,255.88,60.99,2023,2024.0,1.0,1.0,1.0,0.0,0,0.0,78.24
ROAD TRANSPORT AND HIGHWAYS,2 LANE WITH PAVED FROM KM 116.800 TO CHANGES) ON HOL,170.34,,170.34,4.25,2022,2024.0,10.0,1.0,2.0,0.0,0,0.0,72.0
ROAD TRANSPORT AND HIGHWAYS,"2 LANES WITH PAVED FROM KM 24.400 TO 27.270, 84.300 TO 88.20",218.93,,218.93,,2022,2024.0,0.0,0.0,2.0,0.0,0,0.0,
ROAD TRANSPORT AND HIGHWAYS,EXISTING 2 LANE WITH TO 4 LANE WITH PAVED DESIGN KM 153.00,177.94,,177.94,6.66,2023,2025.0,0.0,0.0,2.0,0.0,0,0.0,47.0
ROAD TRANSPORT AND HIGHWAYS,4 LANE FROM KM 51.60 TO TO PARKALA) AND FROM KM,355.72,,355.72,11.32,2022,2024.0,2.0,1.0,2.0,0.0,0,0.0,60.0
ROAD TRANSPORT AND HIGHWAYS,OF LEFT OVER WORKS OF KARNATAKA/ AP KM.280.080 TO KM. 375.450,830.28,,830.28,652.09,2023,2025.0,0.0,0.0,2.0,0.0,0,0.0,75.3
ROAD TRANSPORT AND HIGHWAYS,OF 6 LANE ACCESS GREENFIELD HIGHWAY TO KM. 162.500 MARADGI,1589.0,,1589.0,725.46,2022,2025.0,0.0,0.0,3.0,0.0,0,0.0,60.7
ROAD TRANSPORT AND HIGHWAYS,- PUNE SECTION OF DHARWAD - HUBLI TO KM. 433.20,1135.39,,1135.39,396.27,2022,2023.0,30.0,1.0,1.0,0.0,0,0.0,69.6
ROAD TRANSPORT AND HIGHWAYS,OF CONSTRUCTION OF WITH PAVED SHOULDER,516.96,,516.96,19.93,2021,2024.0,6.0,1.0,3.0,0.0,0,0.0,75.0
ROAD TRANSPORT AND HIGHWAYS,TWO LANE WITH PAVED FROM KM 40.00 TO KM 75.00 OF MANGALOR,718.52,,718.52,24.81,2023,2025.0,0.0,0.0,2.0,0.0,0,0.0,23.0
ROAD TRANSPORT AND HIGHWAYS,OF TWO LANE WITH FROM KM.0 TO KM. 80 SE,766.64,,766.64,,2021,2022.0,32.0,1.0,1.0,0.0,0,0.0,
ROAD TRANSPORT AND HIGHWAYS,2 LANE WITH PAVED FROM DESIGN KM 103.200 103.200) TO DESIGN KM 11,166.58,,166.58,3.62,2024,2025.0,0.0,0.0,1.0,0.0,0,0.0,
ROAD TRANSPORT AND HIGHWAYS,OF 2 LANE WITH PAVED KM 55.6 TO KM 90.7,313.56,,313.56,53.65,2024,2026.0,0.0,0.0,2.0,0.0,0,0.0,
ROAD TRANSPORT AND HIGHWAYS,2L+PS FROM KM 71.00 TO ON BHANAPUR,445.62,,445.62,33.24,2024,2026.0,0.0,0.0,2.0,0.0,0,0.0,
ROAD TRANSPORT AND HIGHWAYS,TWO LANE WITH PAVED,196.05,,196.05,2.34,2024,2026.0,0.0,0.0,2.0,0.0,0,0.0,
STEEL,"PLANT-II, DONIMALAI",1043.63,,1043.63,181.21,2023,2026.0,0.0,0.0,3.0,0.0,0,0.0,13.61
URBAN DEVELOPMENT,METRO RAIL PROJECT PHASE-,26405.14,,26405.14,20936.29,2014,2021.0,49.0,1.0,7.0,0.0,0,0.0,
DPIIT,METRO RAIL PROJECT 2A AND 2B,14788.1,,14788.1,2424.04,2021,2026.0,0.0,0.0,5.0,0.0,0,0.0,
CIVIL AVIATION,- DEVELOPMENT OF RESA ON EITHER END ON AT CALICUT AIRPORT,484.57,323.98,323.98,74.41,2023,2025.0,0.0,0.0,2.0,0.0,0,0.0,18.0
DEPARTMENT OF HIGHER EDUCATION,"CAMPUS OF IIT IA AT PUDESSERY WEST, DISTRICT )",753.63,,753.63,,2019,2021.0,56.0,1.0,2.0,0.0,0,0.0,
PETROLEUM,AND EXTENSION OF JETTY KOCHI REFINERY,621.87,,621.87,168.5,2023,2026.0,0.0,0.0,3.0,0.0,0,0.0,81.5
PETROLEUM,POLYPROPYLENE UNIT AT,4460.0,,4460.0,223.5,2023,2027.0,0.0,0.0,4.0,0.0,0,0.0,10.1
RAILWAYS,- PATCH KM),600.82,,595.39,282.48,2010,2028.0,0.0,0.0,18.0,0.0,0,0.0,8.0
RAILWAYS,- PATCH DOUBLING,812.85,,802.8,280.39,2011,2027.0,0.0,0.0,16.0,0.0,0,0.0,7.0
ROAD TRANSPORT AND HIGHWAYS,THALSERRY -MAHE BYPASS,1124.11,1573.18,1573.18,1525.92,2017,2020.0,45.0,1.0,3.0,39.9489,1,0.399489,100.0
ROAD TRANSPORT AND HIGHWAYS,KOZHIKODE BYPASS JN.) SECTION OF NH,1424.77,2065.95,2065.95,901.96,2018,2023.0,28.0,1.0,5.0,45.0024,1,0.450024,95.01
ROAD TRANSPORT AND HIGHWAYS,2 LANES WITH PAVED FROM KM.87/000 TO 133/720 THANAU JN. IN PALAKK,294.28,296.53,296.53,286.8,2017,2017.0,84.0,1.0,0.0,0.7646,1,0.007646,98.0
ROAD TRANSPORT AND HIGHWAYS,2-LANE WITH PAVED FROM KM 119/017 TO KM,380.76,372.87,372.87,347.04,2017,2017.0,83.0,1.0,0.0,0.0,0,0.0,100.0
ROAD TRANSPORT AND HIGHWAYS,OF 6 LANE ELEVATED WITH DEVELOPMENT 4 LANE ROAD AT GROUND LE,2429.52,,2429.52,,2022,2026.0,0.0,0.0,4.0,0.0,0,0.0,
ROAD TRANSPORT AND HIGHWAYS,PARAVOOR,3273.61,,3273.61,777.99,2021,2025.0,11.0,1.0,4.0,0.0,0,0.0,61.01
ROAD TRANSPORT AND HIGHWAYS,KADAMBATTUKONAM TO KM. 517+250 TO KM.54,3635.64,,3635.64,324.02,2021,2025.0,15.0,1.0,4.0,0.0,0,0.0,38.97
ROAD TRANSPORT AND HIGHWAYS,THURAVOOR,2878.97,,2878.97,565.38,2021,2024.0,0.0,0.0,3.0,0.0,0,0.0,43.79
ROAD TRANSPORT AND HIGHWAYS,KODUNGALLUR TO,3565.82,,3064.11,1997.54,2021,2025.0,0.0,0.0,4.0,0.0,0,0.0,61.99
ROAD TRANSPORT AND HIGHWAYS,START OF KOLLAM BYPASS KADAMBATTUKONAM SECTION OF NEW NH-66,2641.37,,2641.37,607.07,2021,2025.0,11.0,1.0,4.0,0.0,0,0.0,76.05
ROAD TRANSPORT AND HIGHWAYS,KAPPIRIKKAD TO,3606.0,3946.56,3946.56,3120.31,2021,2025.0,9.0,1.0,4.0,9.4443,1,0.094443,71.59
ROAD TRANSPORT AND HIGHWAYS,THALIKULAM TO,2595.0,,4009.57,,2021,2025.0,9.0,1.0,4.0,54.5114,1,0.545114,
ROAD TRANSPORT AND HIGHWAYS,KOTTUKULANGARA 454+500) TO START OF,2842.14,,2842.14,477.69,2021,2024.0,14.0,1.0,3.0,0.0,0,0.0,70.95
ROAD TRANSPORT AND HIGHWAYS,RAMANATTUKARA START OF VALANCHERY,4265.42,,4728.4,3474.3,2021,2024.0,8.0,1.0,3.0,10.8543,1,0.108543,99.1
ROAD TRANSPORT AND HIGHWAYS,START OF VALANCHERY OF NH- FROM DESIGN CH,3375.31,3824.07,3824.07,2351.49,2021,2024.0,8.0,1.0,3.0,13.2954,1,0.132954,98.3
ROAD TRANSPORT AND HIGHWAYS,THALIPARAMBHA- SECTION FROM KM,2714.6,3557.65,2714.6,1903.94,2020,2024.0,25.0,1.0,4.0,31.0561,1,0.310561,73.0
ROAD TRANSPORT AND HIGHWAYS,FROM KM. 230.400 OF NH-66,3219.47,3898.46,3896.46,2295.21,2020,2024.0,23.0,1.0,4.0,21.0901,1,0.210901,57.9
ROAD TRANSPORT AND HIGHWAYS,KT/KL BORDER TO CHENGALA SECTION OF FROM CH. 17.200 TO CH,1981.07,2651.79,1981.07,1540.46,2020,2024.0,14.0,1.0,4.0,33.8565,1,0.338565,96.4
ROAD TRANSPORT AND HIGHWAYS,NEELESHWARAM TO SECTION FROM CH. KM 96+450) TO CH. 134+,3041.65,3867.66,3041.65,2406.4,2020,2024.0,23.0,1.0,4.0,27.1566,1,0.271566,82.1
ROAD TRANSPORT AND HIGHWAYS,CHENGALA TO,1746.45,2538.06,1746.45,,2020,2024.0,23.0,1.0,4.0,45.3268,1,0.453268,
ROAD TRANSPORT AND HIGHWAYS,OF EXISTING NH- 0.000 TO KM 124.636 SECTION SECTION IN TH,1231.74,,1231.74,452.6,2022,2025.0,0.0,0.0,3.0,0.0,0,0.0,48.2
URBAN DEVELOPMENT,RAIL PROJECT PHASE II TO INFOPARK VIA,1957.05,,1957.05,250.63,2018,2026.0,0.0,0.0,8.0,0.0,0,0.0,7.4
DPIIT,RAIL PROJECT PHASE IB S N JUNCTION TO,355.7,448.0,448.33,448.39,2019,2023.0,0.0,0.0,4.0,25.9488,1,0.259488,100.0
CIVIL AVIATION,OF TERMINAL BUILDING WORKS AT LEH,480.33,640.0,640.0,409.08,2018,2021.0,49.0,1.0,3.0,33.2417,1,0.332417,63.67
ROAD TRANSPORT AND HIGHWAYS,PACKAGE-1,384.23,,384.23,162.54,2021,2023.0,34.0,1.0,2.0,0.0,0,0.0,60.4
ROAD TRANSPORT AND HIGHWAYS,PACKAGE-2,404.89,,404.89,244.21,2021,2023.0,34.0,1.0,2.0,0.0,0,0.0,65.54
ROAD TRANSPORT AND HIGHWAYS,PACKAGE-3,381.01,,381.01,230.28,2020,2023.0,31.0,1.0,3.0,0.0,0,0.0,74.72
ROAD TRANSPORT AND HIGHWAYS,PACKAGE-8,398.37,,398.37,274.39,2021,2023.0,31.0,1.0,2.0,0.0,0,0.0,82.28
ROAD TRANSPORT AND HIGHWAYS,OF REALIGNMENT KM) ON ROAD ZOZILA-,426.14,,426.14,16.27,2021,2025.0,0.0,0.0,4.0,0.0,0,0.0,37.0
CIVIL AVIATION,OF JABALPUR AIRPORT,412.24,,412.24,402.81,2016,2021.0,37.0,1.0,5.0,0.0,0,0.0,100.0
CIVIL AVIATION,OF GWALIOR AIRPORT,446.12,455.0,455.0,451.55,2021,2023.0,12.0,1.0,2.0,1.9905,1,0.019905,100.0
COAL,EXPANSION,869.44,,869.44,272.09,2016,2021.0,72.0,1.0,5.0,0.0,0,0.0,75.0
COAL,UG MINE,414.16,,414.16,11.75,2019,2026.0,0.0,0.0,7.0,0.0,0,0.0,28.0
COAL,DHANKASA JAMUNIA UG,399.2,,497.01,64.13,2022,2027.0,0.0,0.0,5.0,24.5015,1,0.245015,42.0
PETROLEUM,PROJECT AT BINA DOWNSTREAM PLANTS AND EXPANSION,43367.0,,43367.0,1594.9,2023,2028.0,0.0,0.0,5.0,0.0,0,0.0,12.2
POWER,POWER RAJASTHAN COMPLEX): PART-C,2708.0,,2708.0,,2024,2026.0,0.0,0.0,2.0,0.0,0,0.0,
POWER,SYSTEM FOR EVACUATION RAJASTHAN REZ PH-IV [JAISALMER/BARME,3674.0,,3674.0,234.57,2024,2026.0,0.0,0.0,2.0,0.0,0,0.0,10.3
RAILWAYS,DOUBLING PROJECT,2445.29,2445.3,4353.5,3099.24,2015,2026.0,12.0,1.0,11.0,0.0004,1,4e-06,91.0
RAILWAYS,SEPARATOR/BYE PASS,1247.64,1247.64,2300.0,1427.58,2016,2024.0,0.0,0.0,8.0,0.0,0,0.0,89.0
RAILWAYS,SADRI NEW LINE PROJECT,495.18,,495.18,289.65,2017,2022.0,48.0,1.0,5.0,0.0,0,0.0,45.0
ROAD TRANSPORT AND HIGHWAYS,SHAHDOL SECTION OF NH-78 KM 68/4 TO 142/200,511.83,,511.83,478.84,2015,2017.0,94.0,1.0,2.0,0.0,0,0.0,93.06
ROAD TRANSPORT AND HIGHWAYS,TO GODPEHRA NH-44,524.84,,524.84,2434.64,2022,2024.0,13.0,1.0,2.0,0.0,0,0.0,60.0
ROAD TRANSPORT AND HIGHWAYS,- MOHARI FROM KM.8 TO,790.78,,790.78,,2021,2024.0,14.0,1.0,3.0,0.0,0,0.0,
ROAD TRANSPORT AND HIGHWAYS,FROM KM. 359.50 TO KM.,194.4,235.0,235.0,208.32,2019,2022.0,29.0,1.0,3.0,20.8848,1,0.208848,98.84
ROAD TRANSPORT AND HIGHWAYS,TO TO KM 41.400 OF NH-752D,909.84,,909.84,502.49,2020,2024.0,12.0,1.0,4.0,0.0,0,0.0,99.0
ROAD TRANSPORT AND HIGHWAYS,- BOREGAON,1001.69,,1001.69,517.31,2021,2024.0,20.0,1.0,3.0,0.0,0,0.0,82.11
ROAD TRANSPORT AND HIGHWAYS,- BUDNI SECTION TO KM. 20.700 IN AREA OF NH - 69,417.51,,417.51,312.94,2022,2024.0,14.0,1.0,2.0,0.0,0,0.0,100.0
ROAD TRANSPORT AND HIGHWAYS,PAVED SHOULDERS OF MEHULWA FROM DESIGN KM SH-19 KM 26+5,581.65,592.03,581.65,125.56,2021,2025.0,0.0,0.0,4.0,1.7846,1,0.017846,43.79
ROAD TRANSPORT AND HIGHWAYS,"OF MIHONA BYPASS, DABOH BYPASS AND",179.19,,,47.91,2022,2024.0,,,,0.0,0,0.0,96.0
ROAD TRANSPORT AND HIGHWAYS,OF NASRULLAGANI-REHTI- TO 2-LANE WITH PAVED KM 0+150 TO KM,305.12,,305.12,,2021,2024.0,11.0,1.0,3.0,0.0,0,0.0,
ROAD TRANSPORT AND HIGHWAYS,AND WIDENING OF BERASIA - DHOLKHEDI FROM,365.21,,365.21,112.27,2022,2025.0,0.0,0.0,3.0,0.0,0,0.0,64.0
ROAD TRANSPORT AND HIGHWAYS,"AND UPGRADATION OF ROAD NH-346, FROM DESIGN CHAIN",386.49,,386.49,77.42,2022,2025.0,10.0,1.0,3.0,0.0,0,0.0,48.77
ROAD TRANSPORT AND HIGHWAYS,FOR REHABILITATION AND OF SIDHI-SINGRAULI FROM KM 187.993 SEC,529.44,,529.44,378.4,2020,2023.0,26.0,1.0,3.0,0.0,0,0.0,62.0
ROAD TRANSPORT AND HIGHWAYS,RUDHI TO DESHGAON -,521.21,,521.21,98.23,2018,2025.0,0.0,0.0,7.0,0.0,0,0.0,39.8
ROAD TRANSPORT AND HIGHWAYS,AND UPGRADATION TO 2- SHOULDER OF JIRAPUR-SUSNER-MP-,239.72,232.22,232.22,73.4,2022,2025.0,0.0,0.0,3.0,0.0,0,0.0,100.0
ROAD TRANSPORT AND HIGHWAYS,OF DINDORI-SAGARTOLA-,329.14,319.09,319.09,52.7,2022,2025.0,0.0,0.0,3.0,0.0,0,0.0,50.12
ROAD TRANSPORT AND HIGHWAYS,"OF KAITHI-PADARIA KALA BYPASS, JASO",158.36,158.0,,22.68,2022,2025.0,,,,0.0,0,0.0,30.0
ROAD TRANSPORT AND HIGHWAYS,OF 4L OF NAURADEHI DE-SCOPED STRETCH OF TO SINDOOR RIVER FROM,178.18,,178.18,,2021,2023.0,21.0,1.0,2.0,0.0,0,0.0,
ROAD TRANSPORT AND HIGHWAYS,OF 4-LANE FROM BARELA SECTION OF NH-30 FROM TO DESIGN CH.,652.33,,652.33,334.34,2022,2025.0,9.0,1.0,3.0,0.0,0,0.0,73.16
ROAD TRANSPORT AND HIGHWAYS,OF ADDITIONAL 3 LANE OF BAKA,209.29,,209.29,140.22,2022,2024.0,0.0,0.0,2.0,0.0,0,0.0,100.0
ROAD TRANSPORT AND HIGHWAYS,OF RAGHOGARH,799.2,,799.2,306.27,2024,2026.0,0.0,0.0,2.0,0.0,0,0.0,35.04
ROAD TRANSPORT AND HIGHWAYS,OF 4 LANE DIVIDED OF MISSING LINK SECTION BYPASS) FROM JUNC,355.36,,355.36,39.06,2024,2026.0,0.0,0.0,2.0,0.0,0,0.0,34.4
SOCIAL JUSTICE,DISABILITY SPORTS,170.99,,170.99,73.8,2019,2024.0,0.0,0.0,5.0,0.0,0,0.0,74.0
URBAN DEVELOPMENT,RAIL,6941.4,,6941.4,2970.09,2018,2023.0,64.0,1.0,5.0,0.0,0,0.0,40.9
DPIIT,RAIL,7500.8,,7500.8,3724.27,2018,2023.0,70.0,1.0,5.0,0.0,0,0.0,52.99
CIVIL AVIATION,"OF NEW INTEGRATED RECONSTRUCTION BUILDING, MODIFICAT",475.39,,520.0,,2017,2021.0,32.0,1.0,4.0,9.3839,1,0.093839,
CIVIL AVIATION,"RUNWAY WITH BLAST PAD, APRON, GSE AREA, NEW DOMESTIC TERM",255.68,270.0,270.0,267.86,2017,2020.0,40.0,1.0,3.0,5.6008,1,0.056008,100.0
COAL,YEKONA-I YEKONA-II,727.28,,727.28,530.02,2015,2025.0,0.0,0.0,10.0,0.0,0,0.0,86.0
COAL,DEEP OC,184.71,,241.72,9.25,2021,2028.0,12.0,1.0,7.0,30.8646,1,0.308646,6.0
COAL,UG TO OC),711.0,,720.87,159.15,2021,2028.0,0.0,0.0,7.0,1.3882,1,0.013882,33.0
COAL,INDER-KAMPTEE DEEP OC,235.9,,313.34,116.46,2018,2024.0,12.0,1.0,6.0,32.8275,1,0.328275,87.0
COAL,MINE I EXPANSION,228.64,,253.51,118.34,2022,2028.0,0.0,0.0,6.0,10.8774,1,0.108774,27.0
COAL,I EXPANSION OC,361.87,,497.06,33.9,2022,2026.0,0.0,0.0,4.0,37.3587,1,0.373587,12.0
COAL,UG TO OC,402.27,,496.38,47.99,2022,2027.0,0.0,0.0,5.0,23.3947,1,0.233947,27.0
COAL,GAURI PAUNI EXPANSION,1225.21,,1428.25,52.83,2024,2030.0,0.0,0.0,6.0,16.5719,1,0.165719,17.0
COAL,NORTHWEST OC MINE,360.18,,360.18,0.0,2022,2029.0,0.0,0.0,7.0,0.0,0,0.0,
COAL,OF MUNGOLI OC,1024.91,,1184.44,0.0,2024,2029.0,0.0,0.0,5.0,15.5653,1,0.155653,
COAL,GONDEGAON - EXPANSION OCM,668.54,,871.59,0.0,2024,2029.0,0.0,0.0,5.0,30.3722,1,0.303722,
DEPARTMENT OF HIGHER EDUCATION,"OF IITB RESEARCH PARK POWAI, MUMBAI )",223.37,275.0,230.0,141.16,2018,2020.0,43.0,1.0,2.0,23.1141,1,0.231141,100.0
HEALTH AND FAMILY WELFARE,HOSPITAL INCLUDING 50 BEDS FOR ESIC AT,429.25,,429.25,99.08,2022,2025.0,0.0,0.0,3.0,0.0,0,0.0,
PETROLEUM,OF WALL PLATFORMS OF AND HEERA FIELDS,3190.69,3375.9,3375.9,3023.97,2015,2018.0,86.0,1.0,3.0,5.8047,1,0.058047,89.0
PETROLEUM,500KTPA PROPANE INTEGRATED WITH UNIT ALONG WITH,8797.0,11256.0,11256.0,6367.78,2019,2025.0,6.0,1.0,6.0,27.9527,1,0.279527,83.78
PETROLEUM,AND AUGMENTATION FACILITIES AT URAN LPG,1164.69,,1164.69,,2021,2024.0,10.0,1.0,3.0,0.0,0,0.0,
PETROLEUM,CRYOGENICS GROUP BY NEW MANUFACTURING,378.0,,378.0,142.31,2021,2023.0,20.0,1.0,2.0,0.0,0,0.0,90.6
PETROLEUM,OF LUBE OIL BLENDING PLANT AT RASAYANI,423.39,,423.39,253.13,2022,2024.0,6.0,1.0,2.0,0.0,0,0.0,75.5
PETROLEUM,FROM JAWAHARLAL NEHRU,165.0,,165.0,78.6,2022,2025.0,7.0,1.0,3.0,0.0,0,0.0,65.93
PETROLEUM,DEVELOPMENT PROJECT DAMAN BLOCK,4144.41,6406.9,6406.9,3203.26,2022,2025.0,4.0,1.0,3.0,54.5914,1,0.545914,80.5
PETROLEUM,"AT BEED, JALGAON AND",865.0,,865.0,63.81,2022,2030.0,18.0,1.0,8.0,0.0,0,0.0,2.8
PETROLEUM,TOWERS MUMBAI,281.35,389.67,389.67,216.88,2017,2025.0,13.0,1.0,8.0,38.5001,1,0.385001,50.5
PETROLEUM,OF ADDITIONAL ALLIED FACILITIES AT,341.43,436.14,436.14,239.13,2022,2024.0,22.0,1.0,2.0,27.7392,1,0.277392,47.52
PETROLEUM,OF INDEPENDENT DE- SOLVENTS PRODUCTION MUMBAI REFINERY,405.0,,405.0,181.0,2023,2025.0,0.0,0.0,2.0,0.0,0,0.0,78.2
PETROLEUM,INSTALLATIONS WITH AT RASAYANI,2585.0,,2585.0,,2023,2026.0,0.0,0.0,3.0,0.0,0,0.0,
PETROLEUM,BGC PROJECT,2329.45,,2354.23,523.0,2024,2026.0,0.0,0.0,2.0,1.0638,1,0.010638,40.5
PETROLEUM,IN MUMBAI REFINERY,240.0,,240.0,26.53,2024,2026.0,0.0,0.0,2.0,0.0,0,0.0,26.3
PETROLEUM,DEVELOPMENT OF 4 UNDER DSF2,6183.79,,6183.79,0.0,2023,2027.0,0.0,0.0,4.0,0.0,0,0.0,12.6
PETROLEUM,AND BOTTOM PROJECT,4679.0,,4679.0,171.65,2024,2028.0,0.0,0.0,4.0,0.0,0,0.0,4.2
POWER,POWER PROJECT,5491.89,532.0,5491.89,4229.4,2022,2024.0,16.0,1.0,2.0,0.0,0,0.0,76.0
POWER,OF 7GW RE KHAVDA PS UNDER PHASE-,224.0,,224.0,2.64,2023,2025.0,2.0,1.0,2.0,0.0,0,0.0,6.0
RAILWAYS,VAIJNATH,2539.0,,4957.27,4858.62,1997,2026.0,0.0,0.0,29.0,95.245,1,0.95245,97.0
RAILWAYS,TRANSPORT PROJECT,8087.11,,918.53,7110.54,2008,2014.0,0.0,0.0,6.0,0.0,0,0.0,77.3
RAILWAYS,MAHARASHTRA,3445.48,,3445.34,3121.26,2008,2027.0,0.0,0.0,19.0,0.0,0,0.0,47.0
RAILWAYS,NGP 3RD LINE,540.02,,540.02,733.95,2012,2025.0,2.0,1.0,13.0,0.0,0,0.0,80.0
RAILWAYS,- 3RD LINE,1035.16,,1558.75,1675.57,2016,2024.0,15.0,1.0,8.0,50.5806,1,0.505806,80.0
RAILWAYS,- NAGPUR - 3RD LINE,3544.92,,3544.25,3041.12,2016,2024.0,24.0,1.0,8.0,0.0,0,0.0,95.0
RAILWAYS,VIRAR VADODARA TRAIN PROTECTION SYSTEM,311.0,,311.36,0.0,2010,2024.0,0.0,0.0,14.0,0.1158,1,0.001158,
RAILWAYS,WITH EXTENSION UPTO TO BG,955.0,,2089.25,117.54,2022,2027.0,19.0,1.0,5.0,118.7696,1,1.187696,
RAILWAYS,VIA ULHASNAGAR,836.12,,836.12,9.29,2023,2027.0,0.0,0.0,4.0,0.0,0,0.0,
RAILWAYS,TRANSPORT PROJECT IIIA,33690.0,,33690.0,,2019,2027.0,0.0,0.0,8.0,0.0,0,0.0,
RAILWAYS,RAILWAY LINE GAUGE PROJECT,1400.0,,2383.0,1774.9,2019,2024.0,16.0,1.0,5.0,70.2143,1,0.702143,86.0
ROAD TRANSPORT AND HIGHWAYS,AND UPGRADATION OF BYPASS TO KASAR SECTION OF NH-222,225.81,,225.81,167.96,2015,,,,,0.0,0,0.0,96.0
ROAD TRANSPORT AND HIGHWAYS,"OF FLYOVER AT ROB ,SERVICE FOR RCC DRAINS ON",649.5,,649.5,623.65,2015,2019.0,76.0,1.0,4.0,0.0,0,0.0,93.43
ROAD TRANSPORT AND HIGHWAYS,ROAD PACKAGE-2,591.66,,591.66,632.92,2016,2019.0,70.0,1.0,3.0,0.0,0,0.0,99.99
ROAD TRANSPORT AND HIGHWAYS,NH17 AND NEW NO. NH66 TO 205/400 UNDER MODE,1142.62,1907.03,1142.62,1056.08,2016,2023.0,0.0,0.0,7.0,66.8998,1,0.668998,95.17
ROAD TRANSPORT AND HIGHWAYS,NH17 AND NEW NO. NH66 TO 281/300 UNDER MODE,1101.58,,1101.58,608.53,2016,,,,,0.0,0,0.0,
ROAD TRANSPORT AND HIGHWAYS,BODHRE-DHULE 390.000 TO 452.800),744.64,,1007.0,467.65,2017,2020.0,69.0,1.0,3.0,35.2331,1,0.352331,95.2
ROAD TRANSPORT AND HIGHWAYS,WARANGA-MAHAGAON 253.7000 TO 320.580),1059.73,1071.0,1071.0,928.19,2017,2017.0,98.0,1.0,0.0,1.0635,1,0.010635,97.25
ROAD TRANSPORT AND HIGHWAYS,OF 8 LANING OF EXISTING TO THANE FROM KM 563.000 SECTION OF,1162.92,1182.87,1182.87,412.38,2018,2021.0,53.0,1.0,3.0,1.7155,1,0.017155,59.0
ROAD TRANSPORT AND HIGHWAYS,KARANJA,391.06,391.0,391.06,287.6,2017,2019.0,54.0,1.0,2.0,0.0,0,0.0,92.76
ROAD TRANSPORT AND HIGHWAYS,KUHI,228.89,229.0,228.89,154.82,2017,2019.0,54.0,1.0,2.0,0.0481,1,0.000481,99.0
ROAD TRANSPORT AND HIGHWAYS,GHOTITOK,392.83,393.0,392.83,274.75,2017,2019.0,0.0,0.0,2.0,0.0433,1,0.000433,100.0
ROAD TRANSPORT AND HIGHWAYS,RAMTIRTH,210.81,,210.81,210.81,2017,2019.0,49.0,1.0,2.0,0.0,0,0.0,96.5
ROAD TRANSPORT AND HIGHWAYS,CHIPLUN GUHAGAR,407.19,407.0,407.19,323.02,2017,2019.0,52.0,1.0,2.0,0.0,0,0.0,90.0
ROAD TRANSPORT AND HIGHWAYS,RAJURI,276.95,277.0,276.95,160.94,2018,2019.0,51.0,1.0,1.0,0.0181,1,0.000181,92.06
ROAD TRANSPORT AND HIGHWAYS,PHULAMBARI,227.19,227.0,227.19,141.92,2018,2019.0,48.0,1.0,1.0,0.0,0,0.0,95.0
ROAD TRANSPORT AND HIGHWAYS,VILLAGE,228.31,,228.31,100.97,2018,2019.0,48.0,1.0,1.0,0.0,0,0.0,93.83
ROAD TRANSPORT AND HIGHWAYS,HIMAYATNAGAR,426.06,426.0,426.06,271.4,2017,2020.0,42.0,1.0,3.0,0.0,0,0.0,96.25
ROAD TRANSPORT AND HIGHWAYS,TO PUNE RAIGARH,256.15,,256.15,126.62,2018,2019.0,46.0,1.0,1.0,0.0,0,0.0,98.0
ROAD TRANSPORT AND HIGHWAYS,DISTRICT BORDER TO,223.46,,223.46,123.46,2018,2019.0,48.0,1.0,1.0,0.0,0,0.0,100.0
ROAD TRANSPORT AND HIGHWAYS,TEMBHURNI,488.6,,488.6,279.42,2017,2019.0,53.0,1.0,2.0,0.0,0,0.0,76.5
ROAD TRANSPORT AND HIGHWAYS,TO PANDHARPUR,307.63,,307.63,232.57,2017,2019.0,52.0,1.0,2.0,0.0,0,0.0,96.27
ROAD TRANSPORT AND HIGHWAYS,TO SANGOLA,218.38,,218.38,182.63,2017,2019.0,53.0,1.0,2.0,0.0,0,0.0,99.78
ROAD TRANSPORT AND HIGHWAYS,TO MANDANGHAR,381.08,302.0,381.08,45.66,2018,2020.0,0.0,0.0,2.0,0.0,0,0.0,
ROAD TRANSPORT AND HIGHWAYS,TO BARASGAON,406.54,407.0,406.54,274.3,2016,2019.0,0.0,0.0,3.0,0.1131,1,0.001131,
ROAD TRANSPORT AND HIGHWAYS,VADPALE,1202.52,1656.94,1202.52,1450.82,2017,2019.0,51.0,1.0,2.0,37.789,1,0.37789,61.42
ROAD TRANSPORT AND HIGHWAYS,SHIRUR,341.8,,341.8,226.19,2017,2019.0,57.0,1.0,2.0,0.0,0,0.0,78.6
ROAD TRANSPORT AND HIGHWAYS,TO SILLOD,456.32,541.93,456.32,355.54,2017,2019.0,54.0,1.0,2.0,18.761,1,0.18761,94.07
ROAD TRANSPORT AND HIGHWAYS,TO KASHEDI,743.21,743.0,743.21,911.64,2017,2021.0,30.0,1.0,4.0,0.0,0,0.0,88.69
ROAD TRANSPORT AND HIGHWAYS,DAHIGUDA,205.72,206.0,205.72,85.71,2017,2019.0,50.0,1.0,2.0,0.1361,1,0.001361,100.0
ROAD TRANSPORT AND HIGHWAYS,OF ADHALGAON-JAMKHED NH-548 D FROM KM 132/600 TO TWO LANE WITH,223.35,,223.35,,2021,2022.0,0.0,0.0,1.0,0.0,0,0.0,
ROAD TRANSPORT AND HIGHWAYS,TO SIRONCHA,282.07,,282.07,34.65,2022,2022.0,24.0,1.0,0.0,0.0,0,0.0,
ROAD TRANSPORT AND HIGHWAYS,GHAT SECTION FROM EXISTING KM. KM. 782.0,493.0,,493.0,399.49,2019,2022.0,42.0,1.0,3.0,0.0,0,0.0,76.49
ROAD TRANSPORT AND HIGHWAYS,FROM KM. 117.00 ON MOHOL-ALANDI,618.45,,618.45,639.23,2021,2023.0,20.0,1.0,2.0,0.0,0,0.0,96.2
ROAD TRANSPORT AND HIGHWAYS,- KOLHAPUR SECTION OF KM 0.000 TO KM 19.769 AND,930.0,,930.0,620.6,2022,2024.0,10.0,1.0,2.0,0.0,0,0.0,76.5
ROAD TRANSPORT AND HIGHWAYS,TO INDAPUR,624.45,580.15,580.15,420.42,2021,2023.0,21.0,1.0,2.0,0.0,0,0.0,0.5
ROAD TRANSPORT AND HIGHWAYS,TO TONDLE,667.66,666.21,666.21,610.63,2021,2023.0,18.0,1.0,2.0,0.0,0,0.0,3.0
ROAD TRANSPORT AND HIGHWAYS,SECTION FROM KM,1025.2,,1025.2,453.39,2023,2025.0,0.0,0.0,2.0,0.0,0,0.0,44.22
ROAD TRANSPORT AND HIGHWAYS,OF 4L PANVEL-INDAPUR,332.0,,332.0,273.33,2022,2024.0,19.0,1.0,2.0,0.0,0,0.0,64.63
ROAD TRANSPORT AND HIGHWAYS,EXPRESSWAY,2208.68,,2208.68,565.2,2021,2025.0,0.0,0.0,4.0,0.0,0,0.0,74.5
ROAD TRANSPORT AND HIGHWAYS,OF 4 LANING OF PANVEL,151.26,,151.26,153.77,2023,2023.0,18.0,1.0,0.0,0.0,0,0.0,86.38
ROAD TRANSPORT AND HIGHWAYS,2/4L STRETCH FROM ? ALANDI S,1833.73,,1833.73,539.18,2022,2024.0,12.0,1.0,2.0,0.0,0,0.0,95.64
ROAD TRANSPORT AND HIGHWAYS,OF AURANGABAD-PAITHAN NH-752E ON EPC MODE IN THE,490.4,,,,2022,2024.0,,,,0.0,0,0.0,
ROAD TRANSPORT AND HIGHWAYS,ROAD FROM KM 32.910 TO KM,1013.33,1013.33,1111.33,355.07,2022,2024.0,6.0,1.0,2.0,0.0,0,0.0,62.01
ROAD TRANSPORT AND HIGHWAYS,BRIDGE - BHANDARA BYPASS) SECTION TO KM 499.800,815.77,,815.77,732.7,2021,2024.0,16.0,1.0,3.0,0.0,0,0.0,100.0
ROAD TRANSPORT AND HIGHWAYS,MEASURE STRUCTURES ON TO WAINGANGA BRIDGE NH-53,540.21,,540.21,457.05,2021,2023.0,18.0,1.0,2.0,0.0,0,0.0,100.0
ROAD TRANSPORT AND HIGHWAYS,SECTION FROM KM. 62.900 OF NH-353J,1166.96,,1251.0,1078.65,2021,2023.0,24.0,1.0,2.0,7.2016,1,0.072016,81.0
ROAD TRANSPORT AND HIGHWAYS,OF FAGNE,1654.07,,980.0,887.38,2019,2022.0,39.0,1.0,3.0,0.0,0,0.0,95.75
ROAD TRANSPORT AND HIGHWAYS,- KOLHAPUR SECTION TO KM 112.340 OF NH-166,839.0,,839.0,441.05,2023,2025.0,0.0,0.0,2.0,0.0,0,0.0,56.5
ROAD TRANSPORT AND HIGHWAYS,- KOLHAPUR SECTION TO KM 145.300 OF NH-166,986.0,,986.0,508.04,2023,2025.0,0.0,0.0,2.0,0.0,0,0.0,54.6
ROAD TRANSPORT AND HIGHWAYS,AND UP-GRADATION TO 4 PAVED SHOULDER OF SECTION FROM UND,778.18,,778.18,135.78,2022,2025.0,0.0,0.0,3.0,0.0,0,0.0,
ROAD TRANSPORT AND HIGHWAYS,OF NEW FOUR LANE,496.64,,496.64,,2022,2024.0,0.0,0.0,2.0,0.0,0,0.0,
ROAD TRANSPORT AND HIGHWAYS,OF 4 LANE FLYOVER AT CHOWK TO NAGPUR CAMPUS FROM CH 2/250 TO,478.83,,478.83,233.48,2021,2024.0,1.0,1.0,3.0,0.0,0,0.0,65.0
ROAD TRANSPORT AND HIGHWAYS,AND UPGRADATION OF NH752 G DESIGN CH: KM 64.0,428.8,,428.8,54.11,2023,2025.0,0.0,0.0,2.0,0.0,0,0.0,30.69
ROAD TRANSPORT AND HIGHWAYS,AND UP-GRADATION OF SHAHAPUR SECTION KM 306.300 [DESIGN,414.81,,414.81,0.0,2023,2024.0,0.0,0.0,1.0,0.0,0,0.0,
ROAD TRANSPORT AND HIGHWAYS,OF TALEGAON ? ? NHAVARA,304.68,,304.68,97.09,2022,2024.0,0.0,0.0,2.0,0.0,0,0.0,59.0
ROAD TRANSPORT AND HIGHWAYS,AND UPGRADATION OF TO KUMBHARI FATA DESIGN TO 17+00) AND RAJ TO KM 191+,291.37,,291.37,102.94,2022,2024.0,0.0,0.0,2.0,0.0,0,0.0,78.44
ROAD TRANSPORT AND HIGHWAYS,PIMPLNER TO SATANA - KM 21.427 TO 64.00 ] OF,277.81,,277.81,148.68,2019,2021.0,29.0,1.0,2.0,0.0,0,0.0,90.0
ROAD TRANSPORT AND HIGHWAYS,AND UPGRADATION OF SECTION OF NH-361F,261.82,,261.82,,2023,2024.0,0.0,0.0,1.0,0.0,0,0.0,
ROAD TRANSPORT AND HIGHWAYS,OF REHABILITATION AND TO NH-166F FROM MAHAD KM 123/400 ON NH-,256.54,,256.54,80.1,2021,2023.0,4.0,1.0,2.0,0.0,0,0.0,60.0
ROAD TRANSPORT AND HIGHWAYS,AND UPGRADATION OF TO SHIVAJI CHOWK KM. 130+00 TO,245.61,,245.61,43.39,2023,2024.0,0.0,0.0,1.0,0.0,0,0.0,33.0
ROAD TRANSPORT AND HIGHWAYS,ASTHAMODE - TIVATYAL KM 24.300 - 62.00] [KM 134.98-,228.82,,228.82,144.54,2019,2021.0,29.0,1.0,2.0,0.0,0,0.0,95.44
ROAD TRANSPORT AND HIGHWAYS,AND UPGRADATION TO PAVED SHOULDER FROM WATUR TO,228.01,,228.01,103.01,2021,2023.0,3.0,1.0,2.0,0.0,0,0.0,99.0
ROAD TRANSPORT AND HIGHWAYS,AND REHABILITATION OF,224.44,,224.44,75.34,2021,2023.0,7.0,1.0,2.0,0.0,0,0.0,45.63
ROAD TRANSPORT AND HIGHWAYS,AND UP-GRADATION OF TO ASHTI SECTION FROM KM 55+100 AND CHINCH,213.32,,213.32,20.0,2022,2024.0,0.0,0.0,2.0,0.0,0,0.0,34.0
ROAD TRANSPORT AND HIGHWAYS,AND UP-GRADATION OF NANDED SECTION FROM KM. 388+400 OF NH 16,206.54,,206.54,21.36,2022,2025.0,0.0,0.0,3.0,0.0,0,0.0,
ROAD TRANSPORT AND HIGHWAYS,TO SAVALI VIHIR SECTION,195.38,,195.38,29.59,2022,2024.0,0.0,0.0,2.0,0.0,0,0.0,19.76
ROAD TRANSPORT AND HIGHWAYS,OF MAJOR BRIDGE RIVER NEAR YESGI 166/500 ON NH 63 TQ BILOLI,188.69,,188.69,,2021,2023.0,4.0,1.0,2.0,0.0,0,0.0,
ROAD TRANSPORT AND HIGHWAYS,TO 4 LANING OF T-POINT TO MALIWADA [FROM TO KM 4.000] AND UPG,185.59,,185.59,63.56,2022,2024.0,0.0,0.0,2.0,0.0,0,0.0,48.0
ROAD TRANSPORT AND HIGHWAYS,"OF SIX LANE FLYOVER AT AT KM, 3/880 OF NH 548- - KATRAJ - KO",169.15,,169.15,36.94,2021,2024.0,1.0,1.0,3.0,0.0,0,0.0,35.96
ROAD TRANSPORT AND HIGHWAYS,OF EXHISTING 2 LANE TO 2 LANE PAVED RIGID PAVEMENT FROM DESI,167.97,,167.97,35.28,2021,2024.0,0.0,0.0,3.0,0.0,0,0.0,36.76
ROAD TRANSPORT AND HIGHWAYS,"AND WIDINING OF EXISTING TO 10 M IN KM, 156/160 TO - KUSL",157.72,,157.72,55.38,2021,2024.0,0.0,0.0,3.0,0.0,0,0.0,90.41
ROAD TRANSPORT AND HIGHWAYS,AND UPGRADATION OF SAUTADA SECTION OF NH548 195.375 TO KM 208.7,157.62,,157.62,13.86,2022,2024.0,0.0,0.0,2.0,0.0,0,0.0,17.03
ROAD TRANSPORT AND HIGHWAYS,DHARMAPURI AND PARALI 2L+PS,152.03,,152.03,81.35,2018,2024.0,0.0,0.0,6.0,0.0,0,0.0,97.57
ROAD TRANSPORT AND HIGHWAYS,CHOWK TO PACHPAOLI AND - ASHOKA CHOWK,998.27,,998.27,347.53,2023,2026.0,0.0,0.0,3.0,0.0,0,0.0,45.52
ROAD TRANSPORT AND HIGHWAYS,OF EXISTING ALIGNMENT TOWN PART BYPASSED WAKHARI TO LORD VITT,150.21,150.21,150.21,31.57,2022,2025.0,0.0,0.0,3.0,0.0,0,0.0,6.0
ROAD TRANSPORT AND HIGHWAYS,OF 6-LANE PIMPALGAON- NH-3 IN MAHARASHTRA U,175.0,206.49,206.49,,2024,2025.0,0.0,0.0,1.0,17.9943,1,0.179943,
ROAD TRANSPORT AND HIGHWAYS,OF TO 2L+PS/4 LANE OF RAJOLI FROM DESIGN KM.1,316.44,,316.44,0.0,2022,2025.0,0.0,0.0,3.0,0.0,0,0.0,
ROAD TRANSPORT AND HIGHWAYS,UPGRADATION OF TO FOUR LANE IN KURKHEDA TOWN FROM,163.86,,163.86,0.0,2022,2025.0,0.0,0.0,3.0,0.0,0,0.0,
ROAD TRANSPORT AND HIGHWAYS,AND UP-GRADATION FOR GAGANBAWDAA?? KOLHAPUR STRETCHES START,249.13,,249.13,0.0,2023,2025.0,0.0,0.0,2.0,0.0,0,0.0,
ROAD TRANSPORT AND HIGHWAYS,"TO 4 LANE FOR THE WORK OF PETH ROAD, NH-166H, FROM",856.82,,856.82,0.0,2023,2025.0,0.0,0.0,2.0,0.0,0,0.0,
ROAD TRANSPORT AND HIGHWAYS,AND UP-GRADATION TO 2 SHOULDER OF MAHUD SANGOLA,253.78,,253.78,0.0,2023,2025.0,0.0,0.0,2.0,0.0,0,0.0,
ROAD TRANSPORT AND HIGHWAYS,TO FOUR LANE/ TWO LANE SHOULDERS CONFIGURATION MURBAD - MALSHEJ,984.07,,984.07,0.0,2023,2026.0,0.0,0.0,3.0,0.0,0,0.0,
ROAD TRANSPORT AND HIGHWAYS,OF FOUR-LANE FROM POLICE GONDIA CITY TO,328.11,,328.11,0.0,2023,2025.0,0.0,0.0,2.0,0.0,0,0.0,
ROAD TRANSPORT AND HIGHWAYS,GRADATION OF - MURTIZAPUR 4LANE+PAVED SHOULDER,594.44,,594.44,,2023,2026.0,0.0,0.0,3.0,0.0,0,0.0,
ROAD TRANSPORT AND HIGHWAYS,/ UPGRADATION TO 4 SHOULDER OF IN SILLOD TOWN WITH,153.79,,153.79,0.0,2023,2025.0,0.0,0.0,2.0,0.0,0,0.0,
ROAD TRANSPORT AND HIGHWAYS,UPGRADATION AND EXISTING HIGHWAY TO 2 LANE WITH PAVED SHO,723.13,,723.13,0.0,2023,2026.0,0.0,0.0,3.0,0.0,0,0.0,
URBAN DEVELOPMENT,LINE 3,23136.0,,37276.0,28615.78,2013,2020.0,64.0,1.0,7.0,61.1169,1,0.611169,94.77
DPIIT,RAIL PROJECT PHASE II,6708.0,,6708.0,809.32,2022,2027.0,0.0,0.0,5.0,0.0,0,0.0,22.68
DPIIT,PROJECT EXTENSION OF OF PUNE METRO PHASE 1,910.18,,910.18,91.03,2023,2027.0,0.0,0.0,4.0,0.0,0,0.0,16.99
DPIIT,PHASE-1 EXTENSION FROM KATRAJ,2954.53,,2954.53,16.38,2024,2029.0,0.0,0.0,5.0,0.0,0,0.0,2.15
CIVIL AVIATION,"OF NEW INTEGRATED CONTROL TOWER BLOCK, APRON, LINK TAX",499.0,,499.0,154.47,2021,2024.0,20.0,1.0,3.0,0.0,0,0.0,40.36
ROAD TRANSPORT AND HIGHWAYS,CHURACHANDPUR TUIVAI,177.76,,177.76,89.67,2020,2022.0,34.0,1.0,2.0,0.0,0,0.0,80.53
ROAD TRANSPORT AND HIGHWAYS,OF TO 4-LANE DIVIDED TAPHOU KUKI TO DAILI,379.39,,379.39,218.03,2020,2022.0,44.0,1.0,2.0,0.0,0,0.0,70.31
ROAD TRANSPORT AND HIGHWAYS,PKG-1A,226.32,,226.32,105.78,2021,2022.0,36.0,1.0,1.0,0.0,0,0.0,74.48
ROAD TRANSPORT AND HIGHWAYS,- MAHUR PKG-3,234.08,,234.08,139.45,2021,2022.0,35.0,1.0,1.0,0.0,0,0.0,92.82
ROAD TRANSPORT AND HIGHWAYS,PKG-5B,211.7,,211.7,83.79,2021,2023.0,33.0,1.0,2.0,0.0,0,0.0,70.72
ROAD TRANSPORT AND HIGHWAYS,- MAHUR PKG-1,185.8,,185.8,117.78,2021,2023.0,22.0,1.0,2.0,0.0,0,0.0,100.0
ROAD TRANSPORT AND HIGHWAYS,- MAHUR PKG-2,483.87,,483.87,278.89,2021,2023.0,33.0,1.0,2.0,0.0,0,0.0,92.94
ROAD TRANSPORT AND HIGHWAYS,- MAHUR PKG-4,198.77,,198.77,127.86,2021,2023.0,24.0,1.0,2.0,0.0,0,0.0,100.0
ROAD TRANSPORT AND HIGHWAYS,TUIVAI PKG-3,673.27,,673.27,382.37,2021,2023.0,26.0,1.0,2.0,0.0,0,0.0,79.47
ROAD TRANSPORT AND HIGHWAYS,- MAHUR PKG-5,477.86,,477.86,,2021,2023.0,32.0,1.0,2.0,0.0,0,0.0,
ROAD TRANSPORT AND HIGHWAYS,- MAHUR PKG-6,311.18,,311.18,190.96,2021,2023.0,31.0,1.0,2.0,0.0,0,0.0,83.5
ROAD TRANSPORT AND HIGHWAYS,PKG-5,410.68,,410.68,147.81,2021,2024.0,22.0,1.0,3.0,0.0,0,0.0,68.79
ROAD TRANSPORT AND HIGHWAYS,PKG-6,504.76,,504.76,183.15,2021,2025.0,10.0,1.0,4.0,0.0,0,0.0,76.52
ROAD TRANSPORT AND HIGHWAYS,- JESSAMI SECTION PKG-2,152.11,,152.11,73.48,2022,2025.0,1.0,1.0,3.0,0.0,0,0.0,100.0
ROAD TRANSPORT AND HIGHWAYS,OF 2-LANING WITH HARD OF UKHRUL - TOLOI - OF NH-102A FROM,315.56,,315.56,137.81,2021,2025.0,7.0,1.0,4.0,0.0,0,0.0,88.54
ROAD TRANSPORT AND HIGHWAYS,PKG-7,760.16,,760.16,148.98,2023,2025.0,3.0,1.0,2.0,0.0,0,0.0,60.6
ROAD TRANSPORT AND HIGHWAYS,TADUBI PKG-2,578.98,,578.98,153.92,2023,2026.0,1.0,1.0,3.0,0.0,0,0.0,71.25
ROAD TRANSPORT AND HIGHWAYS,TO JESSAMI SECTION 95.700 TO KM 14,554.66,,554.66,17.79,2023,2026.0,0.0,0.0,3.0,0.0,0,0.0,11.93
ROAD TRANSPORT AND HIGHWAYS,ROAD PKG-4B,268.98,,268.98,13.14,2020,2026.0,0.0,0.0,6.0,0.0,0,0.0,15.9
ROAD TRANSPORT AND HIGHWAYS,LAYNEN BRIDGE UKHRUL -,164.89,,164.89,,2023,2026.0,0.0,0.0,3.0,0.0,0,0.0,
ROAD TRANSPORT AND HIGHWAYS,ROAD PKG-5A,228.97,,228.97,0.0,2020,2026.0,0.0,0.0,6.0,0.0,0,0.0,5.96
ROAD TRANSPORT AND HIGHWAYS,MARREM KHULLEN SECTION - JESSAMI PKG-5,564.05,,564.05,0.0,2023,2027.0,0.0,0.0,4.0,0.0,0,0.0,
ROAD TRANSPORT AND HIGHWAYS,- JIRIBAM PKG-2,195.14,,195.14,0.0,2021,2026.0,0.0,0.0,5.0,0.0,0,0.0,7.19
DEPARTMENT OF HIGHER EDUCATION,AND DEVELOPMENT OF OF TECHNOLOGY PERMANENT CAMPUS AT ),484.32,429.7,494.52,270.55,2013,2014.0,130.0,1.0,1.0,0.0,0,0.0,84.0
ROAD TRANSPORT AND HIGHWAYS,2-LANE WITH GEOMETRIC OF TURA DALU ROAD FUNDING FROM KM 85.000 T,553.51,610.09,553.51,432.78,2017,2021.0,45.0,1.0,4.0,10.222,1,0.10222,92.01
ROAD TRANSPORT AND HIGHWAYS,TO 2-L WITH,351.12,,351.12,295.88,2020,2023.0,22.0,1.0,3.0,0.0,0,0.0,62.5
ROAD TRANSPORT AND HIGHWAYS,TO 2-LANE WITH 37.550) BETWEEN SHIL,525.68,,525.68,434.11,2020,2023.0,32.0,1.0,3.0,0.0,0,0.0,31.0
ROAD TRANSPORT AND HIGHWAYS,TO 2-LANE WITH 63.530) BETWEEN SHIL,445.51,,445.51,207.2,2020,2023.0,28.0,1.0,3.0,0.0,0,0.0,26.0
ROAD TRANSPORT AND HIGHWAYS,TO 2-LANE WITH / 4-LANING FROM 63.530 TO KM 71.520) B,284.21,,284.21,,2020,2023.0,35.0,1.0,3.0,0.0,0,0.0,
ROAD TRANSPORT AND HIGHWAYS,BAGHMARA,157.86,146.92,157.86,152.95,2020,2022.0,34.0,1.0,2.0,0.0,0,0.0,100.0
ROAD TRANSPORT AND HIGHWAYS,AND UPGRADATION OF TO WAHKAJI SECTION OF KM 0.000 TO KM 43.06,302.88,,302.88,228.68,2020,2022.0,37.0,1.0,2.0,0.0,0,0.0,96.0
ROAD TRANSPORT AND HIGHWAYS,AND UP GRADATION OF ROAD UP BORDER FROM,359.86,,359.86,233.26,2021,2024.0,24.0,1.0,3.0,0.0,0,0.0,87.0
ROAD TRANSPORT AND HIGHWAYS,BAGHMARA PKG-,283.5,,283.5,257.26,2021,2024.0,11.0,1.0,3.0,0.0,0,0.0,100.0
ROAD TRANSPORT AND HIGHWAYS,OF 2-LANE WITH PAVED SHILLONG WESTERN FROM NH-06 NEAR,620.3,,620.3,221.86,2023,2026.0,0.0,0.0,3.0,0.0,0,0.0,28.0
ROAD TRANSPORT AND HIGHWAYS,BYPASS PACKAGE-2,686.0,,686.0,292.69,2023,2026.0,0.0,0.0,3.0,0.0,0,0.0,25.52
ROAD TRANSPORT AND HIGHWAYS,OF 2-LANE WITH PAVED OF SHILLONG WESTERN FROM NH-06 NEAR,562.48,,562.48,297.79,2023,2026.0,0.0,0.0,3.0,0.0,0,0.0,24.0
ROAD TRANSPORT AND HIGHWAYS,PKG-1B,705.83,,705.83,0.31,2023,2027.0,0.0,0.0,4.0,0.0,0,0.0,1.55
ROAD TRANSPORT AND HIGHWAYS,AND WIDENING TWO PAVED SHOULDER OF 127B FROM KM 31.500,504.0,,504.0,0.0,2023,2027.0,0.0,0.0,4.0,0.0,0,0.0,
RAILWAYS,"NL, NEFR",6527.45,5021.45,8213.72,,2008,2025.0,3.0,1.0,17.0,0.0,0,0.0,
ROAD TRANSPORT AND HIGHWAYS,UP-GRADATION TO 2-LANE SHOULDER CONFIGURATION IMPROVEMENTS FRO,428.11,,746.39,613.69,2017,2023.0,20.0,1.0,6.0,74.3454,1,0.743454,98.7
ROAD TRANSPORT AND HIGHWAYS,OF TWO LANE WITH OF SELLING-DULTE,292.24,,331.17,294.6,2020,2022.0,27.0,1.0,2.0,13.3212,1,0.133212,93.2
ROAD TRANSPORT AND HIGHWAYS,- CHAMPAI PKG.2,233.25,,233.25,172.09,2021,2022.0,16.0,1.0,1.0,0.0,0,0.0,100.0
ROAD TRANSPORT AND HIGHWAYS,PKG-A,698.44,,698.45,496.84,2021,2022.0,39.0,1.0,1.0,0.0014,1,1.4e-05,59.4
ROAD TRANSPORT AND HIGHWAYS,PKG-B,740.58,,740.58,364.34,2021,2023.0,38.0,1.0,2.0,0.0,0,0.0,57.4
ROAD TRANSPORT AND HIGHWAYS,PKG-1,492.94,,492.94,365.86,2021,2023.0,12.0,1.0,2.0,0.0,0,0.0,90.5
ROAD TRANSPORT AND HIGHWAYS,TO 2-LANE WITH PAVED OF NGOPA - PAWLRANG NH 102B OF AIZAWL - IMPHA,523.78,,523.78,366.81,2021,2025.0,10.0,1.0,4.0,0.0,0,0.0,80.51
ROAD TRANSPORT AND HIGHWAYS,OCP 14 MTPA,836.42,,836.42,769.27,2020,2024.0,36.0,1.0,4.0,0.0,0,0.0,85.95
DPIIT,CORRIDOR ),20084.0,26684.0,26684.0,11262.06,2011,2027.0,60.0,1.0,16.0,32.862,1,0.32862,50.99
PETROLEUM,PIPELINE PHASE-II,2915.0,5909.0,5909.0,4294.8,2009,2012.0,156.0,1.0,3.0,102.7101,1,1.027101,94.0
PETROLEUM,ANGUL PIPELINE PROJECT,2658.34,,2658.34,,2019,2022.0,41.0,1.0,3.0,0.0,0,0.0,
PETROLEUM,JHARSUGUDA PIPELINE,7844.25,,7844.25,6349.9,2020,2023.0,28.0,1.0,3.0,0.0,0,0.0,94.5
PETROLEUM,AT NAWADA AND KODERMA,169.0,,169.0,71.0,2019,2029.0,3.0,1.0,10.0,0.0,0,0.0,27.2
PETROLEUM,GAS GRID,9265.0,9265.0,9265.0,6270.19,2020,2024.0,36.0,1.0,4.0,0.0,0,0.0,84.51
PETROLEUM,JAMMU PIPELINE,521.92,521.92,521.92,133.3,2023,2026.0,0.0,0.0,3.0,0.0,0,0.0,34.9
POWER,SCHEME FOR THE OF THE TRANSMISSION SYSTEM IN A P,4754.42,9129.32,9129.32,7602.44,2014,2018.0,99.0,1.0,4.0,92.0175,1,0.920175,81.5
POWER,REGION POWER SYSTEM,5111.33,6700.0,6700.0,5276.39,2014,2018.0,81.0,1.0,4.0,31.0813,1,0.310813,95.9
POWER,OF POWER FROM IN CHENAB VALLEY HEPS -,318.12,,318.12,169.75,2022,2025.0,2.0,1.0,3.0,0.0,0,0.0,98.0
POWER,SYSTEM STRENGTHENING TRANSMISSION,288.71,,288.71,149.79,2022,2024.0,7.0,1.0,2.0,0.0,0,0.0,48.0
POWER,SYSTEM STRENGTHENING EVACUATION OF POWER ENERGY ZONES IN,1666.0,2218.0,2218.0,,2022,2023.0,21.0,1.0,1.0,33.1333,1,0.331333,
POWER,NETWORK EXPANSION IN INCREASE ATC FROM ISTS:,4546.26,,4546.26,3969.34,2022,2023.0,27.0,1.0,1.0,0.0,0,0.0,92.0
POWER,SCHEME FOR NORTH EASTERN REGION,307.87,,307.87,234.9,2022,2025.0,0.0,0.0,3.0,0.0,0,0.0,99.9
POWER,SYSTEM FOR KURNOOL ZONE SOLAR ENERGY ZONE PART B,3546.94,,3546.94,2759.0,2023,2024.0,9.0,1.0,1.0,0.0,0,0.0,97.0
POWER,LIMITED,281.16,,281.16,217.88,2023,2025.0,3.0,1.0,2.0,0.0,0,0.0,98.8
RAILWAYS,"VIA SARDARPUR, JHABUA",1942.0,1873.1,2873.11,2971.25,2007,2027.0,0.0,0.0,20.0,0.0,0,0.0,59.0
RAILWAYS,WITH EXTENSION,2912.96,,3845.6,1024.32,2011,2025.0,0.0,0.0,14.0,32.0169,1,0.320169,
RAILWAYS,WITH EXTENSION AND MOHARI-TANTPUR PAHARPUR,746.83,,746.83,391.89,2010,2019.0,94.0,1.0,9.0,0.0,0,0.0,39.0
RAILWAYS,FROM BALURGHAT TO HILLY,1208.67,,1181.57,,2010,2027.0,0.0,0.0,17.0,0.0,0,0.0,
RAILWAYS,FROM JAGBANI TO,401.65,485.96,485.96,361.33,2010,2022.0,57.0,1.0,12.0,20.9909,1,0.209909,86.0
RAILWAYS,3RD LINE WITH,1953.0,,1952.68,1798.38,2012,2025.0,1.0,1.0,13.0,0.0,0,0.0,
RAILWAYS,ROORKEE,1053.23,,1053.0,588.8,2007,2024.0,12.0,1.0,17.0,0.0,0,0.0,99.0
RAILWAYS,HIGH SPEED RAIL,108000.0,,108000.0,76441.0,2015,2027.0,0.0,0.0,12.0,0.0,0,0.0,52.0
RAILWAYS,FREIGHT,51101.0,51101.0,51101.0,47476.0,2007,2022.0,0.0,0.0,15.0,0.0,0,0.0,83.0
RAILWAYS,TO BHADRAK 3RD LINE,2400.0,,1866.31,2048.31,2019,2024.0,18.0,1.0,5.0,0.0,0,0.0,60.0
ROAD TRANSPORT AND HIGHWAYS,KM.786 TO,2848.0,,3241.56,3901.66,2011,2014.0,135.0,1.0,3.0,13.8188,1,0.138188,90.02
ROAD TRANSPORT AND HIGHWAYS,TO HARIDWAR FROM KM. 0.000 TO KM.,2155.95,,2155.95,,2021,2025.0,6.0,1.0,4.0,0.0,0,0.0,
ROAD TRANSPORT AND HIGHWAYS,CONTROL PROVISION BYPASS TO GANESHPUR 13.89 KM TO 41.820 KM O,796.65,,796.65,432.84,2022,2024.0,7.0,1.0,2.0,0.0,0,0.0,87.5
SHIPPING AND PORTS,PROJECT,5369.18,5061.15,5061.15,3441.55,2018,2023.0,33.0,1.0,5.0,0.0,0,0.0,68.86
TELECOMMUNICATIONS,OF EXISTING AND NIB-P3 DATA,461.42,461.42,,166.02,2020,2021.0,,,,0.0,0,0.0,81.0
TELECOMMUNICATIONS,ROUTERS FOR BSNL - MULTI PROTOCOL,239.6,,239.6,179.43,2023,2024.0,12.0,1.0,1.0,0.0,0,0.0,100.0
TELECOMMUNICATIONS,ACCESS AND TEST AND MEASURING,645.13,,645.13,346.69,2023,2024.0,10.0,1.0,1.0,0.0,0,0.0,89.15
TELECOMMUNICATIONS,SUPPLY AND ANNUAL MAINTENANCE,24556.35,,24544.55,8087.14,2023,2025.0,0.0,0.0,2.0,0.0,0,0.0,94.09
TELECOMMUNICATIONS,NETWORK,810.99,,810.99,635.37,2024,2025.0,0.0,0.0,1.0,0.0,0,0.0,100.0
URBAN DEVELOPMENT,MEERUT RRTS,30274.0,,30274.0,25673.23,2019,2025.0,0.0,0.0,6.0,0.0,0,0.0,86.3
PETROLEUM,"OF DIMAPUR DEPOT,",227.62,,227.62,6.12,2023,2027.0,0.0,0.0,4.0,0.0,0,0.0,18.0
RAILWAYS,DIMAPUR TO NATIONAL PROJECT,6663.2,6663.2,6663.2,,2006,2026.0,45.0,1.0,20.0,0.0,0,0.0,
ROAD TRANSPORT AND HIGHWAYS,OF DIMAPUR KOHIMA ROAD KM 123.840 TO KM 138.775 124.100 TO KM 1,373.07,534.41,534.41,382.5,2016,2019.0,68.0,1.0,3.0,43.2466,1,0.432466,99.81
ROAD TRANSPORT AND HIGHWAYS,OF EXISTING DIMAPUR FROM DESIGN KM 152.490,429.52,794.74,794.74,321.4,2016,2022.0,37.0,1.0,6.0,85.0298,1,0.850298,91.49
ROAD TRANSPORT AND HIGHWAYS,OF FOUR/SIX LANING LENGTH OF 20.,387.0,,688.12,392.01,2017,2020.0,55.0,1.0,3.0,77.8088,1,0.778088,100.0
ROAD TRANSPORT AND HIGHWAYS,OF DIMAPUR BYPASS OF 4/6 LANE PAVEMENT FROM EXISTING,500.09,698.81,698.81,393.53,2018,2022.0,29.0,1.0,4.0,39.7368,1,0.397368,100.0
ROAD TRANSPORT AND HIGHWAYS,OF TWO LANE WITH HARD OF MERANGKONG-TAMLU- EXISTING KM 20.456 TO,215.79,,215.79,130.2,2018,2021.0,44.0,1.0,3.0,0.0,0,0.0,79.58
ROAD TRANSPORT AND HIGHWAYS,OF TWO LANE WITH HARD OF MERANGKONG-TAMLU- EXISTING KM 60.345 TO,323.98,,323.98,119.94,2018,2018.0,84.0,1.0,0.0,0.0,0,0.0,59.68
ROAD TRANSPORT AND HIGHWAYS,OF 2-LANE WITH PAVED KOHIMA-BYPASS ROAD KM10.500 TO 21.00KM [D,277.44,,277.44,168.88,2020,2022.0,44.0,1.0,2.0,0.0,0,0.0,67.81
ROAD TRANSPORT AND HIGHWAYS,OF 2-LANE WITH PAVED KOHIMA-BYPASS ROAD KM21.0 TO KM32.0 [DESIG,159.85,342.29,159.85,,2020,2022.0,38.0,1.0,2.0,114.132,1,1.14132,
ROAD TRANSPORT AND HIGHWAYS,OF 2-LANE WITH PAVED KOHIMA-BYPASS ROAD KM32.0 TO KM43.454 [DES,202.36,,202.36,75.39,2020,2022.0,40.0,1.0,2.0,0.0,0,0.0,31.02
ROAD TRANSPORT AND HIGHWAYS,CHANGTONGYA TO,278.95,,278.95,166.29,2020,2022.0,12.0,1.0,2.0,0.0,0,0.0,100.0
ROAD TRANSPORT AND HIGHWAYS,KOHIMA - JESSAMI SECTION,330.8,,330.8,171.89,2020,2021.0,47.0,1.0,1.0,0.0,0,0.0,92.44
ROAD TRANSPORT AND HIGHWAYS,OF 2-LANE WITH PAVED KOHIMA-BYPASS ROAD KM 0.00 TO KM 10.500 [D,232.29,350.88,232.29,70.9,2020,2022.0,55.0,1.0,2.0,51.0526,1,0.510526,14.7
ROAD TRANSPORT AND HIGHWAYS,SECTION PKG-2,258.52,,258.52,89.46,2021,2023.0,30.0,1.0,2.0,0.0,0,0.0,79.7
ROAD TRANSPORT AND HIGHWAYS,EXISTING SINGLE LANE / LANE ROAD TO 2 LANE TO KM 125 OF NH 61 I,252.19,,252.19,14.25,2020,2024.0,21.0,1.0,4.0,0.0,0,0.0,17.9
ROAD TRANSPORT AND HIGHWAYS,EXISTING SINGLE LANE LANE TO 2 LANE FROM,297.24,,297.24,137.76,2021,2024.0,17.0,1.0,3.0,0.0,0,0.0,79.47
ROAD TRANSPORT AND HIGHWAYS,EXISTING RANE TO 2 LANE TO KM 147 AND FROM KM,226.44,,226.44,,2021,2024.0,13.0,1.0,3.0,0.0,0,0.0,
ROAD TRANSPORT AND HIGHWAYS,EXISTING SINGLE LANE LANE ROAD TO CHARE VIA DIKHU,192.93,,192.93,105.41,2021,2025.0,3.0,1.0,4.0,0.0,0,0.0,92.82
ROAD TRANSPORT AND HIGHWAYS,PKG-3,177.77,199.02,199.02,46.94,2021,2025.0,6.0,1.0,4.0,11.9536,1,0.119536,61.25
ROAD TRANSPORT AND HIGHWAYS,2 LANE WITH HARD AKEGWO-AVANGKHU NH-202K FOR PACKAGE-I,430.24,,430.24,100.51,2022,2026.0,0.0,0.0,4.0,0.0,0,0.0,54.28
ROAD TRANSPORT AND HIGHWAYS,2 LANE WITH HARD AKEGWO-AVANGKHU NH-202K FOR PACKAGE-II,442.54,,442.54,50.6,2022,2026.0,0.0,0.0,4.0,0.0,0,0.0,26.58
ROAD TRANSPORT AND HIGHWAYS,2 LANE WITH HARD AKEGWO-AVANGKHU NH-202K FOR PACKAGE-III,497.18,,497.18,163.84,2022,2026.0,0.0,0.0,4.0,0.0,0,0.0,62.02
COAL,LAKHANPUR-BELPAHAR-,2434.75,,2434.75,1760.96,2018,2027.0,0.0,0.0,9.0,0.0,0,0.0,60.87
COAL,OF BHARATPUR OCP,2838.87,,2838.87,1835.56,2018,2029.0,0.0,0.0,11.0,0.0,0,0.0,44.62
COAL,THERMAL POWER PROJECT 800 MW),27213.0,,27213.0,1883.39,2024,2029.0,10.0,1.0,5.0,0.0,0,0.0,1.55
COAL,KULDA GARJANBAHAL OCP,3563.5,,3563.5,496.87,2023,2030.0,0.0,0.0,7.0,0.0,0,0.0,3.58
DEPARTMENT OF HIGHER EDUCATION,OF SCIENCE RESEARCH BERHAMPUR ),790.79,,790.79,706.39,2019,2022.0,43.0,1.0,3.0,0.0,0,0.0,96.0
MINES,ALUMINA REFINERY,4103.0,5677.4,5677.4,3799.56,2014,2021.0,53.0,1.0,7.0,38.3719,1,0.383719,73.74
MINES,E COAL BLOCK,534.0,,1021.97,826.94,2016,2020.0,50.0,1.0,4.0,91.3801,1,0.913801,87.5
MINES,OF FLAT BOTTOM SETTLERS WITH A SINGLE TRAIN OF IN STREAMS 1 AND,355.0,581.0,581.0,163.55,2015,2020.0,81.0,1.0,5.0,63.662,1,0.63662,12.6
MINES,BAUXITE ARRANGEMENT ALUMINA REFINERY BLOCK MINING LEASE OF,483.0,483.0,495.0,385.2,2017,2021.0,61.0,1.0,4.0,0.0,0,0.0,89.3
MINES,MINES,1437.0,,1381.0,650.05,2018,2024.0,5.0,1.0,6.0,0.0,0,0.0,51.0
MINES,OF RED MUD POND - II AT ODISHA,225.79,,270.66,,2019,2023.0,14.0,1.0,4.0,19.8724,1,0.198724,
PETROLEUM,PARA XYLENE,13805.0,,13805.0,7531.48,2020,2024.0,27.0,1.0,4.0,0.0,0,0.0,89.7
POWER,EXPANSION SCHEME,524.04,,524.04,359.97,2023,2025.0,0.0,0.0,2.0,0.0,0,0.0,99.0
POWER,POWER PROJECT MW),11844.0,,12539.0,3218.1,2022,2027.0,7.0,1.0,5.0,5.868,1,0.05868,21.4
RAILWAYS,ROAD DOUBLING,2362.0,2361.74,2361.74,1794.64,2015,2027.0,0.0,0.0,12.0,0.0,0,0.0,79.0
RAILWAYS,WITH FLY OVER ROAD 3RD AND 4TH LINE,820.61,,810.02,580.59,2015,2027.0,0.0,0.0,12.0,0.0,0,0.0,
RAILWAYS,- SALEGAON VIA RAJATGARH LINE.,1172.92,,2022.75,1949.32,2015,2026.0,0.0,0.0,11.0,72.4542,1,0.724542,80.0
RAILWAYS,-SAMABALPUR 3RD LINE,4803.16,,4803.16,4691.52,1991,2026.0,0.0,0.0,35.0,0.0,0,0.0,
RAILWAYS,NEWLINE,748.0,,747.91,,2017,2028.0,17.0,1.0,11.0,0.0,0,0.0,
RAILWAYS,NEW LINE WITH Y AT TALCHER,278.96,495.0,494.62,29.5,2018,2026.0,0.0,0.0,8.0,77.4448,1,0.774448,
RAILWAYS,BAUXITE MINES TO STATION,190.9,,190.9,10.0,2022,2027.0,0.0,0.0,5.0,0.0,0,0.0,
RAILWAYS,IRON ORE MINES TO,189.93,,189.93,14.04,2022,2027.0,6.0,1.0,5.0,0.0,0,0.0,
RAILWAYS,FLYOVER FOR JOINING DN LINE,296.51,,297.0,171.98,2009,2026.0,0.0,0.0,17.0,0.1653,1,0.001653,10.0
RAILWAYS,FLY OVER,183.0,257.97,257.97,0.83,2019,2027.0,0.0,0.0,8.0,40.9672,1,0.409672,
RAILWAYS,A-CABIN 5TH,209.75,,244.99,76.22,2022,2026.0,0.0,0.0,4.0,16.801,1,0.16801,30.0
ROAD TRANSPORT AND HIGHWAYS,OF FOUR LANNING OF SECTION OF,2510.04,,2510.04,1181.34,2016,2019.0,70.0,1.0,3.0,0.0,0,0.0,99.38
ROAD TRANSPORT AND HIGHWAYS,AND UPGRADATION OF,686.65,565.0,686.65,574.26,2017,2020.0,60.0,1.0,3.0,0.0,0,0.0,97.8
ROAD TRANSPORT AND HIGHWAYS,AND UP-GRADATION OF TO 4 LANE OF DUBURI,633.68,492.83,633.68,560.38,2018,2022.0,40.0,1.0,4.0,0.0,0,0.0,86.0
ROAD TRANSPORT AND HIGHWAYS,AND UP-GRADATION OF TO FOUR LANE FROM END OF KAMAKHYANAG,614.48,503.3,757.12,,2018,2021.0,46.0,1.0,3.0,0.0,0,0.0,
ROAD TRANSPORT AND HIGHWAYS,AND UPGRADATION OF 112.0) PKG II ON,686.65,504.09,1015.16,488.98,2018,2020.0,58.0,1.0,2.0,0.0,0,0.0,97.98
ROAD TRANSPORT AND HIGHWAYS,AND UPGRADATION OF BHADRAK BALESHWAR,999.0,1152.7,1152.7,540.1,2018,2021.0,46.0,1.0,3.0,15.3854,1,0.153854,82.01
ROAD TRANSPORT AND HIGHWAYS,AND UP-GRADATION TO 4-,503.88,609.03,609.03,536.89,2018,2021.0,48.0,1.0,3.0,20.8681,1,0.208681,98.5
ROAD TRANSPORT AND HIGHWAYS,2LPS FROM 0/0 TO 119/0 OF,287.7,,293.66,275.42,2016,2017.0,106.0,1.0,1.0,2.0716,1,0.020716,98.66
ROAD TRANSPORT AND HIGHWAYS,2LPS FROM 239/9 TO 294/3 TO KHURDA) IN THE,223.5,,,220.5,2016,2018.0,,,,0.0,0,0.0,92.0
ROAD TRANSPORT AND HIGHWAYS,2LPS FROM 269/30 TO 328/20,199.16,,199.16,158.73,2018,2018.0,82.0,1.0,0.0,0.0,0,0.0,100.0
ROAD TRANSPORT AND HIGHWAYS,OF PANIKOILI RIMULI NEW NH-20 FROM KM 0.00 TO,200.0,154.73,154.73,150.38,2020,2022.0,39.0,1.0,2.0,0.0,0,0.0,100.0
ROAD TRANSPORT AND HIGHWAYS,KANDILI - ALURU SECTION ROAD FROM KM 342+500 TO,1592.0,1592.0,1592.0,1083.78,2021,2024.0,14.0,1.0,3.0,0.0,0,0.0,78.13
ROAD TRANSPORT AND HIGHWAYS,BARAJA - KANDILI NH- 130-CD ROAD FROM KM,714.0,714.0,714.0,,2021,2024.0,11.0,1.0,3.0,0.0,0,0.0,
ROAD TRANSPORT AND HIGHWAYS,KALIAGURA ? SECTION OF NH-130-CD KM 249+000 TO KM 293+000,1734.0,1734.0,1734.0,1222.14,2021,2024.0,19.0,1.0,3.0,0.0,0,0.0,86.0
ROAD TRANSPORT AND HIGHWAYS,- KARKI SECTION TO KM 226.500 OF NH-130- ? OD-3),1249.0,,1249.0,465.59,2021,2024.0,19.0,1.0,3.0,0.0,0,0.0,85.6
ROAD TRANSPORT AND HIGHWAYS,- HATIBENA SECTION TO KM 146.50 OF NH-130- ? OD-1),586.0,,586.0,240.33,2021,2024.0,15.0,1.0,3.0,0.0,0,0.0,88.9
ROAD TRANSPORT AND HIGHWAYS,? KALIAGURA SECTION FROM KM 249.000 OF NH-130-CD OD-4),593.0,,593.0,282.15,2021,2024.0,15.0,1.0,3.0,0.0,0,0.0,94.46
ROAD TRANSPORT AND HIGHWAYS,- BADAKUMARI SECTION TO KM 179.00 OF NH-130- ? OD-2),925.0,,925.0,460.47,2021,2024.0,15.0,1.0,3.0,0.0,0,0.0,97.0
ROAD TRANSPORT AND HIGHWAYS,BAUNSAGUAR - BARAJA NH-130-CD ROAD FROM KM,1460.0,1460.0,1460.0,978.88,2021,2024.0,18.0,1.0,3.0,0.0,0,0.0,91.0
ROAD TRANSPORT AND HIGHWAYS,OF ROAD FROM KM 0/0 TO SUCH AS 4 LANE FROM KM TO BAR,414.24,,414.24,307.52,2020,2023.0,20.0,1.0,3.0,0.0,0,0.0,98.0
ROAD TRANSPORT AND HIGHWAYS,STRENGTHENING TO 2L+PS OF KANDARPUR-BALIKUDA TO 318/970 OF,499.79,,499.79,285.58,2022,2025.0,6.0,1.0,3.0,0.0,0,0.0,45.0
ROAD TRANSPORT AND HIGHWAYS,OF BYPASS ON NH-59 TOWN INCLUDING,196.94,,196.94,,2021,2024.0,17.0,1.0,3.0,0.0,0,0.0,
ROAD TRANSPORT AND HIGHWAYS,OF BYPASS TO FROM KM 235.469 TO INCLUDING LAND,300.33,,300.33,203.81,2022,2025.0,4.0,1.0,3.0,0.0,0,0.0,70.0
ROAD TRANSPORT AND HIGHWAYS,OF BYPASS TO KHORDHA KM 294/000 TO 300/300 ON NH-,157.49,,,72.57,2022,2024.0,,,,0.0,0,0.0,54.0
ROAD TRANSPORT AND HIGHWAYS,OF BYPASS ROAD TO,238.78,,238.78,50.39,2022,2025.0,1.0,1.0,3.0,0.0,0,0.0,35.0
ROAD TRANSPORT AND HIGHWAYS,OF 5 HL BRIDGES AT KM,154.05,,154.05,47.47,2021,2024.0,14.0,1.0,3.0,0.0,0,0.0,30.0
ROAD TRANSPORT AND HIGHWAYS,OF FOUR LANE ROB AND IN LIEU OF EXISTING NO. RV-71 AT KM,154.49,,154.49,59.92,2021,2025.0,2.0,1.0,4.0,0.0,0,0.0,45.0
ROAD TRANSPORT AND HIGHWAYS,OF 4 LANE ROB WITH IN LIEU OF LC NO. RV-172 AT,324.09,,324.09,110.76,2021,2025.0,3.0,1.0,4.0,0.0,0,0.0,35.0
ROAD TRANSPORT AND HIGHWAYS,AND UP GRADATION LANING OF CHANDIKHOLE OF NH 53 FROM KM.,711.0,,711.0,182.54,2023,2025.0,0.0,0.0,2.0,0.0,0,0.0,52.3
ROAD TRANSPORT AND HIGHWAYS,AND UP GRADATION LANING OF CHANDIKHOLE OF NH 53 FROM KM,762.75,,762.75,228.86,2023,2025.0,0.0,0.0,2.0,0.0,0,0.0,52.78
ROAD TRANSPORT AND HIGHWAYS,OVER RIVER BRAHMANI,153.61,,153.61,14.22,2022,2025.0,23.0,1.0,3.0,0.0,0,0.0,34.49
ROAD TRANSPORT AND HIGHWAYS,STRENGTHENLNG TO KM 0.000 TO 40.000 PODAMARI SECTION) OF NH,186.52,,186.52,45.93,2022,2026.0,0.0,0.0,4.0,0.0,0,0.0,35.0
ROAD TRANSPORT AND HIGHWAYS,STRENGTHENING TO FROM KM 0.000 TO 35.800 SECTION) OF N,636.1,,636.1,264.02,2022,2026.0,0.0,0.0,4.0,0.0,0,0.0,36.0
ROAD TRANSPORT AND HIGHWAYS,AND UP GRADATION LANING OF CHANDIKHOLE ?,882.45,,882.45,81.9,2024,2026.0,0.0,0.0,2.0,0.0,0,0.0,12.73
STEEL,OF COKE OVEN BATTERY-2 AUGMENTATION OF COKE GAS HANDLING FACILITY,377.18,,377.18,434.9,2020,2023.0,22.0,1.0,3.0,0.0,0,0.0,
STEEL,OF 4TH SLAB CASTER ITS AUXILIARIES AND A NEW IN SMS-II AT RSP,970.18,,970.18,689.07,2022,2025.0,2.0,1.0,3.0,0.0,0,0.0,93.76
DEPARTMENT OF HIGHER EDUCATION,OF PERMANENT CAMPUS OF MANAGEMENT PUNJAB. ),348.24,,348.24,,2019,2022.0,38.0,1.0,3.0,0.0,0,0.0,
PETROLEUM,"ETHANOL PROJECT, BATHINDA,",1421.46,,1421.46,1156.45,2020,2023.0,34.0,1.0,3.0,0.0,0,0.0,95.62
PETROLEUM,PIPELINE,367.0,397.0,397.0,329.81,2021,2024.0,14.0,1.0,3.0,8.1744,1,0.081744,90.3
PETROLEUM,AT PATHANKOT DISTRICT,151.0,,151.0,8.73,2022,2030.0,42.0,1.0,8.0,0.0,0,0.0,2.0
RAILWAYS,PATTI,299.74,,781.0,0.0,2017,2027.0,0.0,0.0,10.0,160.5592,1,1.605592,
ROAD TRANSPORT AND HIGHWAYS,PAVED SHOULDER OF PUNJAB/HARYANA MOONAK-JAKHAL-BUDHLADA,293.1,,315.0,318.24,2018,2020.0,58.0,1.0,2.0,7.4719,1,0.074719,99.75
ROAD TRANSPORT AND HIGHWAYS,SECTION OF NH- 3] FROM EXISTING KM 49.200,1069.59,,1069.59,739.08,2017,2019.0,74.0,1.0,2.0,0.0,0,0.0,44.0
ROAD TRANSPORT AND HIGHWAYS,AND UP GRADATION TO 2 SHOULDER OF NH-703A,170.57,,150.0,135.0,2018,2020.0,67.0,1.0,2.0,0.0,0,0.0,79.0
ROAD TRANSPORT AND HIGHWAYS,EXPRESSWAY WITH PATIALA-BATHINDA NEAR BHAWANIGARH TO,881.0,,881.0,932.64,2020,2024.0,3.0,1.0,4.0,0.0,0,0.0,90.64
ROAD TRANSPORT AND HIGHWAYS,EXPRESSWAY WITH LUDHIANA-,989.66,,989.66,,2020,2024.0,14.0,1.0,4.0,0.0,0,0.0,
ROAD TRANSPORT AND HIGHWAYS,EXPRESSWAY WITH LUDHIANA-MOGA NEAR MULLANPUR DAKHA TO,1234.4,,1234.4,792.35,2020,2024.0,17.0,1.0,4.0,0.0,0,0.0,63.09
ROAD TRANSPORT AND HIGHWAYS,EXPRESSWAY 303+900 TO KM 319+400 OF AND AMRITSAR CO,1094.46,,1094.46,802.93,2020,2024.0,17.0,1.0,4.0,0.0,0,0.0,62.99
ROAD TRANSPORT AND HIGHWAYS,EXPRESSWAY FROM JUNCTION WITH,853.66,,853.66,132.99,2021,2024.0,20.0,1.0,3.0,0.0,0,0.0,15.33
ROAD TRANSPORT AND HIGHWAYS,LUDHIANA RUPNAGAR JUNCTION WITH NE 05,1501.02,,1501.02,237.0,2021,2025.0,0.0,0.0,4.0,0.0,0,0.0,73.0
ROAD TRANSPORT AND HIGHWAYS,CHOWK TO KURALI ROAD,1525.31,,1525.31,245.0,2021,2024.0,0.0,0.0,3.0,0.0,0,0.0,88.7
ROAD TRANSPORT AND HIGHWAYS,OF FOUR LANE PROJECT OF DELHI-,1741.86,2281.02,2281.02,1278.0,2021,2024.0,15.0,1.0,3.0,30.9531,1,0.309531,96.0
ROAD TRANSPORT AND HIGHWAYS,OF FOUR/SIX LANE LUDHIANA ? RUPNAGAR NO. NH-205K UNDER,1368.91,1368.91,1368.91,,2021,2024.0,22.0,1.0,3.0,0.0,0,0.0,
ROAD TRANSPORT AND HIGHWAYS,OF 6 LANE JALANDHAR KAHLWAN NATIONAL DESIGN KM 0.00 ENDING AT,1754.84,,1754.84,1082.62,2021,2025.0,0.0,0.0,4.0,0.0,0,0.0,35.08
ROAD TRANSPORT AND HIGHWAYS,A. MALOUT BYPASS FROM TO CH. KM 35.500 ON NH-07 TO KM 6,646.42,646.42,646.42,481.67,2021,2024.0,13.0,1.0,3.0,0.0,0,0.0,96.0
ROAD TRANSPORT AND HIGHWAYS,OF MOGA TO BAJAKHANA OF 105B GREENFIELD DESIGN CHAINAGE,864.23,864.23,864.23,434.88,2020,2024.0,8.0,1.0,4.0,0.0,0,0.0,63.0
ROAD TRANSPORT AND HIGHWAYS,BATHINDA GREENFIELD VILLAGE TIBA ON NE 5A TO JALANDHAR ROAD N,1229.38,,1229.38,729.77,2021,2024.0,0.0,0.0,3.0,0.0,0,0.0,47.8
ROAD TRANSPORT AND HIGHWAYS,KATRA EXPRESSWAY III FROM JUNCTION WITH ROAD NH3 NEAR,1641.75,,1641.75,188.55,2021,2024.0,14.0,1.0,3.0,0.0,0,0.0,29.45
ROAD TRANSPORT AND HIGHWAYS,OF AMRITSAR BYPASS FROM ROAD TO AJNALA ROAD KM. 0.750 TO DESI,1474.77,,1474.77,471.06,2021,2024.0,16.0,1.0,3.0,0.0,0,0.0,73.72
ROAD TRANSPORT AND HIGHWAYS,GHOMAN TANDA UNA KM 8.270 TO KM 54.000 OF I,857.91,,857.91,127.71,2020,2024.0,12.0,1.0,4.0,0.0,0,0.0,40.0
ROAD TRANSPORT AND HIGHWAYS,JUNCTION RAMDAS TO KM. 139.813 PKG IV,524.88,416.58,416.58,,2020,2023.0,24.0,1.0,3.0,0.0,0,0.0,
ROAD TRANSPORT AND HIGHWAYS,TO TWO LANE WITH PAVED OF NH-354,263.19,,220.0,119.5,2021,2023.0,24.0,1.0,2.0,0.0,0,0.0,61.0
ROAD TRANSPORT AND HIGHWAYS,OF 2- SHOULDER OF SRI TO MALOUT ROAD FROM,152.58,,152.58,97.0,2022,2023.0,21.0,1.0,1.0,0.0,0,0.0,85.0
ROAD TRANSPORT AND HIGHWAYS,ROMANA,757.13,757.0,757.0,246.51,2020,2025.0,0.0,0.0,5.0,0.0,0,0.0,98.0
ROAD TRANSPORT AND HIGHWAYS,GREENFIELD JN. WITH BHAGTA BHAI KA- NEAR DYALPURA BHAI,2029.17,2029.0,2029.0,84.23,2021,2025.0,8.0,1.0,4.0,0.0,0,0.0,46.0
ROAD TRANSPORT AND HIGHWAYS,LUDHIANA- HIGHWAY FROM,906.51,906.51,906.51,134.05,2021,2025.0,6.0,1.0,4.0,0.0,0,0.0,49.8
ROAD TRANSPORT AND HIGHWAYS,GREENFIELD NH-754A FROM JUNCTION,1801.37,,1801.37,1074.27,2021,2025.0,0.0,0.0,4.0,0.0,0,0.0,44.15
ROAD TRANSPORT AND HIGHWAYS,GREENFIELD KM. 0.000 TO KM. 25.000 TO LALRU FROM K,1641.66,,1641.66,60.0,2022,2025.0,0.0,0.0,3.0,0.0,0,0.0,52.0
ROAD TRANSPORT AND HIGHWAYS,BEAS ? BABA BAKALA - SECTION FROM START TILL INTERSE,1003.38,,1003.38,,2021,2025.0,0.0,0.0,4.0,0.0,0,0.0,
ROAD TRANSPORT AND HIGHWAYS,BABA INTERSECTION WITH,809.51,,809.51,218.47,2021,2025.0,6.0,1.0,4.0,0.0,0,0.0,51.91
ROAD TRANSPORT AND HIGHWAYS,EXPRESSWAY FROM JN. WITH - SULTANPUR LODHI ROAD,2165.23,,2165.23,174.63,2020,2026.0,12.0,1.0,6.0,0.0,0,0.0,19.6
CIVIL AVIATION,OF NEW TERMINAL JODHPUR AIRPORT,480.0,,480.0,246.67,2022,2024.0,11.0,1.0,2.0,0.0,0,0.0,70.0
CIVIL AVIATION,CONSTRUCTION OF PASSENGER TERMINAL,887.0,,887.0,300.51,2023,2026.0,0.0,0.0,3.0,0.0,0,0.0,62.0
COAL,SOLAR POWER PROJECT MW CPSU SCHEME),1813.0,,1813.0,654.94,2023,2024.0,12.0,1.0,1.0,0.0,0,0.0,66.0
PETROLEUM,CRUDE OIL,9028.0,,9028.0,6662.44,2021,2024.0,14.0,1.0,3.0,0.0,0,0.0,81.86
PETROLEUM,"IN TONK, SAWAI DAUSA, KARAULI",1751.0,,1751.0,296.16,2022,2030.0,0.0,0.0,8.0,0.0,0,0.0,24.7
PETROLEUM,OF PETROCHEMICAL MARKETING TERMINAL,461.05,,461.05,90.93,2023,2026.0,0.0,0.0,3.0,0.0,0,0.0,44.3
PETROLEUM,REFINERY PROJECT ),43129.0,72937.0,72937.0,57717.81,2017,2022.0,38.0,1.0,5.0,69.1136,1,0.691136,86.9
PETROLEUM,AT FAZILKA,3207.0,,3207.0,316.65,2022,2030.0,0.0,0.0,8.0,0.0,0,0.0,20.6
POWER,SOLAR 300MW,1782.0,,1782.0,,2020,2021.0,42.0,1.0,1.0,0.0,0,0.0,
POWER,SOLAR PV PROJECT,2598.92,,2598.92,1758.06,2022,2024.0,18.0,1.0,2.0,0.0,0,0.0,55.0
POWER,SYSTEM SCHEME FOR OF POWER FROM REZ,1433.28,,1433.28,1281.27,2023,2024.0,12.0,1.0,1.0,0.0,0,0.0,91.9
POWER,POWER PROJECT UNDER,1677.12,,1677.12,1066.01,2022,2023.0,21.0,1.0,1.0,0.0,0,0.0,87.0
POWER,OF POWER FROM,688.74,,688.74,507.0,2023,2025.0,7.0,1.0,2.0,0.0,0,0.0,92.0
POWER,POWER FROM REZ IN,428.0,,428.0,,2023,2025.0,3.0,1.0,2.0,0.0,0,0.0,
POWER,OF POWER FROM A [BIKANER III N,2998.0,,2998.0,1112.98,2023,2025.0,0.0,0.0,2.0,0.0,0,0.0,45.3
POWER,OF POWER FROM D [NEEMRANA II B,2056.0,,2056.0,1318.23,2023,2025.0,0.0,0.0,2.0,0.0,0,0.0,50.7
POWER,OF POWER FROM KHETRI TRANSMISSI,2000.0,,2000.0,823.0,2024,2025.0,0.0,0.0,1.0,0.0,0,0.0,51.0
POWER,POWER FROM COMPLEX),3279.0,,3279.0,293.9,2024,2026.0,0.0,0.0,2.0,0.0,0,0.0,16.4
POWER,POWER FROM COMPLEX) PART-C,2227.0,,2227.0,292.59,2024,2026.0,0.0,0.0,2.0,0.0,0,0.0,16.4
POWER,POWER FROM COMPLEX) PART-E,3251.0,,3251.0,426.6,2024,2026.0,0.0,0.0,2.0,0.0,0,0.0,13.4
POWER,TRANSMISSION SYSTEM FOR OF POWER FROM BHADLA-III RAJASTHAN REZ P,369.0,,369.0,0.0,2024,2026.0,0.0,0.0,2.0,0.0,0,0.0,1.0
POWER,SYSTEM STRENGTHENING OF BHADLA-III III COMPLEX [SPV NA,1382.0,,1382.0,,2024,2026.0,0.0,0.0,2.0,0.0,0,0.0,
POWER,SYSTEM FOR EVACUATION RAJASTHAN REZ PH -IV [JAISALMER/BAR,2735.0,,2735.0,0.0,2024,2026.0,0.0,0.0,2.0,0.0,0,0.0,0.7
POWER,SYSTEM FOR EVACUATION RAJASTHAN REZ PH-IV [BIKANER COMPLEX,5969.0,,5969.0,0.0,2024,2026.0,0.0,0.0,2.0,0.0,0,0.0,
POWER,SYSTEM FOR EVACUATION RAJASTHAN REZ PH-IV [BIKANER COMPLE,5357.0,,5357.0,67.82,2024,2026.0,0.0,0.0,2.0,0.0,0,0.0,3.7
POWER,REZ PH-V,5028.0,,5028.0,0.0,2025,2027.0,0.0,0.0,2.0,0.0,0,0.0,
POWER,"AT FATEHGARH-II PS,",404.0,,428.0,0.0,2025,2026.0,0.0,0.0,1.0,5.9406,1,0.059406,
POWER,PV PROJECT 735 MW,4189.17,4378.17,4378.17,151.79,2022,2024.0,15.0,1.0,2.0,4.5116,1,0.045116,95.0
RAILWAYS,MITHRI TEST TRACK,528.48,,500.85,354.2,2019,2025.0,3.0,1.0,6.0,0.0,0,0.0,95.0
RAILWAYS,TRACK FOR RDSO,466.42,,466.22,737.27,2021,2026.0,0.0,0.0,5.0,0.0,0,0.0,82.0
RAILWAYS,CHURU-RATANGARH,422.6,,422.6,209.8,2023,2028.0,0.0,0.0,5.0,0.0,0,0.0,90.0
RAILWAYS,- BYPASS LINE,304.0,239.54,239.54,,2022,2026.0,0.0,0.0,4.0,0.0,0,0.0,
RAILWAYS,- DEVGARH MADARIYA,968.92,,968.92,400.31,2023,2028.0,0.0,0.0,5.0,0.0,0,0.0,40.0
ROAD TRANSPORT AND HIGHWAYS,UP-GRATION OF WITH PAVED SHOULDER TANOT-RAMGARH,741.86,649.0,649.0,663.37,2018,2021.0,50.0,1.0,3.0,0.0,0,0.0,99.99
ROAD TRANSPORT AND HIGHWAYS,-58 FROM BEAWAR-GOMTI TO KM. 108.600) PKG-I.,379.23,,379.23,268.62,2020,2023.0,26.0,1.0,3.0,0.0,0,0.0,96.1
ROAD TRANSPORT AND HIGHWAYS,OF NH-325,411.4,,411.4,219.61,2021,2024.0,19.0,1.0,3.0,0.0,0,0.0,71.63
ROAD TRANSPORT AND HIGHWAYS,PACHPADRA-BAGUNDI 4 LANE FROM KM 73/60 TO ON EPC MODE IN THE,194.88,,194.88,105.69,2022,2024.0,8.0,1.0,2.0,0.0,0,0.0,83.0
ROAD TRANSPORT AND HIGHWAYS,CARRIAGEWAY OF,451.66,,,401.78,2021,2024.0,,,,0.0,0,0.0,99.0
ROAD TRANSPORT AND HIGHWAYS,TO TWO LANE PAVED KOTHUN-LALSOT-KAROLI-,150.11,,150.11,82.83,2021,2024.0,11.0,1.0,3.0,0.0,0,0.0,88.0
ROAD TRANSPORT AND HIGHWAYS,SPUR FROM DELHI- EXPRESSWAY TO JAIPUR,1636.15,,1636.15,553.96,2022,2024.0,7.0,1.0,2.0,0.0,0,0.0,95.26
ROAD TRANSPORT AND HIGHWAYS,TO CHAINAGE 101.000 KM),672.35,,672.35,328.24,2021,2024.0,11.0,1.0,3.0,0.0,0,0.0,99.5
ROAD TRANSPORT AND HIGHWAYS,DHANDHANIYA)-,662.08,,662.08,124.06,2019,2023.0,23.0,1.0,4.0,0.0,0,0.0,96.5
ROAD TRANSPORT AND HIGHWAYS,GREENFIELD 319.400) [END OF INTERCHA,1272.97,,1272.97,512.05,2019,2022.0,32.0,1.0,3.0,0.0,0,0.0,86.81
ROAD TRANSPORT AND HIGHWAYS,GREENFIELD 419.000) [JUNCTION WITH N,1119.35,,1119.35,1447.44,2019,2023.0,25.0,1.0,4.0,0.0,0,0.0,99.8
ROAD TRANSPORT AND HIGHWAYS,GREENFIELD 292.950) [JUNCTION WITH M,1658.06,,1658.06,157.39,2019,2022.0,30.0,1.0,3.0,0.0,0,0.0,99.9
ROAD TRANSPORT AND HIGHWAYS,GREENFIELD [JUNCTION WITH NH,1788.69,,1788.69,960.26,2020,2024.0,23.0,1.0,4.0,0.0,0,0.0,76.81
ROAD TRANSPORT AND HIGHWAYS,OF TWO LANE WITH FOR FATEHPUR BYPASS AND BYPAS,186.29,,186.29,,2022,2024.0,10.0,1.0,2.0,0.0,0,0.0,
ROAD TRANSPORT AND HIGHWAYS,OF TWO LANE PAVED SHAHPURA TO NH-248A ON EPC MODE IN,174.34,,174.34,118.08,2022,2024.0,13.0,1.0,2.0,0.0,0,0.0,90.0
ROAD TRANSPORT AND HIGHWAYS,AND GARHI- PARTAPUR BYPASS OF,187.65,,187.65,117.57,2022,2025.0,0.0,0.0,3.0,0.0,0,0.0,90.0
ROAD TRANSPORT AND HIGHWAYS,TO 2 LANE WITH PAVED CHARBHUJA AT DESIGN KM 150.00) TO,838.43,,838.43,455.87,2022,2025.0,0.0,0.0,3.0,0.0,0,0.0,99.0
ROAD TRANSPORT AND HIGHWAYS,OF 2 LANE WITH PAVED BYPASS PHASE-II FROM DESIGN CHAINAG,317.74,,317.74,136.23,2022,2025.0,8.0,1.0,3.0,0.0,0,0.0,12.5
ROAD TRANSPORT AND HIGHWAYS,STRUCTURES ON 6LGURGAON- OF NH-48 BETWEEN KM 273.00,409.64,,409.64,238.22,2022,2024.0,12.0,1.0,2.0,0.0,0,0.0,77.1
ROAD TRANSPORT AND HIGHWAYS,TO 2 LANE WITH PAVED HANUMANGARH TO NH 54 ON EPC MODE IN,334.64,,334.64,128.0,2024,2026.0,0.0,0.0,2.0,0.0,0,0.0,50.0
ROAD TRANSPORT AND HIGHWAYS,TO 2 LANE WITH PAVED NEECHLI ODEN AT DESIGN KM 88.800 TO,606.61,,606.61,118.0,2023,2026.0,0.0,0.0,3.0,0.0,0,0.0,20.0
CIVIL AVIATION,WIDENING OF BASIC SIDE OF RUNWAY TO 920M I/C SLOPE ST,323.26,,323.26,,2023,2026.0,0.0,0.0,3.0,0.0,0,0.0,
DEPARTMENT OF HIGHER EDUCATION,OF SIKKIM UNIVERSITY PACKAGE -II AT SIKKIM ),314.06,,303.55,157.24,2020,2025.0,0.0,0.0,5.0,0.0,0,0.0,80.0
POWER,PROJECT,938.29,,1828.11,1486.3,2021,2024.0,19.0,1.0,3.0,94.8342,1,0.948342,88.51
RAILWAYS,NEFR,7876.92,11963.43,11963.43,8569.25,2008,2015.0,151.0,1.0,7.0,51.8795,1,0.518795,80.0
ROAD TRANSPORT AND HIGHWAYS,OF 2-LANE WITH PAVED GEOMETRIC FROM KM 0.000 TO KM 16.00,375.8,,375.8,288.56,2017,2022.0,20.0,1.0,5.0,0.0,0,0.0,96.55
ROAD TRANSPORT AND HIGHWAYS,OF 2-LANE WITH PAVED GEOMETRIC FROM KM 16.000 TO KM 32.5,290.05,,290.05,218.36,2017,2020.0,42.0,1.0,3.0,0.0,0,0.0,100.0
ROAD TRANSPORT AND HIGHWAYS,OF TO 2 LANE WITH FROM KM 0.00 TO KM,402.94,,402.94,247.12,2019,2022.0,38.0,1.0,3.0,0.0,0,0.0,76.54
ROAD TRANSPORT AND HIGHWAYS,OF TO 2 LANE WITH FROM KM 13.00 TO KM,295.97,,295.97,249.8,2020,2023.0,27.0,1.0,3.0,0.0,0,0.0,95.66
ROAD TRANSPORT AND HIGHWAYS,OF TO 2 LANE WITH FROM KM 26.10 TO KM,242.97,,244.45,246.91,2020,2022.0,19.0,1.0,2.0,0.6091,1,0.006091,100.0
ROAD TRANSPORT AND HIGHWAYS,AND UPGRADATION TO 2-LANE WITH PAVED GEOMETRIC,345.38,395.59,395.59,362.61,2020,2023.0,30.0,1.0,3.0,14.5376,1,0.145376,91.24
ROAD TRANSPORT AND HIGHWAYS,OF 2-LANE ROAD WITH OF EXISTING STRETCH,183.31,439.56,439.56,355.31,2020,2022.0,43.0,1.0,2.0,139.7905,1,1.397905,51.19
ROAD TRANSPORT AND HIGHWAYS,OF 2-LANE SPECIFICATION SHOULDER AS,262.84,414.2,414.2,221.86,2020,2023.0,31.0,1.0,3.0,57.5864,1,0.575864,47.57
ROAD TRANSPORT AND HIGHWAYS,AND UPGRADATION OF TO 2-LANE WITH PAVED GEOMETRIC IM,292.8,,292.8,202.92,2020,2022.0,43.0,1.0,2.0,0.0,0,0.0,60.9
ROAD TRANSPORT AND HIGHWAYS,AND UPGRADATION OF TO 2-LANE WITH PAVED,230.45,244.91,244.91,206.95,2020,2023.0,32.0,1.0,3.0,6.2747,1,0.062747,82.32
ROAD TRANSPORT AND HIGHWAYS,AND UPGRADATION OF TO 2-LANE WITH PAVED NEW ROLEP BRIDGE AT,493.42,478.79,478.79,305.2,2020,2023.0,28.0,1.0,3.0,0.0,0,0.0,58.28
ROAD TRANSPORT AND HIGHWAYS,OF 2-LANE WITH PAVED NEW GREEN FIELD CHOCHENPHERI AT KM,816.79,786.6,786.6,332.24,2020,2023.0,36.0,1.0,3.0,0.0,0,0.0,51.45
ROAD TRANSPORT AND HIGHWAYS,ROLEP- MENLA PKG- 3B,410.6,379.3,379.3,,2020,2024.0,22.0,1.0,4.0,0.0,0,0.0,
ROAD TRANSPORT AND HIGHWAYS,OF 2-LANE WITH PAVED BYPASS ROAD FROM,385.15,,385.15,170.32,2021,2024.0,20.0,1.0,3.0,0.0,0,0.0,81.3
CIVIL AVIATION,OF CHENNAI AIRPORT,2467.0,,2467.0,1601.6,2018,2022.0,52.0,1.0,4.0,0.0,0,0.0,71.0
CIVIL AVIATION,OF TUTICORIN AIRPORT,380.87,451.74,451.74,361.57,2019,2022.0,37.0,1.0,3.0,18.6074,1,0.186074,100.0
COAL,POWER PROJECT -NEYVELI,218.03,,218.03,147.99,2023,2025.0,3.0,1.0,2.0,0.0,0,0.0,38.0
FINANCE,OF 726 NOS RESIDENTIAL FINANC ),348.77,,348.77,223.39,2017,2021.0,12.0,1.0,4.0,0.0,0,0.0,100.0
MINES,POWER PROJECT AT TAMILNADU,166.62,163.17,163.17,135.63,2017,2019.0,66.0,1.0,2.0,0.0,0,0.0,65.0
PETROLEUM,POL PIPELINE,678.0,1732.0,1732.0,615.48,2012,2017.0,104.0,1.0,5.0,155.4572,1,1.554572,59.0
PETROLEUM,"POL TERMINAL AT VALLUR,",827.0,887.71,887.71,576.63,2022,2024.0,17.0,1.0,2.0,7.341,1,0.07341,85.4
PETROLEUM,PIPELINES IN COMMON PROPOSED GRASS ROOT,829.0,,829.0,257.54,2022,2024.0,22.0,1.0,2.0,0.0,0,0.0,59.44
PETROLEUM,AT DHARMAPURI AND DISTRICTS,501.0,,501.0,,2022,2030.0,9.0,1.0,8.0,0.0,0,0.0,
PETROLEUM,AT THE NILGIRIS AND,3685.0,,3685.0,205.14,2022,2030.0,0.0,0.0,8.0,0.0,0,0.0,10.8
POWER,SYSTEM UNDER ISTS FOR OF POWER FROM,548.0,,548.0,0.0,2025,2028.0,0.0,0.0,3.0,0.0,0,0.0,
RAILWAYS,MRTS FROM VELACHERY MTP,734.01,734.01,981.83,632.33,2006,2024.0,10.0,1.0,18.0,0.0,0,0.0,98.0
RAILWAYS,EGMORE,359.6,274.2,310.0,302.11,2022,2026.0,0.0,0.0,4.0,0.0,0,0.0,95.0
RAILWAYS,THIRUTURAIPUNDI,677.12,,788.05,144.28,2008,2026.0,12.0,1.0,18.0,16.3826,1,0.163826,19.0
ROAD TRANSPORT AND HIGHWAYS,OF CHOLOPURAM-,1176.37,,1176.37,1325.06,2017,2020.0,57.0,1.0,3.0,0.0,0,0.0,99.5
ROAD TRANSPORT AND HIGHWAYS,STHIYATHOPU-,1227.87,,1227.87,1436.16,2017,2020.0,57.0,1.0,3.0,0.0,0,0.0,98.12
ROAD TRANSPORT AND HIGHWAYS,OF CHETTIKULAM TO OF NH-785 FROM,505.35,,837.69,,2018,2022.0,32.0,1.0,4.0,65.7643,1,0.657643,
ROAD TRANSPORT AND HIGHWAYS,OF PUDUCHERRY POONDIYANKUPPAM OF NH-45A ON HAM,1294.47,1588.4,1588.4,865.95,2018,2021.0,43.0,1.0,3.0,22.7066,1,0.227066,98.72
ROAD TRANSPORT AND HIGHWAYS,OF SATTANATHAPURAM TO NAGAPATTINAM SECTION OF NH-45A ON HAM,1872.68,2899.77,2899.77,1301.78,2018,2020.0,63.0,1.0,2.0,54.846,1,0.54846,63.5
ROAD TRANSPORT AND HIGHWAYS,OF 4 LANE WITH PAVED THIRUVAYARU BYPASS IN KM.55/926 TO 62/6,191.33,207.97,207.97,100.42,2022,2022.0,31.0,1.0,0.0,8.697,1,0.08697,100.0
ROAD TRANSPORT AND HIGHWAYS,2-LANE WITH PAVED OF NAGAPATTINAM -,434.12,,434.12,268.92,2020,2023.0,25.0,1.0,3.0,0.0,0,0.0,100.0
ROAD TRANSPORT AND HIGHWAYS,KAMALAPURAM - SECTION OF NH-209,1051.69,,1051.69,588.17,2019,2023.0,29.0,1.0,4.0,0.0,0,0.0,81.69
ROAD TRANSPORT AND HIGHWAYS,MADATHUKULAM - POLLACHI,1409.38,,1409.38,659.5,2019,2022.0,35.0,1.0,3.0,0.0,0,0.0,91.09
ROAD TRANSPORT AND HIGHWAYS,ODDANCHATRAM -,1518.53,,1607.54,915.4,2019,2022.0,32.0,1.0,3.0,5.8616,1,0.058616,100.0
ROAD TRANSPORT AND HIGHWAYS,"MELUR - PILLAYARPATTI - OF NH-338, NH-36, NH-",1103.86,,1103.86,568.15,2018,2022.0,41.0,1.0,4.0,0.0,0,0.0,84.25
ROAD TRANSPORT AND HIGHWAYS,VADIPPATTI - THAMARAIPATTI,854.94,,854.94,,2018,2022.0,42.0,1.0,4.0,0.0,0,0.0,
ROAD TRANSPORT AND HIGHWAYS,OF FOUR LANE FROM KM BYPASS) TO KM BYPASS) PAS,467.99,,468.0,71.05,2022,2024.0,10.0,1.0,2.0,0.0021,1,2.1e-05,80.92
ROAD TRANSPORT AND HIGHWAYS,OF NERALURU TO AGRAHARAM SECTION OF NH- KM.0+000 TO KM.23+350,1751.18,,1757.27,49.69,2021,2024.0,0.0,0.0,3.0,0.3478,1,0.003478,
ROAD TRANSPORT AND HIGHWAYS,OF THORAPALLI TO JITTANDAHALLI SECTION FROM KM.23+350 TO KM,1243.57,,1243.57,171.63,2019,2023.0,12.0,1.0,4.0,0.0,0,0.0,
ROAD TRANSPORT AND HIGHWAYS,OF JITTANDAHALLI TO TO KM.94+460,1291.37,,1291.37,215.02,2019,2023.0,16.0,1.0,4.0,0.0,0,0.0,
ROAD TRANSPORT AND HIGHWAYS,BHAVANI ERODE NH 544H FOR A LENGTH OF,186.5,242.4,242.4,17.15,2022,2023.0,16.0,1.0,1.0,29.9732,1,0.299732,100.0
ROAD TRANSPORT AND HIGHWAYS,CHENNAI EXPRESSWAY FROM KM 204.500 TO K,1155.49,1525.1,1525.1,489.94,2020,2024.0,19.0,1.0,4.0,31.9873,1,0.319873,53.56
ROAD TRANSPORT AND HIGHWAYS,CHENNAI EXPRESSWAY FROM KM 180.000 TO KM 2,843.48,1077.4,1068.6,434.49,2020,2024.0,13.0,1.0,4.0,27.7327,1,0.277327,90.62
ROAD TRANSPORT AND HIGHWAYS,EXPRESSWAY TO KM. 261.705 OF TO SRIPERUMBUDUR,2948.31,3605.73,3605.73,,2021,2024.0,15.0,1.0,3.0,22.2982,1,0.222982,
ROAD TRANSPORT AND HIGHWAYS,CHENNAI EXPRESSWAY FROM KM 156.000 TO KM 1,1023.91,1438.62,1438.62,635.04,2020,2024.0,15.0,1.0,4.0,40.5026,1,0.405026,84.49
ROAD TRANSPORT AND HIGHWAYS,OF MAMALLAPURAM TO OF NH332A FROM KM 31.000,1008.99,1360.53,1360.53,324.81,2019,2024.0,22.0,1.0,5.0,34.8408,1,0.348408,48.1
ROAD TRANSPORT AND HIGHWAYS,TO SRIPERUMBUDUR KM. 13.800 TO KM. 37.000,463.44,463.07,,334.8,2021,2023.0,,,,0.0,0,0.0,99.0
ROAD TRANSPORT AND HIGHWAYS,TO WALAJAPET FROM KM,707.9,766.51,766.51,526.39,2018,2021.0,52.0,1.0,3.0,8.2794,1,0.082794,90.06
ROAD TRANSPORT AND HIGHWAYS,TO KARAIPETTAI TO KM 71.015 OF NH 48,819.89,1314.82,922.85,415.6,2019,2021.0,44.0,1.0,2.0,60.3654,1,0.603654,57.32
ROAD TRANSPORT AND HIGHWAYS,OF BYPASS TO TOWN IN KM 23/100 ? 29/250 AND SHIFTING OF NH-234,221.03,243.95,243.95,176.5,2022,2024.0,6.0,1.0,2.0,10.3696,1,0.103696,100.0
ROAD TRANSPORT AND HIGHWAYS,OF OTTANCHATRAM TO FROM KM 30/700 TO KM,172.15,,172.15,157.48,2022,2024.0,6.0,1.0,2.0,0.0,0,0.0,100.0
ROAD TRANSPORT AND HIGHWAYS,OF STRR,1260.74,,1260.74,487.46,2022,2025.0,0.0,0.0,3.0,0.0,0,0.0,44.95
ROAD TRANSPORT AND HIGHWAYS,TO VADUGAPATTI KM 0.000 TO KM 36.000 OF,1076.97,,1076.97,,2022,2025.0,7.0,1.0,3.0,0.0,0,0.0,
ROAD TRANSPORT AND HIGHWAYS,OF NEW DOUBLE TIER 4 CORRIDOR FROM TO MADURAVOYAL IN,1382.0,,1382.0,0.0,2023,2026.0,0.0,0.0,3.0,0.0,0,0.0,
ROAD TRANSPORT AND HIGHWAYS,OF NEW DOUBLE TIER 4L FROM CHENNAI IN CHENNAI DIS,1207.4,,1207.4,0.0,2023,2026.0,0.0,0.0,3.0,0.0,0,0.0,
ROAD TRANSPORT AND HIGHWAYS,OF MUGAIYUR TO SECTION OF NH-332A FROM KM 62.000,825.94,1116.13,1116.13,327.75,2019,2025.0,5.0,1.0,6.0,35.1345,1,0.351345,38.39
ROAD TRANSPORT AND HIGHWAYS,TUTICORIN PORT ROAD 6.140 [EFFECTIVE,200.3,,200.3,109.38,2023,2024.0,11.0,1.0,1.0,0.0,0,0.0,83.35
ROAD TRANSPORT AND HIGHWAYS,WORKS INCLUDING STRUCTURES FROM NADU BORDER TO S,1141.78,,1141.78,439.12,2023,2025.0,0.0,0.0,2.0,0.0,0,0.0,44.75
ROAD TRANSPORT AND HIGHWAYS,TO KM 36.000 TO KM 71.600 OF,1097.59,,1317.06,,2022,2025.0,6.0,1.0,3.0,19.9956,1,0.199956,
ROAD TRANSPORT AND HIGHWAYS,4L/4L+PS AND IN SELECTED FROM KM 0/8 TO 50/570 OF NH,257.14,294.7,294.7,251.25,2022,2024.0,18.0,1.0,2.0,14.6068,1,0.146068,90.0
ROAD TRANSPORT AND HIGHWAYS,2L+PS TO 4L/4L+PS AND THE SELECTED FROM KM 26/5 - 81/2 INCLU,274.84,,274.84,243.81,2023,2023.0,24.0,1.0,0.0,0.0,0,0.0,100.0
ROAD TRANSPORT AND HIGHWAYS,OF 2L+PS FROM KM 17/8 OF 2L+PS FROM KM AND CONSTR,169.68,,169.68,112.18,2023,2024.0,18.0,1.0,1.0,0.0,0,0.0,79.0
ROAD TRANSPORT AND HIGHWAYS,OF BYPASS TO MADURAI - - VIRATIPATHU IN KM 6/850 -,238.97,260.07,260.07,108.95,2022,2026.0,0.0,0.0,4.0,8.8296,1,0.088296,48.0
ROAD TRANSPORT AND HIGHWAYS,HIGHWAY OF 4 SHOULDERS FROM,1376.1,,1376.1,0.0,2024,2026.0,0.0,0.0,2.0,0.0,0,0.0,7.03
COAL,OPENCAST III PROJECT,413.84,,413.84,397.54,2017,2022.0,48.0,1.0,5.0,0.0,0,0.0,85.0
COAL,COAL MINE,438.98,,438.98,171.96,2019,2023.0,36.0,1.0,4.0,0.0,0,0.0,70.0
COAL,KHANI COAL MINE,484.51,,484.51,318.12,2020,2023.0,48.0,1.0,3.0,0.0,0,0.0,55.0
COAL,OPENCAST II,489.62,,489.62,405.54,2015,2023.0,36.0,1.0,8.0,0.0,0,0.0,70.0
COAL,OPENCAST PROJECT,349.28,,424.81,,2017,2021.0,48.0,1.0,4.0,21.6245,1,0.216245,
COAL,OPENCAST,384.32,,384.32,260.96,2016,2020.0,72.0,1.0,4.0,0.0,0,0.0,75.0
COAL,OC - 2 PROJECT,442.42,,442.42,203.0,2017,2020.0,72.0,1.0,3.0,0.0,0,0.0,63.0
COAL,MINE,345.6,,345.6,68.47,2021,2026.0,0.0,0.0,5.0,0.0,0,0.0,20.0
HEALTH AND FAMILY WELFARE,"PLANNING, DESIGNING, ALL INDIA INSTITUTE OF AT BIBINAGAR",1110.55,,1110.55,743.76,2018,2024.0,17.0,1.0,6.0,0.0,0,0.0,82.04
HEALTH AND FAMILY WELFARE,OF NATIONAL ANIMAL FOR BIOMEDICAL HYDERABAD HEALTH ),209.84,281.05,281.05,253.13,2016,2020.0,58.0,1.0,4.0,33.9354,1,0.339354,98.5
RAILWAYS,NEW LINE,1160.0,,3014.0,1535.65,2006,2027.0,0.0,0.0,21.0,159.8276,1,1.598276,
ROAD TRANSPORT AND HIGHWAYS,AND UPGRADATION OF KM 1.00 TO 86.057 NAGARJUNSAGAR DAM,270.0,,270.0,0.0,2014,2016.0,42.0,1.0,2.0,0.0,0,0.0,72.15
ROAD TRANSPORT AND HIGHWAYS,AND UPGRADATION OF RUDRAMPUR,295.47,,295.47,224.42,2014,2017.0,0.0,0.0,3.0,0.0,0,0.0,98.15
ROAD TRANSPORT AND HIGHWAYS,APPROACH WORKS - NH EXISTING 2 LANE TO 2 LANE SHOULDERS IN KM,153.21,,153.21,100.96,2015,2017.0,0.0,0.0,2.0,0.0,0,0.0,93.81
ROAD TRANSPORT AND HIGHWAYS,TWO/FOUR LANE WITH FROM EXISTING KM 227.600 OF NH-167 ON,298.32,,298.32,,2016,2019.0,0.0,0.0,3.0,0.0,0,0.0,
ROAD TRANSPORT AND HIGHWAYS,TWO/FOUR LANE WITH FROM EXISTING KM 223.00 OF NH-63 ON NIZ,248.83,,248.83,173.79,2016,2019.0,0.0,0.0,3.0,0.0,0,0.0,100.0
ROAD TRANSPORT AND HIGHWAYS,TWO LANE WITH PAVED FROM KM 40/410 TO KM TO SURYAPET SE,244.54,,244.54,174.35,2017,2019.0,0.0,0.0,2.0,0.0,0,0.0,100.0
ROAD TRANSPORT AND HIGHWAYS,TWO LANE WITH PAVED FROM KM 0/970 TO KM 40/410 OF NH,196.52,,196.52,125.53,2017,2019.0,0.0,0.0,2.0,0.0,0,0.0,100.0
ROAD TRANSPORT AND HIGHWAYS,TWO LANE WITH PAVED FROM KM 15.525 TO KM 62.880 SECTI,283.0,,283.0,259.15,2017,2019.0,0.0,0.0,2.0,0.0,0,0.0,100.0
ROAD TRANSPORT AND HIGHWAYS,TWO LANE WITH PAVED FROM KM 67.00 TO 114.425 OF SECTION,300.0,,300.0,239.93,2017,2019.0,0.0,0.0,2.0,0.0,0,0.0,96.05
ROAD TRANSPORT AND HIGHWAYS,KM 9.90 TO KM 19.948 SECTION) OF SECTION OF NH,283.15,,283.15,270.01,2018,2020.0,0.0,0.0,2.0,0.0,0,0.0,92.59
ROAD TRANSPORT AND HIGHWAYS,STRENGTHENING OF TO 2-LANE WITH PAVED FROM KM.159/0 TO 165/4,230.03,,230.03,231.31,2018,2019.0,0.0,0.0,1.0,0.0,0,0.0,99.9
ROAD TRANSPORT AND HIGHWAYS,STRENGTHENING OF IN 2 LANE WITH FROM KM.25/0 TO 59,206.13,,206.13,,2018,2020.0,0.0,0.0,2.0,0.0,0,0.0,
ROAD TRANSPORT AND HIGHWAYS,AND UPGRADATION OF DESIGN KM.113.900 TO - HALIYA SECT,294.13,,294.13,198.75,2018,2019.0,0.0,0.0,1.0,0.0,0,0.0,87.44
ROAD TRANSPORT AND HIGHWAYS,AND UPGRADATION OF DESIGN KM.187.723 TO TO KODAD SEC,322.81,,322.81,315.23,2018,2020.0,0.0,0.0,2.0,0.0,0,0.0,98.09
ROAD TRANSPORT AND HIGHWAYS,OF SIX LANE ELEVATED NH-163 TO DE-CONGES,626.76,,626.76,272.64,2018,2020.0,67.0,1.0,2.0,0.0,0,0.0,45.3
ROAD TRANSPORT AND HIGHWAYS,AND UP-GRADATION TO PAVED SHOULDERS FROM,605.08,,605.08,413.37,2017,2019.0,0.0,0.0,2.0,0.0,0,0.0,99.84
ROAD TRANSPORT AND HIGHWAYS,AND UP GRADATION TO 154/0 OF NAKAREKAL ? SECTION OF NH-365,192.67,,192.67,176.37,2018,2019.0,0.0,0.0,1.0,0.0,0,0.0,92.0
ROAD TRANSPORT AND HIGHWAYS,STRENGTHENING/ OF EXISTING FOUR ALNE WITH PAVED FR,193.19,,249.72,222.58,2019,,,,,29.2613,1,0.292613,95.0
ROAD TRANSPORT AND HIGHWAYS,PKG I [4L VILLAGE TO,772.11,,772.11,519.84,2022,2024.0,14.0,1.0,2.0,0.0,0,0.0,78.0
ROAD TRANSPORT AND HIGHWAYS,PKG II 4L VILLAGE TO V,637.11,,637.11,,2022,2024.0,12.0,1.0,2.0,0.0,0,0.0,
ROAD TRANSPORT AND HIGHWAYS,PKG III [4L VILLAGE TO,804.69,,804.69,514.29,2022,2024.0,19.0,1.0,2.0,0.0,0,0.0,89.75
ROAD TRANSPORT AND HIGHWAYS,"EXISTING 4-LANE STRETCH AT KM.454+000 TO AT KM.471+000,",955.49,,955.49,233.46,2022,2025.0,0.0,0.0,3.0,0.0,0,0.0,35.96
ROAD TRANSPORT AND HIGHWAYS,4L FROM TO BOWENPALLY TO KM 481.331 OF NH-44,521.53,,521.53,250.7,2021,2024.0,0.0,0.0,3.0,0.0,0,0.0,48.76
ROAD TRANSPORT AND HIGHWAYS,GREENFIELD JULEKAL VILLAGE TO VILLAGE FROM KM,1227.57,,1227.57,288.58,2022,2025.0,6.0,1.0,3.0,0.0,0,0.0,44.49
ROAD TRANSPORT AND HIGHWAYS,GREENFIELD NANDINNE VILLAGE TO FROM KM 202.900 TO KM,972.06,,972.06,408.48,2022,2025.0,0.0,0.0,3.0,0.0,0,0.0,66.81
ROAD TRANSPORT AND HIGHWAYS,STRENGTHENING OF WITH PAVED SHOULDER PAVED SHOULDER FRO,317.19,,317.19,162.21,2021,2024.0,0.0,0.0,3.0,0.0,0,0.0,70.0
ROAD TRANSPORT AND HIGHWAYS,2 LANE WITH PAVED OF MEDAK - SIDDIPET KM 0/0 TO KM 69/978 OF,882.18,,882.18,,2022,2025.0,5.0,1.0,3.0,0.0,0,0.0,
ROAD TRANSPORT AND HIGHWAYS,IMPROVEMENT OF WAY TO 2 LANE WITH FROM KM. 86/160 TO,423.48,,423.48,149.27,2022,2024.0,0.0,0.0,2.0,0.0,0,0.0,71.08
ROAD TRANSPORT AND HIGHWAYS,AND UP-GRADATION OF THORRUR SECTION TO PAVED SHOULDERS FRO,549.28,,549.28,103.51,2022,2024.0,0.0,0.0,2.0,0.0,0,0.0,70.0
ROAD TRANSPORT AND HIGHWAYS,AND UPGRADATION OF LB- SECTION TO 6-LANE WITH SERVI,545.11,,545.11,191.56,2021,2024.0,11.0,1.0,3.0,0.0,0,0.0,75.92
ROAD TRANSPORT AND HIGHWAYS,TWO LANE WITH PAVED OF 'BODHAN BASAR BHAINSA ' KM 38/900 TO 95/3,644.45,,644.45,182.85,2022,2025.0,3.0,1.0,3.0,0.0,0,0.0,92.5
ROAD TRANSPORT AND HIGHWAYS,"OF 4-LANE FLYOVER AT ROAD, HYDERABAD ON NH-",186.71,,,149.64,2017,2023.0,,,,0.0,0,0.0,91.5
ROAD TRANSPORT AND HIGHWAYS,TWO LANE WITH PAVED FROM KM 0/000 TO KM 79/300 - KOLLAPUR SECTI,886.69,,886.69,90.46,2022,2025.0,0.0,0.0,3.0,0.0,0,0.0,59.29
ROAD TRANSPORT AND HIGHWAYS,2 LANE WITH PAVED OF SIDDIPET-ELKATHURTHY KM 69/978 TO KM 133/6,578.85,,578.85,172.76,2022,2024.0,0.0,0.0,2.0,0.0,0,0.0,79.25
ROAD TRANSPORT AND HIGHWAYS,STRENGTHENING TO 2/4 SHOULDERS OF ? CHINCHOLI SECTION,703.68,,703.68,,2022,2025.0,6.0,1.0,3.0,0.0,0,0.0,
ROAD TRANSPORT AND HIGHWAYS,STRENGTHENING TO 4 WITH PAVED SHOULDERS SECTION,631.49,,631.49,7.92,2022,2024.0,19.0,1.0,2.0,0.0,0,0.0,25.0
ROAD TRANSPORT AND HIGHWAYS,OF GEOMETRICS OF TO KOTHUR FROM KM 34.14 OF NH-44-RCW,541.58,,541.58,34.89,2022,2024.0,16.0,1.0,2.0,0.0,0,0.0,
ROAD TRANSPORT AND HIGHWAYS,OF KARIMNAGAR- OF NH-563 FROM KM NEAR SH-1,2146.86,2413.0,2414.46,999.41,2022,2025.0,0.0,0.0,3.0,12.3967,1,0.123967,71.83
ROAD TRANSPORT AND HIGHWAYS,OF 4-LANE ACCESS GREENFIELD HIGHWAY,832.62,,832.62,0.0,2023,2025.0,24.0,1.0,2.0,0.0,0,0.0,
PETROLEUM,RAIL FED DEPOT AT AGARTALA AS RESITEMENT DHARMANAGAR DEPOT,656.0,,656.0,415.86,2022,2025.0,1.0,1.0,3.0,0.0,0,0.0,82.2
ROAD TRANSPORT AND HIGHWAYS,AND UPGRADATION OF KM 0.00 TO KM 18.600 OF SECTION,277.5,302.02,302.02,260.38,2020,2022.0,35.0,1.0,2.0,8.836,1,0.08836,99.94
ROAD TRANSPORT AND HIGHWAYS,TO KHOWAI PKG-4,159.13,171.5,171.5,84.33,2020,2022.0,29.0,1.0,2.0,7.7735,1,0.077735,100.0
ROAD TRANSPORT AND HIGHWAYS,JOLAIBARI - BELONIA,201.99,,287.47,148.22,2020,2022.0,39.0,1.0,2.0,42.3189,1,0.423189,100.0
ROAD TRANSPORT AND HIGHWAYS,MANU-SIMLUNG PKG-2,456.88,,456.88,122.23,2022,2025.0,4.0,1.0,3.0,0.0,0,0.0,49.88
ROAD TRANSPORT AND HIGHWAYS,AND WIDENING TO 2-LANE PAVED SHOULDER FROM SRIMANTAPUR,195.95,,195.95,38.1,2023,2024.0,13.0,1.0,1.0,0.0,0,0.0,45.3
ROAD TRANSPORT AND HIGHWAYS,PAVED SHOULDER AGARTALA SIDE) CONNECTING NH-,2026.05,,2026.05,26.34,2023,2027.0,0.0,0.0,4.0,0.0,0,0.0,8.38
ROAD TRANSPORT AND HIGHWAYS,AND UP-GRADATION OF DESIGN KM 25.250 TO KM,174.43,,,9.34,2020,2026.0,,,,0.0,0,0.0,16.61
ROAD TRANSPORT AND HIGHWAYS,AND WIDENING TO 2-LANE SHOULDER OF ROAD FROM,431.78,,,52.82,2024,2026.0,,,,0.0,0,0.0,34.61
ROAD TRANSPORT AND HIGHWAYS,TO KHAYERPUR KM 242+500 TO KM,920.66,,920.66,73.41,2023,2026.0,0.0,0.0,3.0,0.0,0,0.0,22.0
ROAD TRANSPORT AND HIGHWAYS,PKG-4,726.9,,726.9,0.0,2024,2026.0,0.0,0.0,2.0,0.0,0,0.0,3.1
CIVIL AVIATION,"AIRPORT , LUCKNOW",1383.0,1938.0,3291.81,,2018,2021.0,61.0,1.0,3.0,40.1302,1,0.401302,
CIVIL AVIATION,OF AYODHYA AIRPORT,242.14,328.0,358.0,344.58,2021,2022.0,30.0,1.0,1.0,35.4588,1,0.354588,99.9
CIVIL AVIATION,"AIRPORT - CONSTRUCTION OF BUILDING, SECOND LINK APRON EXPANSION,",185.75,274.38,274.38,200.46,2023,2024.0,8.0,1.0,1.0,47.7147,1,0.477147,95.0
CIVIL AVIATION,OF NEW CIVIL AGRA AIRPORT.,579.0,,579.0,56.17,2024,2026.0,0.0,0.0,2.0,0.0,0,0.0,11.5
CIVIL AVIATION,OF LAL INTERNATIONAL,2869.65,,2869.65,255.45,2024,2027.0,0.0,0.0,3.0,0.0,0,0.0,14.5
COAL,PRADESH POWER 1980 MW,17237.0,21780.94,21780.94,19854.8,2016,2021.0,47.0,1.0,5.0,26.3615,1,0.263615,90.89
PETROLEUM,PROJECT,910.56,1299.02,1299.02,961.0,2019,2024.0,14.0,1.0,5.0,42.6617,1,0.426617,95.8
PETROLEUM,OF FACILITIES AT PLANT,260.12,,260.12,1.03,2022,2025.0,20.0,1.0,3.0,0.0,0,0.0,25.0
PETROLEUM,TERMINAL AT MIRZAPUR,980.45,,980.45,200.55,2022,2026.0,5.0,1.0,4.0,0.0,0,0.0,49.8
PETROLEUM,"PROJECTS AT , SITAPUR, BAHRAICH,",16654.0,,16654.0,544.01,2022,2030.0,0.0,0.0,8.0,0.0,0,0.0,9.5
POWER,THERMAL POWER,17195.31,,17195.31,,2024,2030.0,0.0,0.0,6.0,0.0,0,0.0,
POWER,SYSTEM FOR EVACUATION RAJASTHAN REZ PH-IV PART A,5846.0,,5846.0,78.74,2024,2026.0,0.0,0.0,2.0,0.0,0,0.0,
POWER,SYSTEM FOR TO FACILITATE OF POWER FROM COMPLEX,213.0,,213.0,0.0,2024,2026.0,0.0,0.0,2.0,0.0,0,0.0,
RAILWAYS,- 3RD RUNNING LINE.,1015.59,,1250.0,1178.02,2016,2025.0,6.0,1.0,9.0,23.0812,1,0.230812,50.0
RAILWAYS,MAU- MAU-INDARA) PATCH,1177.96,,2145.0,2050.16,2016,2024.0,8.0,1.0,8.0,82.0945,1,0.820945,81.0
RAILWAYS,AND KHAIRAR BHIMSEN,4329.53,,4329.53,2008.74,2018,2026.0,12.0,1.0,8.0,0.0,0,0.0,50.0
RAILWAYS,DOUBLING,2002.0,,2001.0,1725.18,2016,2022.0,49.0,1.0,6.0,0.0,0,0.0,90.0
RAILWAYS,LINE,5323.39,,5190.26,5046.07,2016,2024.0,0.0,0.0,8.0,0.0,0,0.0,
RAILWAYS,LINE BETWEEN AND NEW CROSSING,199.96,,199.96,55.09,2022,2027.0,0.0,0.0,5.0,0.0,0,0.0,
RAILWAYS,- ALLAHABAD - 3RD LINE,2649.44,,2390.0,83.1,2019,2026.0,0.0,0.0,7.0,0.0,0,0.0,55.0
RAILWAYS,FLYOVER,1456.89,1244.13,1456.89,10.14,2020,2026.0,0.0,0.0,6.0,0.0,0,0.0,8.1
RAILWAYS,WITH FLYOVER AT,356.09,,356.0,,2017,2024.0,11.0,1.0,7.0,0.0,0,0.0,
RAILWAYS,KHAN - 3RD LINE 6.9 KM OF FLYOVER AT,451.99,779.49,779.49,122.08,2019,2025.0,0.0,0.0,6.0,72.4574,1,0.724574,43.0
RAILWAYS,- 4TH LINE,494.11,,494.11,42.61,2019,2026.0,0.0,0.0,7.0,0.0,0,0.0,42.0
RAILWAYS,FOR ETAWAH BOUND,187.21,,250.17,1.29,2019,2025.0,3.0,1.0,6.0,33.6307,1,0.336307,8.0
RAILWAYS,DOHRIGHAT,371.77,,1319.75,569.15,2019,2029.0,0.0,0.0,10.0,254.991,1,2.54991,3.0
RAILWAYS,-NEPALGANJ,950.0,,500.0,402.22,2020,2024.0,6.0,1.0,4.0,0.0,0,0.0,22.0
RAILWAYS,BALRAMPUR,4939.78,,4939.78,1114.69,2018,2030.0,0.0,0.0,12.0,0.0,0,0.0,7.0
RAILWAYS,AMETHI DOUBLING,721.72,,1100.0,58.98,2017,2025.0,9.0,1.0,8.0,52.4137,1,0.524137,70.0
RAILWAYS,3RD AND 4TH LINE,323.85,,407.0,5.17,2019,2025.0,9.0,1.0,6.0,25.6755,1,0.256755,58.0
RAILWAYS,JAUNPUR JN-,177.33,,177.33,0.89,2023,2026.0,0.0,0.0,3.0,0.0,0,0.0,10.0
RAILWAYS,- DOUBLING WITH,357.48,,409.38,362.09,2018,2025.0,0.0,0.0,7.0,14.5183,1,0.145183,
RAILWAYS,WITH,2529.46,,2529.46,1636.33,2018,2024.0,2.0,1.0,6.0,0.0,0,0.0,
RAILWAYS,- GORAKHPUR - GORAKHPUR - 3RD RUNNING LINE,351.03,,500.37,476.09,2016,2025.0,5.0,1.0,9.0,42.5434,1,0.425434,86.0
ROAD TRANSPORT AND HIGHWAYS,OF RING ROAD FOR,282.41,,319.96,276.35,2019,2022.0,39.0,1.0,3.0,13.2963,1,0.132963,88.0
ROAD TRANSPORT AND HIGHWAYS,HARIDWAR-NAGINA 73.00,1408.0,1659.12,1659.12,1329.27,2016,2020.0,60.0,1.0,4.0,17.8352,1,0.178352,88.97
ROAD TRANSPORT AND HIGHWAYS,HAPUR BYPASS TO SECTION INCLUDING HAPUR,2140.93,,2140.93,2067.7,2018,2021.0,43.0,1.0,3.0,0.0,0,0.0,99.65
ROAD TRANSPORT AND HIGHWAYS,LANING OF RAEBARELI - SECTION OF NH-330A FROM,724.6,,724.6,569.96,2020,2023.0,29.0,1.0,3.0,0.0,0,0.0,96.0
ROAD TRANSPORT AND HIGHWAYS,OF 6 LANE BRIDGE ON AND ITS APPROACHES IN ALLAHABAD ON EPC MOD,1948.25,,1948.25,1133.21,2018,2024.0,18.0,1.0,6.0,0.0,0,0.0,77.0
ROAD TRANSPORT AND HIGHWAYS,OF FOUR-LANE ELEVATED KM.4+634 TO KM.6+345 ON RETAINING W,185.09,269.81,269.81,266.35,2021,2023.0,16.0,1.0,2.0,45.7723,1,0.457723,100.0
ROAD TRANSPORT AND HIGHWAYS,AND UPGRADATION TO 2 OF RADHAITA TO PILIBHIT 46.130 KM,199.39,212.96,199.39,200.01,2020,2024.0,11.0,1.0,4.0,6.8058,1,0.068058,100.0
ROAD TRANSPORT AND HIGHWAYS,AND UPGRADATION TO 2 OF MIRANPUR KATRA TO OF NH-730C F,172.5,169.56,172.5,,2020,2024.0,14.0,1.0,4.0,0.0,0,0.0,
ROAD TRANSPORT AND HIGHWAYS,PS OF BEWAR TO NEAR SECTION OF NH-92 FROM UNDER GNHCP,236.47,,236.47,145.88,2020,2024.0,16.0,1.0,4.0,0.0,0,0.0,87.0
ROAD TRANSPORT AND HIGHWAYS,PS OF NEAR KARRI VILLAGE SECTION OF NH-92 FROM 57.346 UNDER GNHCP,211.09,,211.09,147.58,2020,2024.0,12.0,1.0,4.0,0.0,0,0.0,96.0
ROAD TRANSPORT AND HIGHWAYS,AND OF NH-731A FROM KM 0.00,264.86,,264.86,129.12,2021,2023.0,23.0,1.0,2.0,0.0,0,0.0,84.0
ROAD TRANSPORT AND HIGHWAYS,AND UPGRADATION TO PAVED SHOULDER FROM EXISTING KM 55.00,307.11,,307.11,199.38,2021,2024.0,14.0,1.0,3.0,0.0,0,0.0,91.0
ROAD TRANSPORT AND HIGHWAYS,WITH PS OF BEWAR TO OF NH-730C FROM UNDER GNHCP,325.24,340.16,325.24,284.35,2020,2024.0,8.0,1.0,4.0,4.5874,1,0.045874,96.0
ROAD TRANSPORT AND HIGHWAYS,UPGRADATION TO FOUR FROM KM.34.900,395.62,392.03,395.62,281.93,2021,2024.0,14.0,1.0,3.0,0.0,0,0.0,72.0
ROAD TRANSPORT AND HIGHWAYS,STRENGTHENING FROM ROAD) TO TW,227.06,,227.06,141.89,2021,2024.0,11.0,1.0,3.0,0.0,0,0.0,100.0
ROAD TRANSPORT AND HIGHWAYS,HIGHWAY FROM ? DEHRADUN SECTION FROM,836.24,,836.24,,2021,2023.0,20.0,1.0,2.0,0.0,0,0.0,
ROAD TRANSPORT AND HIGHWAYS,HIGHWAY TO DAAT KALI TUNNEL OF ? DEHRADUN SECTION FROM,990.28,,990.28,997.62,2021,2023.0,20.0,1.0,2.0,0.0,0,0.0,98.79
ROAD TRANSPORT AND HIGHWAYS,STRENGTHENING OF BHARTHANA CHOWK TO,262.37,343.77,343.77,278.92,2020,2024.0,10.0,1.0,4.0,31.0249,1,0.310249,85.0
ROAD TRANSPORT AND HIGHWAYS,AND UP-GRADATION OF TO 2/4L PS FROM KM START OF KHUTAR B,762.62,,838.68,561.21,2022,2025.0,7.0,1.0,3.0,9.9735,1,0.099735,94.75
ROAD TRANSPORT AND HIGHWAYS,- SHAMLI AND NH-709A,326.79,,329.79,113.42,2022,2024.0,15.0,1.0,2.0,0.918,1,0.00918,96.0
ROAD TRANSPORT AND HIGHWAYS,VILLAGE AT KM 32.982 TO 1C),1384.79,,1384.79,657.94,2021,2025.0,2.0,1.0,4.0,0.0,0,0.0,97.98
ROAD TRANSPORT AND HIGHWAYS,KANPUR - LUCKNOW PKG II FROM KM. 28.500 TO,2470.64,,2335.0,691.28,2021,2025.0,2.0,1.0,4.0,0.0,0,0.0,87.62
ROAD TRANSPORT AND HIGHWAYS,AND UP-GRADATION OF TO 4L PS FROM KM 229.070 OF HARDOI DIS,540.97,,540.97,,2021,2024.0,9.0,1.0,3.0,0.0,0,0.0,
ROAD TRANSPORT AND HIGHWAYS,GREENFIELD TO VILL.-LOHADDA FROM K,1602.48,,1602.48,444.51,2022,2024.0,11.0,1.0,2.0,0.0,0,0.0,92.0
ROAD TRANSPORT AND HIGHWAYS,GREENFIELD VILL-LOHADDA TO VILL- FROM KM. 27.000 TO,1335.45,,1335.45,462.61,2022,2024.0,11.0,1.0,2.0,0.0,0,0.0,82.45
ROAD TRANSPORT AND HIGHWAYS,GREENFIELD VILL-KHYAWARI TO VILL- SAHARANPUR BYPASS FROM,1428.19,,1428.19,529.71,2022,2024.0,11.0,1.0,2.0,0.0,0,0.0,88.46
ROAD TRANSPORT AND HIGHWAYS,GREENFIELD VILL-KARAUNDA MAHAJAN TO FROM KM. 56.500 TO K,1159.96,,1159.96,515.16,2022,2024.0,11.0,1.0,2.0,0.0,0,0.0,98.69
ROAD TRANSPORT AND HIGHWAYS,"TO MIRANPUR NH-709AD, PKG-III",923.15,,923.15,455.61,2021,2024.0,0.0,0.0,3.0,0.0,0,0.0,100.0
ROAD TRANSPORT AND HIGHWAYS,TO KOTAWALI SECTION PKG-IV,300.79,,300.79,122.56,2021,2023.0,14.0,1.0,2.0,0.0,0,0.0,76.7
ROAD TRANSPORT AND HIGHWAYS,AND UPGRADATION FROM LANE OF NH STRETCH UNDER PARIYOJANA FOR U,1779.83,,2200.0,1066.0,2019,2023.0,13.0,1.0,4.0,23.6073,1,0.236073,100.0
ROAD TRANSPORT AND HIGHWAYS,BYAPSS- SAHARANPUR TO KM 155.025 SECTION OF,779.17,,779.17,64.1,2019,2022.0,32.0,1.0,3.0,0.0,0,0.0,98.27
ROAD TRANSPORT AND HIGHWAYS,EXPRESSWAY PKG-1 OF 6-LANE TO EIGHT LANE,1972.1,,1936.0,,2021,2025.0,0.0,0.0,4.0,0.0,0,0.0,
ROAD TRANSPORT AND HIGHWAYS,RAMPUR BYPASS OF BE DEVELOPED TO 4-LANE ON,364.47,,,208.55,2021,2024.0,,,,0.0,0,0.0,91.66
ROAD TRANSPORT AND HIGHWAYS,NAJIBABAD BYPASS OF NH- 105.423 TO KM. 118.373 2.45 KM. OF NH-74,570.98,578.02,578.02,400.1,2022,2024.0,11.0,1.0,2.0,1.233,1,0.01233,96.06
ROAD TRANSPORT AND HIGHWAYS,CONNECTING NH-119 MEERUT TOWN,953.79,,953.79,384.66,2022,2024.0,0.0,0.0,2.0,0.0,0,0.0,68.59
ROAD TRANSPORT AND HIGHWAYS,MEERUT NAJIBABAD SECTION TO KM 39.250 AND KM 112.545.IN TH,1936.68,,2458.03,1380.9,2019,2023.0,21.0,1.0,4.0,26.9198,1,0.269198,100.0
ROAD TRANSPORT AND HIGHWAYS,FROM DELHI MEERUT KM 50.000 TO KM 8.520 OF,1147.26,,,81.34,2021,2024.0,,,,0.0,0,0.0,60.0
ROAD TRANSPORT AND HIGHWAYS,ROAD,927.77,,1603.0,1202.77,2019,2022.0,46.0,1.0,3.0,72.7799,1,0.727799,91.25
ROAD TRANSPORT AND HIGHWAYS,CONTROLLED OF DELHI HIGHWAY FROM DELHI UP EPE JUNCTION CH.14.75,2002.79,,2002.79,1989.85,2020,2023.0,13.0,1.0,3.0,0.0,0,0.0,99.0
ROAD TRANSPORT AND HIGHWAYS,BYPASS,1738.2,,1738.2,,2022,2025.0,0.0,0.0,3.0,0.0,0,0.0,
ROAD TRANSPORT AND HIGHWAYS,OF LEFT OUT PORTION OF RING ROAD CONNECTING TO NH-44 VILLAGE B,772.05,,772.05,593.39,2021,2024.0,6.0,1.0,3.0,0.0,0,0.0,67.5
ROAD TRANSPORT AND HIGHWAYS,OF 4-LANE GREEN FIELD KM. 35.000 TO KM. 49.155 PAVED SHOUL,697.66,,697.66,318.82,2022,2025.0,0.0,0.0,3.0,0.0,0,0.0,94.0
ROAD TRANSPORT AND HIGHWAYS,OF 4-LANNING OF SECTION OF NH-87,199.31,244.26,244.26,190.1,2022,2024.0,16.0,1.0,2.0,22.5528,1,0.225528,91.87
ROAD TRANSPORT AND HIGHWAYS,OF TWO LANE WITH HIGHWAY FROM TO CH.49.2OO OF NH-,640.18,602.76,602.76,479.14,2022,2025.0,0.0,0.0,3.0,0.0,0,0.0,80.0
ROAD TRANSPORT AND HIGHWAYS,OF SHOHRATGARH UNDER EPC MODE IN,189.31,,,59.91,2022,2025.0,,,,0.0,0,0.0,20.0
ROAD TRANSPORT AND HIGHWAYS,AND UPGRADATION TO PAVED SHOULDER FROM EXISTING KM 90.00,403.36,328.49,403.36,137.71,2021,2025.0,1.0,1.0,4.0,0.0,0,0.0,70.0
ROAD TRANSPORT AND HIGHWAYS,OF PRATAPGARH BYPASS CONNECTING NH-31 TO NH-,225.17,,225.17,,2022,2025.0,2.0,1.0,3.0,0.0,0,0.0,
ROAD TRANSPORT AND HIGHWAYS,FOUR LANE WITH PAVED DESIGN KM.49.200 TO NH-731B ON EPC MODE,917.91,956.3,917.91,606.74,2022,2026.0,0.0,0.0,4.0,4.1823,1,0.041823,44.0
ROAD TRANSPORT AND HIGHWAYS,OF TWO LANE WITH FROM EXISTING,840.93,773.58,840.93,499.2,2021,2026.0,0.0,0.0,5.0,0.0,0,0.0,40.0
ROAD TRANSPORT AND HIGHWAYS,OF 4-LANE HIGHWAY WITH FROM KM 49.155 TO NH-731A ON HYBRID,1156.72,,1156.72,407.2,2022,2026.0,0.0,0.0,4.0,0.0,0,0.0,62.0
ROAD TRANSPORT AND HIGHWAYS,OF SIX-LANE ACCESS HIGHWAY FROM GOGWAN DISTRICT) TO RANIPUR,1843.59,,1843.59,843.83,2022,2025.0,0.0,0.0,3.0,0.0,0,0.0,49.0
ROAD TRANSPORT AND HIGHWAYS,OF FOUR LANE HIGHWAY SECTION OF,1493.5,,1493.5,,2022,2025.0,0.0,0.0,3.0,0.0,0,0.0,
ROAD TRANSPORT AND HIGHWAYS,OF FOUR LANE HIGHWAY SECTION OF N,617.87,,617.88,106.2,2022,2025.0,0.0,0.0,3.0,0.0016,1,1.6e-05,71.0
ROAD TRANSPORT AND HIGHWAYS,OF FOUR-LANE SPUR OF RAMPUR- CONNECTING NH-24,646.27,,646.27,91.95,2021,2024.0,9.0,1.0,3.0,0.0,0,0.0,45.61
ROAD TRANSPORT AND HIGHWAYS,", UP-GRADATION OF NH-734 MORADABAD - - KASHIPUR: ?PACKAGE-I:",1841.92,,1841.92,418.99,2022,2025.0,0.0,0.0,3.0,0.0,0,0.0,51.5
ROAD TRANSPORT AND HIGHWAYS,AND UP-GRADATION OF TO 4L PS FROM KM 123.650 START OF SHA,1212.26,,1212.26,329.68,2022,2025.0,0.0,0.0,3.0,0.0,0,0.0,30.27
ROAD TRANSPORT AND HIGHWAYS,OF SONAULI GORAKHPUR TO DESIGN CH. 7,2555.5,,2555.5,966.89,2021,2025.0,0.0,0.0,4.0,0.0,0,0.0,60.5
ROAD TRANSPORT AND HIGHWAYS,OF 4 LANE GREEN FIELD SIDE GORAKHPUR KMS) STARTING FROM NH,1973.98,,1973.98,736.14,2023,2026.0,0.0,0.0,3.0,0.0,0,0.0,47.0
ROAD TRANSPORT AND HIGHWAYS,OF EXISTING 4L SECTION FROM DESIGN,526.45,,526.45,228.37,2023,2025.0,0.0,0.0,2.0,0.0,0,0.0,83.0
ROAD TRANSPORT AND HIGHWAYS,OF RING ROAD AROUND KM.000 TO KM. 23.325 SACHENDI I TO MAHARAJPU,1754.0,,1754.0,,2023,2026.0,0.0,0.0,3.0,0.0,0,0.0,
ROAD TRANSPORT AND HIGHWAYS,OF NEW 4 LANE,1378.36,,739.0,198.15,2023,2026.0,0.0,0.0,3.0,0.0,0,0.0,25.1
ROAD TRANSPORT AND HIGHWAYS,OF NEW 4 LANE SOUTHERN BYPASS FROM,993.77,,349.48,372.8,2023,2025.0,3.0,1.0,2.0,0.0,0,0.0,92.86
ROAD TRANSPORT AND HIGHWAYS,OF MARIAHU BYPASS PAVED SHOULDER,438.24,362.39,438.24,211.72,2023,2025.0,6.0,1.0,2.0,0.0,0,0.0,36.0
ROAD TRANSPORT AND HIGHWAYS,AND UPGRADATION FROM KM 75.700 OF NH-321G ETAH SECTION) TO T,343.54,,343.54,75.83,2022,2025.0,0.0,0.0,3.0,0.0,0,0.0,34.0
ROAD TRANSPORT AND HIGHWAYS,OF JASRA BYPASS WITH SHOULDER FROM KM. 379.670 ON NH-,274.06,,274.06,129.09,2023,2025.0,0.0,0.0,2.0,0.0,0,0.0,84.0
ROAD TRANSPORT AND HIGHWAYS,AND UP-GRADATION TO PAVED SHOULDER FROM EXISTING KM.,509.65,,509.65,188.67,2022,2025.0,5.0,1.0,3.0,0.0,0,0.0,21.0
ROAD TRANSPORT AND HIGHWAYS,AND UP-GRADATION TO KM. 40.390 OF NH-730S ? NICHLOUL ? TH,809.25,,809.25,262.06,2023,2025.0,0.0,0.0,2.0,0.0,0,0.0,33.0
ROAD TRANSPORT AND HIGHWAYS,OF FOUR LANE HIGHWAY SHOULDER FROM KM.74.700,1141.67,,1141.67,,2022,2026.0,0.0,0.0,4.0,0.0,0,0.0,
ROAD TRANSPORT AND HIGHWAYS,OF BALRAMPUR BYPASS PAVEMENT FROM KM.223.000 OF NH-,515.69,,515.69,172.49,2022,2026.0,0.0,0.0,4.0,0.0,0,0.0,28.0
ROAD TRANSPORT AND HIGHWAYS,4L RIGID PAVEMENT FROM KM 90.00 TO KM,309.63,,309.63,11.05,2022,2026.0,0.0,0.0,4.0,0.0,0,0.0,15.0
ROAD TRANSPORT AND HIGHWAYS,AND UP-GRADATION TO PAVED SHOULDER/FOUR FROM EXISTING K,974.19,,974.19,586.68,2022,2027.0,0.0,0.0,5.0,0.0,0,0.0,10.0
ROAD TRANSPORT AND HIGHWAYS,AND UPGRADATION TO FROM KM 70.500 TO KM UNDER EPC MODE,296.02,,296.02,27.94,2022,2027.0,0.0,0.0,5.0,0.0,0,0.0,
ROAD TRANSPORT AND HIGHWAYS,STRENGTHENING FROM 67.280 TO KM. 88.622 OF NH- ROAD) TO,371.89,,371.89,134.82,2023,2026.0,0.0,0.0,3.0,0.0,0,0.0,32.0
ROAD TRANSPORT AND HIGHWAYS,AND UP-GRADATION TO KM. 0.0 TO KM. 7.80 AND KM.,701.02,,701.02,243.54,2023,2026.0,0.0,0.0,3.0,0.0,0,0.0,10.0
ROAD TRANSPORT AND HIGHWAYS,OF AMETHI BYPASS,283.86,,,58.92,2022,2027.0,,,,0.0,0,0.0,
ROAD TRANSPORT AND HIGHWAYS,4L FROM KM.108.50 TO ON HAM IN TH,1511.57,,1511.57,,2023,2027.0,0.0,0.0,4.0,0.0,0,0.0,
ROAD TRANSPORT AND HIGHWAYS,OF RAEBARELI RING WITH FOUR LANE FOR RAEBARELI CITY IN,1273.72,,1273.72,330.12,2022,2027.0,0.0,0.0,5.0,0.0,0,0.0,
ROAD TRANSPORT AND HIGHWAYS,AND UP-GRADATION OF NH- PARIKRAMA MARG) PACKAGE,587.97,,587.97,84.06,2022,2026.0,0.0,0.0,4.0,0.0,0,0.0,
URBAN DEVELOPMENT,RAIL PROJECT,11076.48,,11076.48,8736.58,2019,2024.0,36.0,1.0,5.0,0.0,0,0.0,72.5
DPIIT,RAIL PROJECT,8379.62,,8379.62,4987.53,2019,2024.0,39.0,1.0,5.0,0.0,0,0.0,54.0
WATER RESOURCES,AND DIVERSION WORKS UTTAR ),231.79,234.03,234.03,141.79,2019,2021.0,39.0,1.0,2.0,0.9664,1,0.009664,100.0
WATER RESOURCES,INTERCEPTION AND STP WORKS AT MEERUT ),681.78,,690.71,13.34,2019,2022.0,42.0,1.0,3.0,1.3098,1,0.013098,25.0
CIVIL AVIATION,OF DOMESTIC TERMINAL BUILDING AT DEHRADUN,456.86,500.0,500.0,483.96,2018,2020.0,48.0,1.0,2.0,9.4427,1,0.094427,100.0
POWER,STORAGE PLANT,1657.0,4825.6,7877.81,8007.27,2006,2010.0,182.0,1.0,4.0,191.2251,1,1.912251,98.2
POWER,PIPALKOTI HYDRO ELECTRIC,2491.58,3860.35,6823.72,,2008,2013.0,165.0,1.0,5.0,54.9358,1,0.549358,
POWER,HYDRO ELECTRIC POWER MW,1527.0,,1527.0,149.93,2012,2017.0,0.0,0.0,5.0,0.0,0,0.0,
RAILWAYS,KARNAPRAYAG NEW LINE,38953.15,,24659.0,18820.04,2011,2025.0,0.0,0.0,14.0,0.0,0,0.0,
ROAD TRANSPORT AND HIGHWAYS,KASHIPUR-SITARGANJ,605.84,,605.84,0.0,2012,2016.0,0.0,0.0,4.0,0.0,0,0.0,
ROAD TRANSPORT AND HIGHWAYS,AND UPGRADATION OF TO 2 LANE WITH PAVED KM 368.00 TO KM 399,274.31,,274.31,253.61,2018,2020.0,40.0,1.0,2.0,0.0,0,0.0,97.31
ROAD TRANSPORT AND HIGHWAYS,PAVED SHOULDER FROM KM 430.00 OF KARANPARYAG TO CHARDHAM PARI,403.36,,403.36,340.32,2018,2020.0,40.0,1.0,2.0,0.0,0,0.0,98.93
ROAD TRANSPORT AND HIGHWAYS,PAVED SHOULDER FROM KM 468.00 OF CHAMOLI TO PAINI PARIYOJNA,417.24,,417.24,344.2,2018,2020.0,40.0,1.0,2.0,0.0,0,0.0,99.88
ROAD TRANSPORT AND HIGHWAYS,EXISTING SINGLE LANE LANE WITH PAVED CONFIGURATION FROM KM.,248.22,,248.22,,2017,2019.0,0.0,0.0,2.0,0.0,0,0.0,
ROAD TRANSPORT AND HIGHWAYS,WITH GEOMETRIC OF EXISTING 2 LANE TO 2LANE WITH,282.08,,282.08,234.97,2017,2019.0,45.0,1.0,2.0,0.0,0,0.0,100.0
ROAD TRANSPORT AND HIGHWAYS,WITH GEOMETIC OF EXISTING TWO LANE TO PAVED SHOULDERS CONFIG,232.81,,232.81,201.58,2017,2019.0,0.0,0.0,2.0,0.0,0,0.0,100.0
ROAD TRANSPORT AND HIGHWAYS,WITH GEOMETIC OF SINGLE LANE TO 2- SHOULDER,283.51,,283.51,278.51,2017,2019.0,0.0,0.0,2.0,0.0,0,0.0,100.0
ROAD TRANSPORT AND HIGHWAYS,WITH GEOMETRIC OF EXISTING LANE TO 2LANE S,266.52,,266.52,250.34,2017,2019.0,0.0,0.0,2.0,0.0,0,0.0,100.0
ROAD TRANSPORT AND HIGHWAYS,WITH GEOMETRIC OF EXISTING LANE TO 2 LANE,418.88,,418.88,339.71,2018,2020.0,37.0,1.0,2.0,0.0,0,0.0,94.0
ROAD TRANSPORT AND HIGHWAYS,AND UP GRADATION OF 2 WITH PAVED SHOULDER KM. 172.900 TO K,293.68,,293.68,244.25,2018,,,,,0.0,0,0.0,100.0
ROAD TRANSPORT AND HIGHWAYS,OF KUND BYPASS FROM 33+130 TO KM 41+260 8.130 KM); DESIGN,248.0,,248.0,120.5,2018,2020.0,43.0,1.0,2.0,0.0,0,0.0,66.0
ROAD TRANSPORT AND HIGHWAYS,AND UPGRADATION OF 2 SHOULDER FROM 195.175 TO KM. 220.00,460.73,,461.0,,2018,,,,,0.0586,1,0.000586,
ROAD TRANSPORT AND HIGHWAYS,OF 4.5 KM LONG SILKYARA KM 25.40 TO 50.25 KM,1383.78,,1383.78,709.72,2018,2022.0,50.0,1.0,4.0,0.0,0,0.0,63.84
ROAD TRANSPORT AND HIGHWAYS,WITH GEOMETRIC OF EXISTING INTERMEDIATE WITH PAVED SHOULDER,234.88,273.49,234.88,237.19,2016,2017.0,0.0,0.0,1.0,16.4382,1,0.164382,100.0
ROAD TRANSPORT AND HIGHWAYS,HIGHWAY OF - DEHRADUN OF ? DEHRADUN SECTION FROM,169.08,,169.08,105.77,2021,2024.0,14.0,1.0,3.0,0.0,0,0.0,99.99
ROAD TRANSPORT AND HIGHWAYS,AND 4L OF HARIDWAR,1377.79,1384.11,1377.79,678.86,2021,2024.0,10.0,1.0,3.0,0.4587,1,0.004587,56.11
ROAD TRANSPORT AND HIGHWAYS,TO BALLUPUR FROM KM.,1092.9,1092.9,1092.9,463.92,2022,2025.0,9.0,1.0,3.0,0.0,0,0.0,81.2
ROAD TRANSPORT AND HIGHWAYS,FROM KM.,524.54,683.26,683.26,91.94,2022,2025.0,5.0,1.0,3.0,30.2589,1,0.302589,74.78
ROAD TRANSPORT AND HIGHWAYS,CONNECTIVITY AT KM.40 NEAR JAGBUDA TO BOUNDARY PILLAR,314.31,,314.31,178.37,2022,2024.0,26.0,1.0,2.0,0.0,0,0.0,68.23
ROAD TRANSPORT AND HIGHWAYS,FOR MITIGATION 368.00-UTTARAKHAND-TO NH-07-PKG-1,216.88,,216.88,80.79,2023,2025.0,0.0,0.0,2.0,0.0,0,0.0,75.8
ROAD TRANSPORT AND HIGHWAYS,FOR MITIGATION 450.00-UTTARAKHAND-TO NH-07-PKG-3,250.33,,250.33,,2023,2025.0,0.0,0.0,2.0,0.0,0,0.0,
ROAD TRANSPORT AND HIGHWAYS,FOR MITIGATION,259.64,,259.64,4.16,2023,2026.0,0.0,0.0,3.0,0.0,0,0.0,20.23
CIVIL AVIATION,OF ATC TOWER AND AT NSCBI AIRPORT,458.0,,458.0,251.64,2016,2020.0,45.0,1.0,4.0,0.0,0,0.0,100.0
CIVIL AVIATION,ENHANCEMENT OF KOLKATA,389.71,397.0,397.0,396.61,2019,2021.0,18.0,1.0,2.0,1.8706,1,0.018706,100.0
CIVIL AVIATION,"KOLKATA: RE- OF RIGID POSITIONS OF RUNWAY, 'K' AND 'A' TAXIWAY",328.3,,328.3,79.39,2023,2025.0,0.0,0.0,2.0,0.0,0,0.0,36.0
CIVIL AVIATION,DEVELOPMENT OF AT BAGDOGRA : CONSTRUCTION OF,1549.0,,1549.0,215.07,2024,2027.0,0.0,0.0,3.0,0.0,0,0.0,8.38
COAL,PLAN,2661.73,,5146.48,784.1,2009,2019.0,60.0,1.0,10.0,93.3509,1,0.933509,42.0
COAL,KUMARDIH B OCP,502.68,,502.67,71.07,2018,2029.0,0.0,0.0,11.0,0.0,0,0.0,25.5
COAL,UG INCLUDING SAPI,483.65,,483.65,55.23,2020,2026.0,0.0,0.0,6.0,0.0,0,0.0,12.0
COAL,NLW WASHERY,384.57,,384.57,348.66,2015,2020.0,58.0,1.0,5.0,0.0,0,0.0,97.0
COAL,EXPANSION OC,5365.88,5366.0,5365.88,553.51,2021,2029.0,0.0,0.0,8.0,0.0022,1,2.2e-05,17.3
COAL,OF JHANJRA UG,1210.12,,1210.12,489.45,2020,2029.0,0.0,0.0,9.0,0.0,0,0.0,40.0
COAL,OC PHASE II,888.99,,888.99,,2020,2026.0,0.0,0.0,6.0,0.0,0,0.0,
COAL,EXPANSION OCP,570.12,,570.11,81.58,2021,2026.0,0.0,0.0,5.0,0.0,0,0.0,16.0
COAL,BELBAID UG,389.1,,389.1,130.56,2023,2029.0,0.0,0.0,6.0,0.0,0,0.0,16.4
COAL,JAMBAD OCP,1193.55,,1193.55,5.91,2024,2037.0,0.0,0.0,13.0,0.0,0,0.0,
DEPARTMENT OF HIGHER EDUCATION,OF TWO NOS GIRLS ONE NO BOYS HOSTEL OF EACH G PLUS 8 STOREYED ),193.83,,193.83,187.65,2020,2020.0,45.0,1.0,0.0,0.0,0,0.0,99.0
MINES,"OF BASEMENTG FLOOR10 GSI AT SECTOR-V, SA",255.37,,255.37,68.66,2019,2022.0,52.0,1.0,3.0,0.0,0,0.0,38.0
PETROLEUM,IN WEST BENGAL,5830.2,,5830.2,875.27,2019,2031.0,0.0,0.0,12.0,0.0,0,0.0,33.0
PETROLEUM,PIPELINE PROJECT,1010.0,,1010.0,546.6,2022,2025.0,0.0,0.0,3.0,0.0,0,0.0,79.09
PETROLEUM,"AT EAST MEDNIPORE, WEST AND JHARGRAM DISTRICTS",609.0,,609.0,55.29,2022,2030.0,15.0,1.0,8.0,0.0,0,0.0,2.1
PETROLEUM,IN WEST BENGAL 11TH,2628.0,,2628.0,,2022,2030.0,0.0,0.0,8.0,0.0,0,0.0,
PETROLEUM,PROJECTS AT AND COOCH BEHAR,1017.0,,1017.0,160.8,2022,2030.0,0.0,0.0,8.0,0.0,0,0.0,30.6
RAILWAYS,- BISHNUPUR NEW BG LINE,1188.91,,2582.49,1264.53,2000,2019.0,83.0,1.0,19.0,117.2149,1,1.172149,75.0
RAILWAYS,CONSTRUCTION OF FROM NOAPARA-BARASAI,4829.6,,2397.72,197.2,2010,2026.0,0.0,0.0,16.0,0.0,0,0.0,17.0
RAILWAYS,CONSTRUCTION OF FROM BARANAGAR TO AND DAKSHINESHWAR,2298.42,,2733.86,392.98,2010,2026.0,0.0,0.0,16.0,18.9452,1,0.189452,
RAILWAYS,CONSTRUCTION OF FROM NSCB AIRPORT TO,8964.35,,8964.35,7387.4,2010,2025.0,3.0,1.0,15.0,0.0,0,0.0,
RAILWAYS,CONSTRUCTION OF FROM JOKA TO BINOY BAGH.,4834.54,,4834.54,3918.86,2010,2026.0,0.0,0.0,16.0,0.0,0,0.0,
RAILWAYS,KOTSHILA DOUBLING,393.83,,393.83,318.36,2018,2024.0,3.0,1.0,6.0,0.0,0,0.0,100.0
RAILWAYS,3RD LINE,1000.0,,283.54,167.13,2015,2025.0,0.0,0.0,10.0,0.0,0,0.0,44.0
RAILWAYS,CORRIDOR KOLKATA,4874.58,8575.0,10442.41,0.0,2009,2016.0,0.0,0.0,7.0,75.9126,1,0.759126,
RAILWAYS,- BAKHTARNAGAR 5TH LINE,350.46,,350.46,,2024,2027.0,0.0,0.0,3.0,0.0,0,0.0,
RAILWAYS,BYE - PASS LINE,461.64,,461.64,25.84,2023,2027.0,0.0,0.0,4.0,0.0,0,0.0,
ROAD TRANSPORT AND HIGHWAYS,NH-31D FROM GHOSHPUKUR -,1083.0,1414.01,1414.01,1080.05,2015,2018.0,62.0,1.0,3.0,30.5642,1,0.305642,100.0
ROAD TRANSPORT AND HIGHWAYS,BARWA ADDA-PANAGARH,1665.0,,4977.49,4977.49,2014,2016.0,102.0,1.0,2.0,198.9483,1,1.989483,100.0
ROAD TRANSPORT AND HIGHWAYS,AND UP GRADATION OF TO 2-LANE WITH PAVED IN PURU,841.57,708.3,708.3,11802.22,2018,2022.0,39.0,1.0,4.0,0.0,0,0.0,96.13
ROAD TRANSPORT AND HIGHWAYS,OF NEW ROAD AT THE PORTION OF NH-81 ALONG ALIGNMENT BETWEEN H,271.17,291.2,291.2,199.72,2016,2018.0,80.0,1.0,2.0,7.3865,1,0.073865,82.47
ROAD TRANSPORT AND HIGHWAYS,OF NH-81 WITH A MINIMUM PAVED SHOULDER STARTING FROM KM 19.,426.18,426.18,426.18,364.92,2018,2020.0,53.0,1.0,2.0,0.0,0,0.0,100.0
ROAD TRANSPORT AND HIGHWAYS,PALSIT TO DANKUNI SECTION TO KM. 652.700,2193.23,2314.0,2314.0,2085.0,2020,2024.0,0.0,0.0,4.0,5.5065,1,0.055065,96.4
ROAD TRANSPORT AND HIGHWAYS,NATIONAL CORRIDOR NH19 UNDER BHARA,2200.93,,2621.43,2621.43,2021,2024.0,12.0,1.0,3.0,19.1056,1,0.191056,97.31
ROAD TRANSPORT AND HIGHWAYS,OF PURULIYA BYPASS MODE,557.55,,567.31,,2021,2023.0,22.0,1.0,2.0,1.7505,1,0.017505,
ROAD TRANSPORT AND HIGHWAYS,OF NEW 4 LANE BRIDGE GANGA AT DOWNSTREAM OF INCLUDING APPROA,622.04,,622.04,573.67,2018,2021.0,43.0,1.0,3.0,0.0,0,0.0,91.44
ROAD TRANSPORT AND HIGHWAYS,TO 4/6-LANNING OF NH-31 WITH BOTH SIDE SERVICE KM 569.258 TO KM 5,995.04,995.04,995.04,383.85,2022,2025.0,0.0,0.0,3.0,0.0,0,0.0,49.91
ROAD TRANSPORT AND HIGHWAYS,OR 4 LANE RANIGANJ 5 261 KM ON NH 60 KM 273 00 OF NH,410.83,,410.83,152.32,2023,2026.0,0.0,0.0,3.0,0.0,0,0.0,34.89
ROAD TRANSPORT AND HIGHWAYS,OF ROB AND ITS IN LIEU OF LEVEL CROSSING KM 307 050 OF NH 60 B,155.87,,155.87,21.68,2016,2025.0,0.0,0.0,9.0,0.0,0,0.0,10.1
STEEL,OF COKE OVEN BATTERY NO.4 STEEL PLANT,916.78,,916.78,98.69,2023,2026.0,0.0,0.0,3.0,0.0,0,0.0,9.91
STEEL,OF NEW BAR MILL AT PLANT,2115.44,,2115.44,77.68,2024,2027.0,0.0,0.0,3.0,0.0,0,0.0,10.16
STEEL,OF BLAST FURNACE NO. 3 STEEL PLANT,758.09,,758.09,35.34,2024,2026.0,0.0,0.0,2.0,0.0,0,0.0,202.0
STEEL,OF AIR POLLUTION CONTROL SP-1 AT DURGAPUR STEEL,196.4,,196.4,0.19,2024,2026.0,0.0,0.0,2.0,0.0,0,0.0,0.9
STEEL,FURNACE IN SECONDARY AT IISCO STEEL PLANT,227.96,,227.96,2.58,2024,2026.0,0.0,0.0,2.0,0.0,0,0.0,28.26
WATER RESOURCES,DIVERSION TREATMENT NULLAH ADI GANGA,307.12,,653.67,0.0,2017,2022.0,51.0,1.0,5.0,112.8386,1,1.128386,
WATER RESOURCES,AND DIVERSION WITH STP,160.0,154.73,154.73,91.87,2018,2022.0,37.0,1.0,4.0,0.0,0,0.0,92.0
