sector,project_name,original_cost_cr,anticipated_cost_cr,expenditure_cum_cr,approval_year,planned_doc_year,tor_months,cost_overrun_pct,reasons,delayed,planned_duration_years,overrun_ratio
Unknown,2,4.0,5.0,6.0,,,9.0,10.0,11,1,,0.1
ATOMIC ENERGY,"PROTOTYPE FAST BREEDER REACTOR (BHAVINI, 500 MWE) - [020100044]BHAVNI,TAMIL NADU",3492.0,7670.0,6517.22,2003.0,2010.0,171.0,119.64,,1,7.0,1.1964
ATOMIC ENERGY,"KUDANKULAM NUCLEAR POWER PROJECT UNIT-3 and 4 - [N02000028]NPCIL,TAMIL NADU",39849.0,68893.0,43536.0,2013.0,2020.0,72.0,72.89,,1,7.0,0.7289
ATOMIC ENERGY,"RAJASTHAN ATOMIC POWER PROJECT -7 AND 8 (2X700 MW) - [N02000027]NPCIL,RAJASTHAN",12320.0,22924.0,18385.0,2009.0,2016.0,120.0,86.07,,1,7.0,0.8606999999999999
CIVIL AVIATION,"UPGRADATION OF JABALPUR AIRPORT - [N04000087]AAI,MADHYA PRADESH",412.24,412.24,398.95,2016.0,2021.0,36.0,0.0,Nil,1,5.0,0.0
CIVIL AVIATION,"C/O NEW GREENFIELD AIRPORT AT HISSAR, RAJKOT, GUJARAT - [N04000088]AAI,GUJARAT",1405.0,1405.0,,2018.0,2022.0,22.0,0.0,Nil,1,4.0,0.0
CIVIL AVIATION,"DEVELOPMENT OF AYODHYA AIRPORT PHASE-01 - [N04000094]AAI,UTTAR PRADESH",242.14,358.0,335.02,2021.0,2022.0,18.0,47.85,As above.,1,1.0,0.47850000000000004
CIVIL AVIATION,"DEVELOPMENT OF GWALIOR AIRPORT PHASE 01 - [N04000098]AAI,MADHYA PRADESH",446.12,446.12,422.59,2021.0,2023.0,10.0,0.0,NIL,1,2.0,0.0
CIVIL AVIATION,"CONSTRUCTION OF DOMESTIC PASSENGER TERMINAL BUILDING AT DEHRADUN AIRPORT, DEHRADUN - [N04000085]AAI,UTTARAKHAND",456.86,500.0,484.85,2018.0,2020.0,46.0,9.44,Nil,1,2.0,0.0944
CIVIL AVIATION,"DEVELOPMENT OF TUTICORIN AIRPORT - [N04000090]AAI,TAMIL NADU",380.87,452.93,271.73,2019.0,2022.0,28.0,18.92,Nil,1,3.0,0.1892
CIVIL AVIATION,2,4.0,5.0,6.0,,,9.0,10.0,11,1,,0.1
CIVIL AVIATION,"CONSTRUCTION OF NEW GREEN FIELD AIRPORT AT HOLLONGI ITANAGAR ARUNACHAL PRADESH - [N04000092]AAI,ARUNACHAL PRADESH",645.63,712.15,657.33,2019.0,2022.0,24.0,10.3,Nil,1,3.0,0.10300000000000001
CIVIL AVIATION,"CONSTRUCTION OF TERMINAL BUILDING AND ASSOCIATED WORKS AT LEH AIRPORT - [N04000078]AAI,LADAKH",480.33,640.0,339.0,2018.0,2021.0,37.0,33.24,Slow progress of work by PDD for getting Dedicated power supply to Leh (Deposit work),1,3.0,0.33240000000000003
CIVIL AVIATION,"EXTENSION OF TERMINAL BUILDING, PTT, APRON AND CAR PARK AT SURAT AIRPORT. - [N04000093]AAI,GUJARAT",353.25,353.25,325.13,2018.0,2021.0,44.0,0.0,Nil,1,3.0,0.0
CIVIL AVIATION,"CCS INTERNATIONAL AIRPORT , LUCKNOW - [N04000077]AAI,UTTAR PRADESH",1383.0,3291.81,2092.82,2018.0,2021.0,39.0,138.02,NIL,1,3.0,1.3802
CIVIL AVIATION,"CONSTRUCTION OF NEW DORNESTIC TERMINAL BUILDING AND OTHER STRUCTURES, PHASE I AND II - [N04000082]AAI,BIHAR",1216.9,1216.9,715.47,2018.0,2022.0,26.0,0.0,AUGUMENTATION OF STORM WATER DRAINAGE SYSTEM FOR CONNECTIONG NEW STORM WATER SYSTEM OF AIRPORT WITH ENLARGED CAPACITY.,1,4.0,0.0
CIVIL AVIATION,"C/O OF NITB AND ASSOCIATED WORK AT VIJAYAWADA AIRPORT - [N04000091]AAI,ANDHRA PRADESH",611.8,611.8,280.52,2020.0,2023.0,21.0,0.0,NIL,1,3.0,0.0
CIVIL AVIATION,"EXTENSION OF EXISTING INTEGRATED TERMINAL BUILDING AND ALLIED WORKS AT GOA AIRPORT. - [N04000095]AAI,GOA",255.69,255.69,60.75,2017.0,2021.0,39.0,0.0,Nil,1,4.0,0.0
CIVIL AVIATION,"CONSTRUCTION OF NEW INTEGRATED TERMINAL BUILDING AT LGBI AIRPORT GUWAHATI - [N04000083]AAI,ASSAM",1142.0,2333.0,1091.52,2016.0,2021.0,48.0,104.29,"Transportation strike from 1st week of November 2020, to end of the month at CEMENT Plant in Govt, of Assam & Meghalaya.",1,5.0,1.0429000000000002
CIVIL AVIATION,"CONSTRUCTION OF NEW INTEGRATED TERMINAL BUILDING, CONTROL TOWER CUM TECHNICAL BLOCK, APRON, LINK TAX - [N04000100]AAI,MANIPUR",499.0,499.0,95.59,2021.0,2024.0,8.0,0.0,Acquisition of AAI Land for proposed 6 lane road is pending.,1,3.0,0.0
CIVIL AVIATION,"MODERNIZATION OF CHENNAI AIRPORT PHASE II, CHENNAI - [N04000074]AAI,TAMIL NADU",2467.0,2467.0,1477.64,2018.0,2022.0,46.0,0.0,Nil,1,4.0,0.0
CIVIL AVIATION,2,4.0,5.0,6.0,,,9.0,10.0,11,1,,0.1
COAL,"PATHERDIH 2.5 NLW COAL WASHERY - [N06000194]BCCL,JHARKHAND",243.0,334.27,111.51,2015.0,2018.0,77.0,37.56,,1,3.0,0.37560000000000004
COAL,"2.0 MTPA BHOJUDIH NLW WASHERY - [N06000195]BCCL,WEST BENGAL",304.13,341.22,281.17,2015.0,2017.0,90.0,12.2,,1,2.0,0.122
COAL,"MURAIDIH UG TURN-KEY PROJECT - [N06000096]BCCL,JHARKHAND",339.88,339.88,151.19,2011.0,2014.0,141.0,0.0,,1,3.0,0.0
COAL,"MOONIDIH XV SEAM UG - [N06000098]BCCL,JHARKHAND",1230.27,1230.27,588.09,2011.0,2019.0,83.0,0.0,,1,8.0,0.0
COAL,"CHURI BENTI UG (0.81 MTY) - [N06000083]CCL,JHARKHAND",163.51,163.51,133.35,2007.0,2011.0,161.0,0.0,,1,4.0,0.0
COAL,"KARMA OCP (1.0MTY) - [N06000088]CCL,JHARKHAND",162.46,162.46,95.92,2009.0,2014.0,125.0,0.0,,1,5.0,0.0
COAL,"RAJRAPPA RCE OCP ( 3.0 MTY) - [N06000087]CCL,JHARKHAND",510.85,510.85,488.31,2009.0,2016.0,108.0,0.0,,1,7.0,0.0
COAL,"TETARIAKHAR EXPANSION OCP - [N06000186]CCL,JHARKHAND",243.52,243.52,44.35,2019.0,2023.0,24.0,0.0,,1,4.0,0.0
COAL,2,4.0,5.0,6.0,,,9.0,10.0,11,1,,0.1
COAL,"RANIGANJ MASTER PLAN - [N06000163]ECL,WEST BENGAL",2661.73,5146.48,741.28,2009.0,2019.0,60.0,93.35,"1.Publication of final figure of Demographic survey report for Non-ECL houses and valuation of immovable properties for Legal Title Holder (LTH) households by ADDA. 2. Identification and finalization of balance land for this rehabilitation project by ADDA. 3. Construction of balance quarters for shifting of remaining eligible families identified under survey report. 4. Shifting of affected families at the resettlement sites by ADDA where construction of flats have already been completed and after shifting demolition of vacated houses, which were under the threat of subsidence at the old rehabilitation sites. 5.Finalization of tender and award of work for unfinished construction works of 2672 flats at Bijoynagar & Daskeary J.L. No.-02 resettlement sites by Housing Dept. 6.To take over the possession of 2000 flats completed in all respect at Andal site for immediate shifting of families from unstable sites susceptible to proneness of subsidence. 7.Approval of revised rehabilitation package by Cabinet of Government of West Bengal.",1,10.0,0.9335
COAL,"CHITRA EAST (RCE) OCP - [N06000169]ECL,JHARKHAND",513.98,513.98,179.76,2018.0,2024.0,24.0,0.0,,1,6.0,0.0
COAL,"SHYAMSUNDARPUR UG INCLUDING SAPI UNIT - [N06000191]ECL,WEST BENGAL",483.65,483.65,26.51,2020.0,2025.0,12.0,0.0,,1,5.0,0.0
COAL,"MOHANPUR EXPANSION OC PHASE II - [N06000236]ECL,WEST BENGAL",888.99,888.99,88.32,2020.0,2025.0,12.0,0.0,,1,5.0,0.0
COAL,2,4.0,5.0,6.0,,,9.0,10.0,11,1,,0.1
COAL,"BONJEMEHARI EXPANSION OCP - [N06000244]ECL,WEST BENGAL",570.12,570.11,45.33,2021.0,2025.0,12.0,0.0,,1,4.0,0.0
COAL,"PARASEA- BELBAID REORGANISATION UG MINE - [N06000185]ECL,WEST BENGAL",826.42,389.1,4.47,2019.0,2027.0,12.0,0,,1,8.0,0.0
COAL,"HURA - C OC (3 MTY) - [N06000143]ECL,JHARKHAND",359.69,859.41,316.19,2015.0,2022.0,84.0,138.93,,1,7.0,1.3893
COAL,"TILABONI UG MINE - [N06000172]ECL,WEST BENGAL",916.62,749.07,11.69,2019.0,2027.0,24.0,0,,1,8.0,0.0
COAL,"GARJANBAHAL OCP - [N06000117]MCL,ODISHA",1375.38,1375.38,816.64,2014.0,2021.0,60.0,0.0,,1,7.0,0.0
COAL,"KULDA EXPANSION OCP- 15 MTY - [N06000248]MCL,ODISHA",348.16,348.16,194.16,2014.0,2018.0,96.0,0.0,,1,4.0,0.0
COAL,"BASUNDHARA (WEST) OC EXTN(7.00 MTY) - [N06000112]MCL,ODISHA",479.15,479.15,264.66,2014.0,2019.0,96.0,0.0,,1,5.0,0.0
COAL,"NEYVELI UTTAR PRADESH POWER PROJECT LIMITED 1980 MW - [N06000152]NLC,UTTAR PRADESH",17237.0,19406.12,17105.55,2016.0,2021.0,40.0,12.58,,1,5.0,0.1258
COAL,"DUDHICHUA EXPANSION OCP (10 TO 20 MTPA) - [N06000162]NCL,MADHYA PRADESH",1255.17,1255.17,1219.77,2017.0,2022.0,28.0,0.0,,1,5.0,0.0
COAL,"BLOCK-B EXPANSION OPENCAST PROJECT - [N06000184]NCL,MADHYA PRADESH",998.71,998.71,339.07,2019.0,2023.0,24.0,0.0,Delayed by 24 months as FC proposal was rejected by FAC of MoEF and CC and is under process now for getting FC with modified proposal of forest land causing delay in project implementation.,1,4.0,0.0
COAL,"BINA KAKRI AMALGAMATION OCP 14 MTPA - [N06000192]NCL,MULTI STATE",836.42,836.42,611.73,2020.0,2024.0,12.0,0.0,,1,4.0,0.0
COAL,"KHADIA EXPANSION OCP - [N06000208]NCL,UTTAR PRADESH",491.67,491.67,21.32,2021.0,2025.0,12.0,0.0,,1,4.0,0.0
COAL,"KAKATIYAKHANI OPENCAST III PROJECT PHASE-1 - [N06000161]SCCL,TELANGANA",413.84,413.84,377.38,2017.0,2022.0,36.0,0,,1,5.0,0.0
COAL,"GODAVARIKHANI COAL MINE - [N06000202]SCCL,TELANGANA",438.98,438.98,144.22,2019.0,2023.0,24.0,0.0,,1,4.0,0.0
COAL,2,4.0,5.0,6.0,,,9.0,10.0,11,1,,0.1
COAL,"RCE OF RAMAGUNDAM OPENCAST II EXTENSION PROJECT - [N06000210]SCCL,TELANGANA",489.62,489.62,400.35,2015.0,2023.0,24.0,0.0,,1,8.0,0.0
COAL,"RCE OF INDARAM OPENCAST PROJECT - [N06000211]SCCL,TELANGANA",349.28,424.81,335.24,2017.0,2021.0,48.0,21.62,,1,4.0,0.2162
COAL,"RCE OF KALYANIKHANI OPENCAST PROJECT - [N06000213]SCCL,TELANGANA",384.32,384.32,206.24,2016.0,2020.0,60.0,0.0,,1,4.0,0.0
COAL,"RCE OF KAKATHIYAKHANI OC - 2 PROJECT - [N06000214]SCCL,TELANGANA",442.42,442.42,173.89,2017.0,2020.0,,0.0,,1,3.0,0.0
COAL,"NAINI COAL MINE - [N06000203]SCCL,ODISHA",494.3,494.3,491.33,2020.0,2024.0,24.0,0.0,,1,4.0,0.0
COAL,"VENKATESH KHANI COAL MINE - [N06000204]SCCL,TELANGANA",484.51,484.51,135.52,2020.0,2023.0,36.0,0.0,,1,3.0,0.0
COAL,"GEVRA EXPANSION OCP (SECL) (35-70) MTY - [060100093]SECL,CHHATTISGAR H",11816.4,11816.4,6068.83,2010.0,2023.0,24.0,0.0,,1,13.0,0.0
COAL,"KUSMUNDA EXPN.OCP(SECL)(15-50)MTY - [N06000008]SECL,CHHATTISGAR H",7612.33,7612.33,4417.81,2013.0,2023.0,24.0,0.0,,1,10.0,0.0
COAL,"CHHAL OC SEAM -III (6.00 MTY) - [N06000104]SECL,CHHATTISGAR H",610.63,610.63,535.12,2013.0,2022.0,36.0,0.0,,1,9.0,0.0
COAL,"BATURA HIGHWALL PROJECT - [N06000134]SECL,MADHYA PRADESH",231.92,231.92,2.75,2015.0,2022.0,36.0,0.0,,1,7.0,0.0
COAL,"JAMPALI OCP RCE - [N06000198]SECL,CHHATTISGAR H",278.64,278.64,204.23,2020.0,2024.0,12.0,0.0,,1,4.0,0.0
COAL,"JAGANNATHPUR OC RCE (3.0 MTY) - [N06000232]SECL,CHHATTISGAR H",459.49,459.49,249.31,2016.0,2020.0,60.0,0.0,,1,4.0,0.0
COAL,"KARTALI (EAST) OCP (2.50 MTY) - [N06000076]SECL,CHHATTISGAR H",178.44,178.44,9.02,2008.0,2014.0,144.0,0.0,,1,6.0,0.0
COAL,"AMERA OC RCE - [N06000123]SECL,CHHATTISGAR H",335.97,335.97,90.39,2015.0,2018.0,96.0,0.0,,1,3.0,0.0
COAL,"RAJNAGAR OCP RPR (1.70 MTY) - [N06000124]SECL,MADHYA PRADESH",357.8,357.8,88.19,2014.0,2021.0,60.0,0.0,,1,7.0,0.0
COAL,2,4.0,5.0,6.0,,,9.0,10.0,11,1,,0.1
COAL,"KANCHAN OC EXPANSION - [N06000125]SECL,MADHYA PRADESH",371.04,371.04,126.82,2014.0,2021.0,60.0,0.0,,1,7.0,0.0
COAL,"AMGAON OPENCAST PROJECT RCE - [N06000135]SECL,CHHATTISGAR H",316.1,316.1,191.16,2015.0,2020.0,72.0,0.0,,1,5.0,0.0
COAL,"AMRITDHARA OC PROJECT - [N06000122]SECL,MADHYA PRADESH",481.6,481.6,3.4,2015.0,2023.0,48.0,0.0,,1,8.0,0.0
COAL,"AMADAND OPENCAST EXPANSION PROJECT - [N06000148]SECL,MADHYA PRADESH",869.44,869.44,254.73,2016.0,2021.0,72.0,0.0,,1,5.0,0.0
COAL,"JHIRIA WEST OPENCAST PROJECT - [N06000166]SECL,CHHATTISGAR H",389.97,366.94,25.38,2018.0,2026.0,36.0,0,,1,8.0,0.0
COAL,"BATURA WEST OC PROJECT (0.80 MTY) - [N06000207]SECL,MADHYA PRADESH",496.28,496.28,,2021.0,2028.0,12.0,0.0,,1,7.0,0.0
COAL,"DURGAPUR OPENCAST PROJECT - [N06000136]SECL,CHHATTISGAR H",916.24,916.24,50.68,2015.0,2023.0,84.0,0.0,,1,8.0,0.0
COAL,"MADANNAGAR OPENCAST PROJECT - [N06000140]SECL,CHHATTISGAR H",1875.32,1875.32,,2015.0,2024.0,72.0,0.0,,1,9.0,0.0
COAL,"PELMA OCP(15.00MTY) - [N06000045]SECL,CHHATTISGAR H",1624.59,1624.59,13.66,2014.0,2023.0,96.0,0.0,,1,9.0,0.0
COAL,"NILJAI EXPANSION (DEEP) OC (3.5 MTY) - [N06000154]WCL,MULTI STATE",319.76,319.76,281.38,2016.0,2022.0,36.0,0.0,,1,6.0,0.0
COAL,"DURGAPUR EXTENSION (DEEP) OC (3.0 MTY) - [N06000157]WCL,MULTI STATE",328.0,328.0,321.43,2017.0,2021.0,48.0,0.0,,1,4.0,0.0
COAL,"UKNI DEEP OC - [N06000179]WCL,MAHARASHTRA",318.14,318.14,252.71,2018.0,2021.0,48.0,0.0,,1,3.0,0.0
COAL,"BELLORA-NAIGAON DEEP OC - [N06000180]WCL,MAHARASHTRA",252.71,252.71,122.64,2018.0,2021.0,48.0,0.0,,1,3.0,0.0
COAL,"ADASA UG TO OC (1.50 MTY) - [N06000219]WCL,MAHARASHTRA",333.43,333.43,222.75,2018.0,2024.0,12.0,0.0,,1,6.0,0.0
COAL,"AMALGAMATED INDER- KAMPTEE DEEP OC (3.20 MTY) - [N06000226]WCL,MAHARASHTRA",313.34,313.34,203.13,2018.0,2024.0,12.0,0.0,,1,6.0,0.0
COAL,2,4.0,5.0,6.0,,,9.0,10.0,11,1,,0.1
MINES,2,4.0,5.0,6.0,,,9.0,10.0,11,1,,0.1
MINES,"CONSTRUCTION OF BASEMENTG FLOOR10 STORIES BUILDING FOR THE STATE OF THE ART, DG, GSI AT SECTOR-V, SA - [N10000015]CPWD,WEST BENGAL",255.37,255.37,48.83,2019.0,2022.0,52.0,0.0,"Work started on 20.02.2020, but the work progress delayed due to following reasons. 1)- Due to Covid-19 Pandemic and sanction of project was kept in abeyance by Ministry Of Mines w.e.f July-2020 to April-2021. 2)-Due to shortage of budget for making payment to the State Govt.for obtaining approval for change of land use. Budget was received at the end of March-2022 & after making payment to the State Govt. approval for change of land use obtained in the 1st week of May-2022. 3)-After obtaining change of land use approval provisional Fire NOC & Clearance of Air-Port Authority obtained. Further after getting these approvals Building plans and other Drawings were submitted to the local body (NABADIGANTA)for approval. Building plan approval obtained in the month of April-2023. 4)-After getting the plan approval Environmental clearance and subsequently Consent To Establishment for the whole Campus i.e. for the proposed construction as well as for the old previously constructed buildings also were obtained by 21.02.2024. After getting it now work started in full swing. As per the condition of the sanctioned preliminary estimate execution period for the completion of project is 30(Thirty)months from the date of Local body approval & accordingly the target date of completion comes to 20.08.2026.",1,3.0,0.0
MINES,2,4.0,5.0,6.0,,,9.0,10.0,11,1,,0.1
MINES,"CONSTRUCTION OF RED MUD POND - II AT NALCO DAMANJODI ODISHA - [N10000017]NALCO,ODISHA",225.79,270.66,5.0,2019.0,2023.0,14.0,19.87,,1,4.0,0.19870000000000002
MINES,"25.5 MW WIND POWER PROJECT AT KAYATHAR IN TAMILNADU - [N10000014]NALCO,TAMIL NADU",166.62,163.17,135.63,2017.0,2019.0,66.0,0,NFR extension is pending with TANGEDCO.,1,2.0,0.0
MINES,"SOURCING OF BAUXITE ARRANGEMENT FOR 5TH STREAM ALUMINA REFINERY FROM SOUTH BLOCK MINING LEASE OF PAN - [N10000013]NALCO,ODISHA",483.0,483.0,315.19,2017.0,2021.0,49.0,0.0,,1,4.0,0.0
MINES,"POTTANGI BAUXITE MINES - [N10000016]NALCO,ODISHA",1437.0,1381.0,639.16,2018.0,2024.0,5.0,0,1) Delay in issuance of Terms and Conditions for grant of Mining Lease by Govt of Odisha over an area of 697.979 Ha. 2) Delay in Issuance of Forest Right Act (FRA) certificate. 3) Delay in approval of Compensatory Afforestation (CA) Scheme.,1,6.0,0.0
MINES,"5TH STREAM ALUMINA REFINERY EXPANSION PROJECT - [N10000010]NALCO,ODISHA",4103.0,5677.4,2999.82,2014.0,2021.0,53.0,38.37,,1,7.0,0.3837
MINES,"CONVERSION OF FLAT BOTTOM SETTLERS AND WASHERS WITH A SINGLE TRAIN OF HRDS AND DCWS IN STREAMS 1 AND - [N10000012]NALCO,ODISHA",355.0,581.0,108.93,2015.0,2020.0,58.0,63.66,,1,5.0,0.6365999999999999
STEEL,"NMDC SLURRY PIPE LINE PROJECT - PHASE-1 - [N12000124]NMDC,CHHATTISGA RH",2907.0,2907.0,1979.42,2015.0,2023.0,29.0,0.0,,1,8.0,0.0
STEEL,"SCREENING PLANT-III AT KIRANDUL - [N12000127]NMDC,CHHATTISGA RH",2092.97,2718.84,1090.01,2021.0,2026.0,17.0,29.9,,1,5.0,0.299
STEEL,2,4.0,5.0,6.0,,,9.0,10.0,11,1,,0.1
STEEL,"CONSTRUCTION OF RESIDENTIAL TOWERS AT BIOM KIRANDUL COMPLEX - [N12000130]NMDC,CHHATTISGA RH",282.44,282.44,78.11,2021.0,2024.0,14.0,0.0,,1,3.0,0.0
STEEL,"REBUILDING OF COKE OVEN BATTERY-2 ALONGWITH AUGMENTATION OF COKE HANDLING AND GAS HANDLING FACILITY - [N12000122]SAIL,ODISHA",377.18,377.18,369.62,2020.0,2023.0,15.0,0.0,,1,3.0,0.0
STEEL,"NEW SINTER PLANT AT BOKARO STEEL PLANT - [N12000095]SAIL,JHARKHAND",1034.01,1034.01,869.86,2015.0,2017.0,104.0,0.0,,1,2.0,0.0
PETROLEUM,"CONSTRUCTION OF LUBE OIL BLENDING AND FILLING PLANT AT RASAYANI - [N16000452]BPCL,MAHARASHTR A",423.39,423.39,181.25,2022.0,2024.0,6.0,0.0,Nil,1,2.0,0.0
PETROLEUM,"DEBOTTLENECKING AND AUGMENTATION OF CRYOGENIC FACILITIES AT URAN LPG IMPORT TERMINAL - [N16000442]BPCL,MAHARASHTR A",1164.69,1164.69,578.24,2021.0,2024.0,10.0,0.0,Nil,1,3.0,0.0
PETROLEUM,"IRUGUR-DEVANGONTHI POL PIPELINE - [N16000234]BPCL,TAMIL NADU",678.0,1732.0,532.01,2012.0,2017.0,104.0,155.46,Nil,1,5.0,1.5546
PETROLEUM,"MULTI-PRODUCT PIPELINE FROM KRISHNAPATNAM COASTAL INSTALLATION TO THE PROPOSED INSTALLATION AT HYDER - [N16000499]BPCL,ANDHRA PRADESH",1932.0,1932.0,1437.19,2019.0,2025.0,7.0,0.0,Nil,1,6.0,0.0
PETROLEUM,"SRIKAKULAM ANGUL PIPELINE PROJECT - [N16000388]GAIL,MULTI STATE",2658.34,2658.34,1888.5,2019.0,2022.0,26.0,0.0,Delay in receipt of Forest permission for Spurline.,1,3.0,0.0
PETROLEUM,2,4.0,5.0,6.0,,,9.0,10.0,11,1,,0.1
PETROLEUM,"MUMBAI NAGPUR JHARSUGUDA PIPELINE PROJECT - [N16000398]GAIL,MULTI STATE",7844.25,7844.25,5486.1,2020.0,2023.0,17.0,0.0,-Hindrances in MSRDC RoW in Mumbai Nagpur section. - Fo rest permission & Wildlife clearance in under process & expected to take time.,1,3.0,0.0
PETROLEUM,"KOCHI-KOOTTANAD- BANGALORE-MANGALORE PIPELINE PHASE-II - [N16000285]GAIL,MULTI STATE",2915.0,5909.0,3876.6,2009.0,2012.0,143.0,102.71,Non - availability of hindrance free RoU in Tamil Nadu. however pipeline is now being laid by highways/road.,1,3.0,1.0271
PETROLEUM,"DURGAPUR-HALDIA PIPELINE PROJECT - [N16000275]GAIL,WEST BENGAL",1740.0,2433.15,1885.8,2017.0,2020.0,51.0,39.84,"Slow RoU acquisition, Rate declaration and disbursement in West Bengal. Fisheries Issues in Purba Medinipur.",1,3.0,0.39840000000000003
PETROLEUM,"DHAMRA HALDIA PIPELINE PROJECT - [N16000391]GAIL,MULTI STATE",1030.65,1030.65,751.6,2020.0,2022.0,28.0,0.0,Delay in RoU acquisition in West Bengal.Fisheries issues in Purba Medinipur.,1,2.0,0.0
PETROLEUM,"60 KTA POLYPROPYLENE PROJECT - [N16000429]GAIL,UTTAR PRADESH",910.56,1299.02,700.4,2019.0,2024.0,11.0,42.66,,1,5.0,0.4266
PETROLEUM,"SETTING UP 500KTPA PROPANE DEHYDROGENATION INTEGRATED WITH POLYPROPYLENE UNIT ALONG WITH OFFSITE AND - [N16000430]GAIL,MAHARASHTRA",8797.0,11256.0,4022.27,2019.0,2025.0,6.0,27.95,No Delay,1,6.0,0.27949999999999997
PETROLEUM,"VISAKH REFINERY MODERNISATION PROJECT - [N16000235]HPCL,ANDHRA PRADESH",20928.0,26264.0,25798.72,2016.0,2020.0,47.0,25.5,,1,4.0,0.255
PETROLEUM,"SECOND GENERATION ETHANOL BIOREFINERY PROJECT, BATHINDA, PUNJAB - [N16000402]HPCL,PUNJAB",1421.46,1421.46,990.43,2020.0,2023.0,17.0,0.0,,1,3.0,0.0
PETROLEUM,"CONSTRUCTION OF 80000MT LPG CAVERN AT MANGALORE - [N16000369]HPCL,KARNATAKA",854.0,854.0,560.46,2018.0,2022.0,21.0,0.0,,1,4.0,0.0
PETROLEUM,"SWRO II WITH LLPH FACILITIES - [N16000378]HPCL,ANDHRA PRADESH",196.26,196.26,147.53,2019.0,2020.0,52.0,0.0,,1,1.0,0.0
PETROLEUM,"BHATINDA SANGRUR PIPELINE - [N16000440]HPCL,PUNJAB",367.0,367.0,255.29,2021.0,2024.0,9.0,0.0,,1,3.0,0.0
PETROLEUM,2,4.0,5.0,6.0,,,9.0,10.0,11,1,,0.1
PETROLEUM,"AUGMENTATION OF FACILITIES AT THE EXISTING RAIPUR DEPOT - [N16000413]HPCL,CHHATTISGAR H",456.0,456.0,300.15,2021.0,2024.0,12.0,0.0,,1,3.0,0.0
PETROLEUM,"HP CRUDE TO OLEFINS AND AROMATICS TECHNOLOGY DEMO UNIT AT VISAKH REFINERY - [N16000432]HPCL,ANDHRA PRADESH",160.0,160.0,10.07,2021.0,2024.0,12.0,0.0,,1,3.0,0.0
PETROLEUM,"RAJASTHAN REFINERY PROJECT - [N16000513]HPCLRRL(JV),RAJAS THAN",43129.0,72937.0,46029.0,2017.0,2022.0,29.0,69.11,,1,5.0,0.6911
PETROLEUM,"EXPANSION OF CRYOGENICS GROUP BY SETTING UP NEW MANUFACTURING FACILITY - [N16000446]IOCL,MAHARASHTRA",378.0,378.0,120.07,2021.0,2023.0,7.0,0.0,,1,2.0,0.0
PETROLEUM,"SETTING UP LUBE COMPLEX AT VILLAGES AMULLAVOYAL AND VAIKKADU, CHENNAI AS RESITEMENT OF EXISTING FACI - [N16000405]IOCL,TAMIL NADU",1398.0,1587.0,1098.0,2020.0,2023.0,8.0,13.52,NA,1,3.0,0.1352
PETROLEUM,"ACRYLICS OR OXO-ALCOHOL PROJECT AT GUJARAT REFINERY - [N16000382]IOCL,GUJARAT",5251.0,5894.0,3987.09,2019.0,2023.0,16.0,12.25,,1,4.0,0.1225
PETROLEUM,"AUGUMENTATION OF SALAYA MATHURA CRUDE OIL PIPELINE SYSTEM - [N16000411]IOCL,GUJARAT",1614.0,1614.0,920.7,2020.0,2023.0,15.0,0.0,"Delay in purchase of land at Vadinar and Surendranagar. Delay in obtaining Statutory clearance such as PESO, CTE",1,3.0,0.0
PETROLEUM,"ENNORE THIRUVALLUR BENGALURU PUDUCHERRY NAGAPATTINAM MADURAITUTICORIN GAS PIPELINE - [N16000253]IOCL,TAMIL NADU",4497.0,6025.0,5502.92,2016.0,2018.0,72.0,33.98,,1,2.0,0.3398
PETROLEUM,"ADDITIONAL STORAGE TANKS AT PARADIP - [N16000361]IOCL,ODISHA",462.3,543.0,445.45,2018.0,2021.0,39.0,17.46,,1,3.0,0.1746
PETROLEUM,"Fuel Quality Upgradation Project at Paradip Refinery - [N16000362]IOCL,ODISHA",3361.0,3361.0,2653.07,2019.0,2021.0,40.0,0.0,,1,2.0,0.0
PETROLEUM,2,4.0,5.0,6.0,,,9.0,10.0,11,1,,0.1
PETROLEUM,"INSTALLATION OF STANDBY SRU TRAIN OF 525 TPD ALONGWITH INCINERATOR AT PARADIP REFINERY - [N16000368]IOCL,ODISHA",427.1,427.1,281.58,2019.0,2022.0,27.0,0.0,,1,3.0,0.0
PETROLEUM,"BARAUNI REFINERY CAPACITY EXPANSION FROM 6.0 TO 9.0 MMTPA - [N16000386]IOCL,BIHAR",14810.0,14810.0,8704.61,2020.0,2023.0,20.0,0.0,"""State Govt/Local Govt related issues: a) Issues related to closure of Roads (viz. Merger of Refinery & Biological Treatment Plant (BTP) Premises, and Boundary Wall Construction near Mahna Village for Polypropylene Unit construction) is pending with local administration and b) There are restrictions imposed on plying of heavy vehicle carrying sand, stone & construction materials over Rajendra Setu Bridge (Simariya Bridge on river Ganga).""",1,3.0,0.0
PETROLEUM,"CONSTRUCTION OF CAPTIVE POL LPG JETTY AT KAMARAJAR PORT, CHENNAI - [N16000403]IOCL,TAMIL NADU",921.0,921.0,649.04,2020.0,2023.0,15.0,0.0,NA,1,3.0,0.0
PETROLEUM,"NEW MUNDRA-PANIPAT CRUDE OIL PIPELINE - [N16000435]IOCL,RAJASTHAN",9028.0,9028.0,5174.44,2021.0,2024.0,2.0,0.0,,1,3.0,0.0
PETROLEUM,"EXPANSION OF GUWAHATI REFINERY FROM 1 TO 1.2 MMTPA ALONG WITH INSTALLATION OF CATALYTIC REFORMING UN - [N16000414]IOCL,ASSAM",412.0,509.84,330.54,2021.0,2023.0,16.0,23.75,,1,2.0,0.2375
PETROLEUM,"REVAMPING OF FACILITIES AT VIZAG TERMINAL - [N16000343]IOCL,ANDHRA PRADESH",355.0,355.0,234.89,2018.0,2022.0,35.0,0.0,NA,1,4.0,0.0
PETROLEUM,"INTEGRATED PARA XYLENE (PX) AND PURIFIED TEREPHTHALIC ACID (PTA) PROJECT AT PARADIP REFINERY - [N16000396]IOCL,ODISHA",13805.0,13805.0,6153.72,2020.0,2024.0,15.0,0.0,,1,4.0,0.0
PETROLEUM,"GRASS ROOT POL TERMINAL AT VALLUR, CHENNAI - [N16000438]IOCL,TAMIL NADU",827.0,827.0,430.28,2022.0,2024.0,11.0,0.0,Quarrying for Earth required for filling: Approval of TN Govt. authorities to be expedited,1,2.0,0.0
PETROLEUM,2,4.0,5.0,6.0,,,9.0,10.0,11,1,,0.1
PETROLEUM,"R and D CAMPUS II AT FARIDABAD - [N16000375]IOCL,HARYANA",2281.94,3219.94,1459.77,2019.0,2022.0,31.0,41.11,,1,3.0,0.4111
PETROLEUM,"INSTALLATION OF NEW BITUMEN UNIT ALONG WITH ALLIED FACILITIES AT GUJARAT - [N16000454]IOCL,GUJARAT",328.0,328.0,15.53,2022.0,2024.0,11.0,0.0,,1,2.0,0.0
PETROLEUM,"GRASS ROOT RAIL FED DEPOT AT SEKERKOTE, AGARTALA AS RESITEMENT OF EXISTING DHARMANAGAR DEPOT - [N16000495]IOCL,TRIPURA",656.0,656.0,279.17,2022.0,2025.0,1.0,0.0,NA,1,3.0,0.0
PETROLEUM,"PETROCHEMICAL AND LUBE INTEGRATION PROJECT AT GUJARAT REFINERY - [N16000409]IOCL,GUJARAT",18936.0,18936.0,7771.87,2020.0,2024.0,16.0,0.0,State Govt/Local Govt related issues: a)Acquisition of village land.,1,4.0,0.0
PETROLEUM,"CAPACITY EXPANSION OF PANIPAT REFINERY FROM 15 TO 25 MMTPA - [N16000412]IOCL,HARYANA",34627.0,38231.0,11152.75,2021.0,2024.0,15.0,10.41,,1,3.0,0.1041
PETROLEUM,"REVAMPING, AUGMENTATION OF FACILITIES AT EXISTING PORT TERMINAL AT MANGALORE - [N16000437]IOCL,KARNATAKA",463.0,463.0,154.1,2022.0,2025.0,5.0,0.0,NA,1,3.0,0.0
PETROLEUM,"CAPACITY EXPANSION OF DIGBOI REFINERY FROM 0.65 TO 1.0 MMTPA - [N16000457]IOCL,ASSAM",768.0,768.0,57.13,2022.0,2025.0,5.0,0.0,,1,3.0,0.0
PETROLEUM,"LAYING OF POL PIPELINES IN COMMON CORRIDOR FOR PROPOSED GRASS ROOT TERMINAL AT VALLUR (CHENNAI) - [N16000455]IOCL,TAMIL NADU",829.0,829.0,170.2,2022.0,2024.0,22.0,0.0,,1,2.0,0.0
PETROLEUM,"CONSTRUCTION OF ADDITIONAL TANKAGES AND ALLIED FACILITIES AT JNPT TERMINAL - [N16000504]IOCL,MAHARASHTRA",341.43,341.43,173.65,2022.0,2024.0,22.0,0.0,NA,1,2.0,0.0
PETROLEUM,"REVAMPING OF FACILITIES AT EXISTING GUWAHATI TERMINAL, ASSAM - [N16000441]IOCL,ASSAM",277.0,277.0,142.72,2022.0,2026.0,2.0,0.0,NA,1,4.0,0.0
PETROLEUM,"GRASS-ROOT TERMINAL AT MIRZAPUR UTTAR PRADESH - [N16000506]IOCL,UTTAR PRADESH",980.45,980.45,79.85,2022.0,2026.0,5.0,0.0,NA,1,4.0,0.0
PETROLEUM,"AUGMENTATION OF FACILITIES AT MATHURA BITUMEN PLANT - [N16000505]IOCL,UTTAR PRADESH",260.12,260.12,0.44,2022.0,2025.0,20.0,0.0,NA,1,3.0,0.0
PETROLEUM,2,4.0,5.0,6.0,,,9.0,10.0,11,1,,0.1
PETROLEUM,"CGD PROJECT AT KHAGARIA, SAHARSA AND MADHEPURA - [N16000423]IOCL,BIHAR",163.0,163.0,68.46,2019.0,2029.0,3.0,0.0,,1,10.0,0.0
PETROLEUM,"CGD PROJECT AT NAWADA AND KODERMA DISTRICTS - [N16000426]IOCL,MULTI STATE",169.0,169.0,65.17,2019.0,2029.0,3.0,0.0,,1,10.0,0.0
PETROLEUM,"NORTH EAST GAS GRID - [N16000439]IGGL,MULTI STATE",9265.0,9265.0,5413.03,2020.0,2024.0,12.0,0.0,Not applicable.,1,4.0,0.0
PETROLEUM,"DEVANGONTHI MARKETING TERMINAL - [N16000401]MANGALORE REFIN,KARNATAKA",200.0,304.0,245.26,2020.0,2023.0,13.0,52.0,,1,3.0,0.52
PETROLEUM,"NUMALIGARH REFINERY EXPANSION PROJECT COIT AND PIPELINES - [N16000394]NRL,ASSAM",10228.0,9058.0,7420.15,2019.0,2024.0,11.0,0,Nil,1,5.0,0.0
PETROLEUM,"NUMALIGARH REFINERY EXPANSION PROJECT 6 MMTPA REFINARY - [N16000379]NRL,ASSAM",12366.0,18968.0,10740.74,2019.0,2024.0,14.0,53.39,Nil,1,5.0,0.5339
PETROLEUM,"KG-DWN-98-2 CLUSTER II DEVELOPMENT PROJECT - [N16000247]ONGC,ANDHRA PRADESH",34012.0,34012.0,29543.73,2016.0,2020.0,47.0,0.0,,1,4.0,0.0
PETROLEUM,"PIPELINE REPLACEMENT PROJECT - VII - [N16000436]ONGC,MAHARASHTR A",3183.58,3645.23,2705.68,2022.0,2024.0,1.0,14.5,,1,2.0,0.145
PETROLEUM,"GAS ASSISTED GRAVITY DRAINAGE SCHEME, KASOMARIGAON - [N16000433]ONGC,ASSAM",218.38,218.38,108.34,2021.0,2023.0,17.0,0.0,,1,2.0,0.0
PETROLEUM,"UPGRADING IPSHEM TO WORLD CLASS FACILITY OF ONGC, GOA - [N16000502]ONGC,GOA",325.53,325.53,253.65,2023.0,2024.0,5.0,0.0,,1,1.0,0.0
PETROLEUM,"DEVELOPMENT OF JHARIA CBM BLOCK (PHASE-1) - [N16000445]ONGC,JHARKHAND",431.0,431.0,140.06,2019.0,2024.0,11.0,0.0,,1,5.0,0.0
PETROLEUM,"PART REPLACEMENT PIPELINE PROJECT (PRPP) - [N16000515]ONGC,MAHARASHTR A",1219.48,1145.1,,2022.0,2024.0,7.0,0,,1,2.0,0.0
PETROLEUM,2,4.0,5.0,6.0,,,9.0,10.0,11,1,,0.1
PETROLEUM,"MUMBAI HIGH NORTH REDEVELOPMENT PHASE-IV - [N16000358]ONGC,MAHARASHTR A",3228.8,3976.67,3897.3,2019.0,2022.0,35.0,23.16,,1,3.0,0.2316
PETROLEUM,"DEVELOPMENT PLAN OF CBM - BOKARO BLOCK - [N16000239]ONGC,JHARKHAND",823.27,1137.79,1028.58,2015.0,2023.0,24.0,38.2,LAQ issues for remaining well locations.,1,8.0,0.382
PETROLEUM,"REDEVELOPMENT OF LINCH FIELD - [N16000428]ONGC,GUJARAT",631.03,860.04,242.83,2021.0,2025.0,4.0,36.29,,1,4.0,0.3629
PETROLEUM,"DAMAN UPSIDE DEVELOPMENT PROJECT (DUDP) IN TAPTI DAMAN BLOCK - [N16000470]ONGC,MAHARASHTR A",4144.41,5726.03,1.21,2022.0,2025.0,4.0,38.16,,1,3.0,0.38159999999999994
PETROLEUM,"LIFE EXTENSION OF WALL PLATFORMS OF MUMBAI HIGH AND HEERA FIELDS - [N16000213]ONGC,MAHARASHTR A",3190.69,3375.9,2961.86,2015.0,2018.0,97.0,5.8,,1,3.0,0.057999999999999996
PETROLEUM,"DEVELOPMENT OF SURFACE FACILITIES FOR PRODUCTION AND EVACUATION OF CRUDE OIL AND NATURAL GAS FROM NA - [N16000331]OIL,ASSAM",543.91,670.9,491.56,2018.0,2020.0,58.0,23.35,,1,2.0,0.2335
PETROLEUM,"PROJECT TO CONSTRUCT A FIELD GAS GATHERING STATION AT BAGHJAN AREA FOR COLLECTION,PROCESSING - [N16000450]OIL,ASSAM",430.76,430.76,218.9,2020.0,2024.0,5.0,0.0,,1,4.0,0.0
POWER,"PAKAL DUL HYDRO ELECTRIC PROJECT (1000 MW) - [N18000172]CVPPPL,JAMMU AND KASHMIR",8112.12,8112.12,4329.66,2014.0,2026.0,77.0,0.0,,1,12.0,0.0
POWER,"KIRU HYDRO ELECTRIC PROJECT - [N18000278]CVPPPL,JAMMU AND KASHMIR",4287.59,4287.59,1521.91,2019.0,2024.0,25.0,0.0,Upfront subscription of additional equity of Rs 154.81 Cr on anticipated completion cost for Kiru HE Project,1,5.0,0.0
POWER,"KWAR HE PROJECT - [N18000363]CVPPPL,JAMMU AND KASHMIR",4526.12,4526.12,633.99,2022.0,2026.0,13.0,0.0,Infusion of Equity by JKSPDC,1,4.0,0.0
POWER,2,4.0,5.0,6.0,,,9.0,10.0,11,1,,0.1
POWER,"PARBATI HEP (4X200 MW) (NHPC) II - [180100210]NHPC,HIMACHAL PRADESH",3919.59,12160.0,11278.29,2002.0,2009.0,183.0,210.24,,1,7.0,2.1024000000000003
POWER,"300 MW SOLAR POWER PROJECT UNDER CPSU SCHEME - [N18000368]NHPC,RAJASTHAN",1677.12,1677.12,679.6,2022.0,2023.0,16.0,0.0,,1,1.0,0.0
POWER,"RANGIT IV HE PROJECT - [N18000326]NHPC,SIKKIM",938.29,1871.23,1075.33,2021.0,2024.0,12.0,99.43,,1,3.0,0.9943000000000001
POWER,"SUBANSIRI LOWER H.E.P (8X250 MW) (NHPC) - [180100221]NHPC,ARUNACHAL PRADESH",6285.33,21247.54,21272.82,2003.0,2010.0,188.0,238.05,,1,7.0,2.3805
POWER,"RATLE HE PROJECT - [N18000324]NHPC,JAMMU AND KASHMIR",5281.94,5281.94,708.63,2021.0,2026.0,10.0,0.0,,1,5.0,0.0
POWER,"TEESTA VI HE PROJECT - [N18000325]NHPC,SIKKIM",5748.04,5748.04,3542.56,2019.0,2024.0,45.0,0.0,,1,5.0,0.0
POWER,"DAYAPAR WIND ENERGY PROJECT 150MW - [N18000319]NTPC,GUJARAT",937.8,937.8,689.82,2021.0,2023.0,13.0,0.0,,1,2.0,0.0
POWER,"BHUJ SOLAR 300MW (TRANCHE- IV WIND SOLAR HYBRID) - [N18000349]NTPC,GUJARAT",1442.6,1442.6,80.6,2022.0,2024.0,3.0,0.0,,1,2.0,0.0
POWER,"SAMBHU KI BHURJ-II SOLAR 300MW - [N18000286]NTPC,RAJASTHAN",1782.0,1782.0,1279.42,2020.0,2021.0,36.0,0.0,,1,1.0,0.0
POWER,"NOKH PLOT-1 SOLAR PV PROJECT 245MW - [N18000320]NTPC,RAJASTHAN",1352.71,1352.71,359.51,2022.0,2023.0,13.0,0.0,,1,1.0,0.0
POWER,"NOKH PLOT-2 SOLAR PV PROJECT 245MW - [N18000321]NTPC,RAJASTHAN",1409.52,1409.52,632.99,2022.0,2023.0,,0,,1,1.0,0.0
POWER,"NOKH PLOT-3 SOLAR PV PROJECT 245MW - [N18000322]NTPC,RAJASTHAN",1426.94,1426.94,362.86,2022.0,2023.0,13.0,0.0,,1,1.0,0.0
POWER,"BARH STPP(3X660MW) NTPC - [180100242]NTPC,BIHAR",8692.97,21312.11,22311.28,2005.0,2011.0,157.0,145.16,,1,6.0,1.4516
POWER,"NORTH KARANPURA STPP (3X660 MW) - [N18000177]NTPC,JHARKHAND",16242.9,17007.0,15361.62,2014.0,2019.0,66.0,4.7,,1,5.0,0.047
POWER,"BHADLA-II 500MW SOLAR PV PROJECT - [N18000347]NTPC,RAJASTHAN",2598.92,2598.92,453.43,2022.0,2024.0,9.0,0.0,,1,2.0,0.0
POWER,2,4.0,5.0,6.0,,,9.0,10.0,11,1,,0.1
POWER,"DAYAPAR WIND- III (HYBRID TRANCHE-V) - [N18000366]NTPC,GUJARAT",1095.01,1095.01,75.46,2023.0,2025.0,4.0,0.0,,1,2.0,0.0
POWER,"PATRATU STPP-I (3X800MW) - [N18000275]NTPC,JHARKHAND",17112.0,17112.0,13151.45,2017.0,2023.0,32.0,0.0,,1,6.0,0.0
POWER,"RAMMAM-III HEPP (3X40 MW) - [N18000178]NTPC,WEST BENGAL",1381.84,1803.0,1042.24,2014.0,2019.0,114.0,30.48,,1,5.0,0.3048
POWER,"TAPOVAN-VISHNUGAD HEP (4X130MW) - [N18000014]NTPC,UTTARAKHAN D",2978.48,7103.0,6298.38,2006.0,2013.0,193.0,138.48,,1,7.0,1.3847999999999998
POWER,"TRANSMISSION SYSTEM STRENGTHENING SCHEME FOR EVACUATION OF POWER FROM SOLAR ENERGY ZONES IN RAJASTHA - [N18000305]PGCIL,RAJASTHAN",713.82,713.82,583.51,2021.0,2022.0,17.0,0.0,,1,1.0,0.0
POWER,"ESTABLISHMENT OF FIBER OPTIC COMMUNICATION SYSTEM IN NR UNDER FIBER OPTIC EXPANSION PROJECT (ADDITIO - [N18000184]PGCIL,MULTI STATE",197.4,197.4,161.89,2015.0,2018.0,75.0,0.0,,1,3.0,0.0
POWER,"TRANSMISSION SYSTEM STRENGTHENING SCHEME FOR EVACUATION OF POWER FROM SOLAR ENERGY ZONES IN RAJASTHA - [N18000332]PGCIL,MULTI STATE",1666.0,1666.0,1119.62,2022.0,2023.0,8.0,0.0,,1,1.0,0.0
POWER,"SCHEME TO RELIEVE HIGH LOADING OF WR-NR INTER REGIONAL CORRIDOR - [N18000371]PGCIL,RAJASTHAN",200.58,200.58,131.24,2023.0,2024.0,2.0,0.0,,1,1.0,0.0
POWER,"NORTH EASTERN REGION STRENGTHENING SCHEME-XII - [N18000316]PGCIL,MULTI STATE",576.42,576.42,415.39,2021.0,2023.0,17.0,0.0,,1,2.0,0.0
POWER,"HVDC BIPOLE LINK BETWEEN WR AND SR -NORTH TRICHUR - SCHEME -II AC SYSTEM STRENGTHENING AT PUGALUR EN - [N18000264]PGCIL,MULTI STATE",1931.39,2635.55,1973.12,2017.0,2020.0,55.0,36.46,,1,3.0,0.36460000000000004
POWER,"TRANSMISSION SYSTEM STRENGTHENING SCHEME FOR EVACUATION OF POWER FROM SOLAR ENERGY ZONES IN RAJASTHA - [N18000306]PGCIL,RAJASTHAN",1562.0,1562.0,1039.75,2021.0,2022.0,21.0,0.0,,1,1.0,0.0
POWER,2,4.0,5.0,6.0,,,9.0,10.0,11,1,,0.1
POWER,"TRANSMISSION SYSTEM STRENGTHENING SCHEME FOR EVACUATION OF POWER FROM SOLAR ENERGY ZONES IN RAJASTHA - [N18000307]PGCIL,RAJASTHAN",1006.0,1006.0,847.05,2021.0,2022.0,21.0,0.0,,1,1.0,0.0
POWER,"TRANSMISSION SYSTEM STRENGTHENING SCHEME FOR EVACUATION OF POWER FROM SOLAR ENERGY ZONES IN RAJASTHA - [N18000331]PGCIL,MULTI STATE",359.47,359.47,121.17,2022.0,2023.0,12.0,0.0,,1,1.0,0.0
POWER,"TRANSMISSION NETWORK EXPANSION IN GUJARAT TO INCREASE ATC FROM ISTS: PART B - [N18000337]PGCIL,MULTI STATE",4546.26,4546.26,1804.25,2022.0,2023.0,15.0,0.0,,1,1.0,0.0
POWER,"WESTERN REGION EXPANSION SCHEME XXV - [N18000350]PGCIL,CHHATTISGA RH",385.84,385.84,36.71,2023.0,2023.0,10.0,0.0,,1,0.0,0.0
POWER,"NORTH EASTERN REGION POWER SYSTEM IMPROVEMENT PROJECT (NERPSIP) FOR SIX (6) STATES - [N18000250]PGCIL,MULTI STATE",5111.33,6700.0,4876.43,2014.0,2018.0,72.0,31.08,,1,4.0,0.31079999999999997
POWER,"COMPREHENSIVE SCHEME FOR THE STRENGHTENING OF THE TRANSMISSION AND DISTRIBUTION SYSTEM IN A P - [N18000249]PGCIL,MULTI STATE",4754.42,9129.32,6453.4,2014.0,2018.0,75.0,92.02,,1,4.0,0.9201999999999999
POWER,"TRANSMISSION SCHEME FOR SOLAR ENERGY ZONE IN ANANTHPURAM (2500MW) AND KURNOOL (1000MW) - [N18000380]PGCIL,ANDHRA PRADESH",1249.0,1249.0,56.94,2023.0,2025.0,6.0,0.0,,1,2.0,0.0
POWER,"OMKARESHWAR FLOATING SOLAR POWER PROJECT (90 MW) - [N18000342]SJVN,MADHYA PRADESH",646.17,646.17,576.82,2022.0,2024.0,2.0,0.0,,1,2.0,0.0
POWER,"Bagodara Solar Power Project - [N18000297]SJVN,GUJARAT",339.35,339.35,330.05,2021.0,2022.0,23.0,0.0,,1,1.0,0.0
POWER,"BUXAR THERMAL POWER PLANT (1320 MW) - [N18000194]SJVN,BIHAR",10439.09,10439.09,9933.89,2019.0,2024.0,11.0,0.0,,1,5.0,0.0
POWER,"BIKANER SOLAR POWER PROJECT - [N18000335]SJVN,MAHARASHTR A",5491.89,5491.89,2653.11,2022.0,2024.0,10.0,0.0,,1,2.0,0.0
POWER,2,4.0,5.0,6.0,,,9.0,10.0,11,1,,0.1
POWER,"TEHRI PUMPED STORAGE PLANT(1000MW) - [N18000010]THDCIL,UTTARAKHA ND",1657.0,4825.6,6484.41,2006.0,2016.0,104.0,191.23,,1,10.0,1.9122999999999999
POWER,"KHURJA SUPER THERMAL POWER PROJECT - [N18000272]THDCIL,UTTAR PRADESH",11089.42,11089.42,10211.36,2019.0,2023.0,13.0,0.0,,1,4.0,0.0
POWER,"VISHNUGAD PIPALKOTI HYDRO ELECTRIC PROJECT - [N18000042]THDCIL,UTTARAKHA ND",2491.58,3860.35,3730.12,2008.0,2013.0,156.0,54.94,"Presently, the works at Project are in progress. However, in PH / TRT area works are going on with controlled blasting.",1,5.0,0.5494
HEALTH AND FAMILY WELFARE,"C/O NEW HOSPITAL BLOCK FOR SREE CHITRA TIRUNAL INSTITIUTE OF MEDICAL SCIENCE AND TECHNOLOGY (SCTIMST - [N28000112]CPWD FOR HEALTH,KERALA",150.29,162.0,88.39,2017.0,2020.0,50.0,7.79,,1,3.0,0.0779
HEALTH AND FAMILY WELFARE,"CONSTRUCTION OF AIIMS AT JAMMU VIJAYPUR, SAMBA JAMMU AND KASHMIR - [N21000029]CPWD FOR HEALTH,JAMMU AND KASHMIR",1404.0,1642.0,1340.12,2019.0,2023.0,9.0,16.95,,1,4.0,0.16949999999999998
HEALTH AND FAMILY WELFARE,"ESTABLISHMENT OF NATIONAL ANIMAL RESOURCE FACILITY FOR BIOMEDICAL RESEARCH AT HYDERABAD - [N28000098]CPWD FOR HEALTH,TELANGANA",209.84,281.06,248.29,2016.0,2020.0,52.0,33.94,,1,4.0,0.3394
HEALTH AND FAMILY WELFARE,"C/O AIIMS AT AWANTIPORA (KASHMIR) JAMMU AND KASHMIR - [N28000150]CPWD FOR HEALTH,JAMMU AND KASHMIR",1828.0,1577.0,995.63,2019.0,2025.0,2.0,0,,1,6.0,0.0
HEALTH AND FAMILY WELFARE,"CONSTRUCTION OF 300 BEDDED HOSPITAL AND TEACHING BLOCK IN DR YS PARMAR GMC AT NAHAN HIMACHAL PRADESH - [N28000127]CPWD FOR HEALTH,HIMACHAL PRADESH",260.0,371.78,46.24,2018.0,2021.0,62.0,42.99,,1,3.0,0.4299
HEALTH AND FAMILY WELFARE,2,4.0,5.0,6.0,,,9.0,10.0,11,1,,0.1
HEALTH AND FAMILY WELFARE,"ALL INDIA INSTITUTE OF MEDICAL SCIENCE AT GUWAHATI, ASSAM - [N21000027]HITES,ASSAM",875.0,860.0,734.5,2017.0,2021.0,39.0,0,,1,4.0,0.0
HEALTH AND FAMILY WELFARE,"COMPREHENSIVE PLANNING, DESIGNING, EXECUTION OF ALL INDIA INSTITUTE OF MEDICAL SCIENCES AT BIBINAGAR - [N21000031]HITES,TELANGANA",1110.55,1110.55,550.42,2018.0,2024.0,3.0,0.0,,1,6.0,0.0
HEALTH AND FAMILY WELFARE,"ALL INDIA INSTITUTE OF MEDICAL SCIENCES AT MANETHI, HARYANA. - [N21000032]HITES,HARYANA",1294.34,1294.34,97.69,2019.0,2023.0,36.0,0.0,,1,4.0,0.0
RAILWAYS,"PUNE-MIRAJ-LONDA (467 KM) - [N22000359]CR,MAHARASHTRA",3627.47,6463.49,3737.52,2015.0,2024.0,3.0,78.18,,1,9.0,0.7818
RAILWAYS,"DAUND - MANMAD (236 KM) - [N22000360]CR,MAHARASHTRA",1876.0,2081.27,2056.27,2016.0,2023.0,21.0,10.94,,1,7.0,0.1094
RAILWAYS,"MANMAD - JALGAON - 3RD LINE (160 KM) - [N22000361]CR,MAHARASHTRA",1035.16,1035.16,1219.08,2016.0,2022.0,33.0,0.0,,1,6.0,0.0
RAILWAYS,"WARDHA-SEWAGRAM NGP 3RD LINE - [N22000250]CR,MAHARASHTRA",540.02,540.02,547.33,2012.0,2022.0,36.0,0.0,,1,10.0,0.0
RAILWAYS,"WARDHA-BALHARSHAH - 3RD LINE (132 KM) - [N22000356]CR,MAHARASHTRA",1272.19,1384.72,1021.24,2015.0,2022.0,36.0,8.85,,1,7.0,0.0885
RAILWAYS,"WARDHA - NAGPUR - 4TH LINE (76 KM) - [N22000362]CR,MAHARASHTRA",637.95,637.95,717.11,2016.0,2023.0,24.0,0.0,,1,7.0,0.0
RAILWAYS,"AHMEDNAGAR-PARLI VAIJNATH(NL) CR - [220100181]CR,MAHARASHTRA",2271.5,4805.17,4072.18,1997.0,2021.0,57.0,111.54,,1,24.0,1.1154000000000002
RAILWAYS,"KALYAN-KASARA 3RD LINE - [N22000233]CR,MAHARASHTRA",792.89,792.89,700.54,2011.0,2021.0,57.0,0.0,,1,10.0,0.0
RAILWAYS,"WARDHA-NANDED MAHARASHTRA - [N22000231]CR,MAHARASHTRA",3168.29,3445.48,2394.71,2008.0,2023.0,45.0,8.75,,1,15.0,0.0875
RAILWAYS,"DHULE (BORVIHIR)-NARDANA (UMBRELLA WORK) - [N22000514]CR,MAHARASHTRA",492.76,492.76,149.6,2019.0,2026.0,9.0,0.0,,1,7.0,0.0
RAILWAYS,"ITARSI-NAGPUR (BAL.) - 3RD LINE (267 KM) - [N22000358]CR,MAHARASHTRA",2449.91,2449.91,1254.93,2015.0,2023.0,48.0,0.0,,1,8.0,0.0
RAILWAYS,2,4.0,5.0,6.0,,,9.0,10.0,11,1,,0.1
RAILWAYS,"KIUL - GAYA DOUBLING PROJECT - [N22000349]ECR,BIHAR",1200.2,1771.07,1615.77,2015.0,2020.0,50.0,47.56,,1,5.0,0.4756
RAILWAYS,"SAGAULI VALMIKINAGAR DOUBLING 109.7 KM - [N22000472]ECR,BIHAR",744.04,1215.54,1254.17,2016.0,2021.0,39.0,63.37,,1,5.0,0.6336999999999999
RAILWAYS,"MUZAFFARPUR SAGAULI DOUBLING 100.60 KM - [N22000473]ECR,BIHAR",731.64,1250.0,1265.86,2016.0,2021.0,39.0,70.85,,1,5.0,0.7084999999999999
RAILWAYS,"GARHWA ROAD - RAIL OVER RAIL - [N22000610]ECR,JHARKHAND",262.71,262.71,176.48,2017.0,2024.0,4.0,0.0,,1,7.0,0.0
RAILWAYS,"KARAILA ROAD - SHAKTINAGAR DOUBLING - [N22000419]ECR,UTTAR PRADESH",528.57,762.97,698.2,2015.0,2019.0,65.0,44.35,,1,4.0,0.4435
RAILWAYS,"RAMNA - SINGRAULI DOUBLING - [N22000417]ECR,UTTAR PRADESH",2436.21,2880.4,2782.71,2015.0,2020.0,54.0,18.23,,1,5.0,0.18230000000000002
RAILWAYS,"RAMPUR DUMRA - TAL - RAJENDRAPUL DOUBLING INCLUDING GANGA BRIDGE - [N22000350]ECR,BIHAR",1491.47,1491.47,1547.72,2015.0,2020.0,60.0,0.0,,1,5.0,0.0
RAILWAYS,"JAYNAGAR-BIJALPURA INCLUDING EXTENSION BIJALPURA-BARDIBAS(NEPAL) GC - [N22000181]ECR,BIHAR",548.0,783.83,543.54,2009.0,2020.0,72.0,43.03,,1,11.0,0.4303
RAILWAYS,"BHADRAK - NERGUNDI 3RD LINE - [N22000316]ECOR,ODISHA",843.04,843.04,994.19,2013.0,2020.0,52.0,0.0,,1,7.0,0.0
RAILWAYS,"BUDHAPANK - SALEGAON VIA RAJATGARH 3RD AND 4TH LINE. - [N22000381]ECOR,ODISHA",1172.92,1172.92,1463.52,2015.0,2018.0,74.0,0.0,,1,3.0,0.0
RAILWAYS,"JARAPADA - BUDHAPANK WITH FLY OVER AT TALCHER ROAD 3RD AND 4TH LINE - [N22000380]ECOR,ODISHA",701.61,810.02,179.43,2015.0,2018.0,76.0,15.45,,1,3.0,0.1545
RAILWAYS,"TALCHER- BIMALAGARH(NL)(ECOR) - [220100328]ECOR,ODISHA",810.78,1928.07,1409.3,2005.0,2021.0,57.0,137.8,,1,16.0,1.3780000000000001
RAILWAYS,"KORAPUT - SINGAPUR ROAD DOUBLING - [N22000379]ECOR,ODISHA",2361.74,2361.74,1401.69,2015.0,2022.0,48.0,0.0,,1,7.0,0.0
RAILWAYS,"KHURDA ROAD- BOLANGIR(NL)ECOR - [220100284]ECOR,ODISHA",2923.13,5089.37,3692.11,1994.0,2009.0,213.0,74.11,,1,15.0,0.7411
RAILWAYS,2,4.0,5.0,6.0,,,9.0,10.0,11,1,,0.1
RAILWAYS,"TARAKESWAR - BISHNUPUR NEW BG LINE (NL), ER - [220100272]ER,WEST BENGAL",1188.91,1619.51,1044.76,2000.0,2019.0,72.0,36.22,"Goghat – Kamarpukur (5.50 KM): In Goghat - Kamarpukur though land has been handed over, but the work has been stopped at about 950M length near “Bhabadighi pond” by local villagers since last 4-5 years. Continuous follow up with Govt of WB has not yielded any substantial output as yet. The matter has been highlighted by GM/ER to Chief Secy Govt of WB vide this office letter No: CAO/CON/W/1574/Pt. VIII dated 03/04.02.2022.",1,19.0,0.36219999999999997
RAILWAYS,"NAHATI - RANAGHAT 3RD LINE (MM OF KALINARAYANPUR - KRISHNANAGAR) - [N22000624]ER,WEST BENGAL",283.54,283.54,154.24,2015.0,2025.0,12.0,0.0,Early land boundary decision: Final decision is to taken early for further course of action to be adopted.,1,10.0,0.0
RAILWAYS,2,4.0,5.0,6.0,,,9.0,10.0,11,1,,0.1
RAILWAYS,"CHITRA - BASUKINATH (38.30 KM) - [N22000531]ER,JHARKHAND",827.89,793.87,183.19,2019.0,2026.0,12.0,0,"MoU for cost sharing has been sent to GoJH by Railway Board vide letter No. 2022/W- II/ER/NL/02/CB(MoU) dated 20.04.22 for approval. GM/ER vide letter dated 15.12.2022 & 06.06.23 has requested Chief Secretary, GoJH for approval of MoU by Govt. of Jharkhand. But till date approval of MoU for cost sharing is awaited. Railway Board has given reminder to State Govt vide letter No. 2022/ W-II/ ER/NL/02/CB (MoU) dated 08.11.2023. This issue was again raised during meeting of Advisor to PM and Chief Secretary, Govt. of Jharkhand on 08.12.2023. Advisor to PM directed the State Govt to take early decision and convey to Rlys. During meeting with Secretary/Transport, Government of Jharkhand on 26.12.23, the issue was raised again. It was informed by Secretary/Transport that no decision has been taken by higher authority. Due to above reasons, the project has been kept on hold.",1,7.0,0.0
RAILWAYS,"PIRPAINTI-JASIDIH - [N22000219]ER,MULTI STATE",915.98,2137.81,789.25,2013.0,2022.0,72.0,133.39,Jharkhand & Bihar Government to expedite land acquisition. Milestones may be set only after physical possession of land.,1,9.0,1.3338999999999999
RAILWAYS,"KHARSIA DHARAMJAIGARH WITH SPUR LINE EAST CORRIDOR-PHASE I - [N22000489]IRCON,CHHATTISGA RH",3055.0,3438.39,2807.27,2013.0,2018.0,75.0,12.55,1-Agitation by Land losers.,1,5.0,0.1255
RAILWAYS,"EXECUTION OF RAIL CONNECTIVITY PROJECT FOR COAL TRANSPORTATION IN ODISHA FOR MCRL - [N22000418]IRCON,ODISHA",5200.0,5200.0,,2016.0,2020.0,69.0,0.0,,1,4.0,0.0
RAILWAYS,2,4.0,5.0,6.0,,,9.0,10.0,11,1,,0.1
RAILWAYS,"EAST WEST METRO CORRIDOR KOLKATA - [N22000628]KOMRCL,WEST BENGAL",4874.58,10442.41,,2009.0,2016.0,93.0,114.22,,1,7.0,1.1421999999999999
RAILWAYS,"EXTENSION OF MRTS FROM VELACHERY TO STN. THOMAS, MTP - [N22000028]MRTP,TAMIL NADU",495.74,734.01,625.57,2006.0,2013.0,135.0,48.06,,1,7.0,0.4806
RAILWAYS,"MUMBAI URBAN TRANSPORT PROJECT IIIA - [N22000627]MRVC,MAHARASHTR A",33690.0,33690.0,846.83,2019.0,2025.0,33.0,0.0,,1,6.0,0.0
RAILWAYS,"GWALIOR-SEOPURKALA WITH EXTENSION TO KOTA (GC) - [N22000148]NCR,MULTI STATE",2912.96,3845.6,1024.32,2011.0,2022.0,33.0,32.02,,1,11.0,0.32020000000000004
RAILWAYS,"JHANSI MANIKPUR AND KHAIRAR BHIMSEN DOUBLING - [N22000495]NCR,UTTAR PRADESH",4329.53,4329.53,60.37,2018.0,2023.0,36.0,0.0,,1,5.0,0.0
RAILWAYS,"BHANDAI - FLYOVER FOR ETAWAH BOUND DOWN TRAINS - [N22000564]NCR,UTTAR PRADESH",187.21,250.17,1.62,2019.0,2025.0,3.0,33.63,,1,6.0,0.33630000000000004
RAILWAYS,"NEW BONGAIGAON-RANGIA- KAMAKGHYA DOUBLING - [N22000183]NFR,MULTI STATE",1798.0,2832.35,2760.4,2013.0,2019.0,63.0,57.53,,1,6.0,0.5753
RAILWAYS,"NEW B.G. LINE FROM ARARIA TO GALGALIA (THAKURGUNG), NEFR - [N22000087]NFR,BIHAR",532.87,4359.32,2522.93,2006.0,2019.0,69.0,718.08,,1,13.0,7.1808000000000005
RAILWAYS,"MURKONGSELEK-PASIGHAT NL - [N22000208]NFR,MULTI STATE",414.84,1220.25,506.04,2011.0,2020.0,60.0,194.15,,1,9.0,1.9415
RAILWAYS,"BHAIRABI SAIRONG, NL, NEFR - [N22000100]NFR,MIZORAM",2393.47,8605.0,7306.77,2008.0,2014.0,136.0,259.52,,1,6.0,2.5951999999999997
RAILWAYS,"NEW LINE FROM DIMAPUR TO ZUBZA(KOHIMA) NATIONAL PROJECT (NEFR) - [N22000124]NFR,NAGALAND",2326.52,6663.0,3390.46,2006.0,2015.0,132.0,186.39,,1,9.0,1.8639
RAILWAYS,"BONGAIGAON-GOALPARA- GUWAHATI (176 KM) - [N22000388]NFR,ASSAM",2232.32,4155.65,3342.93,2015.0,2022.0,48.0,86.16,,1,7.0,0.8615999999999999
RAILWAYS,2,4.0,5.0,6.0,,,9.0,10.0,11,1,,0.1
RAILWAYS,"JIRIBAM TO IMPHAL (TUPUI)(NL)(NEFR) - [220100288]NFR,MANIPUR",4454.17,19602.68,14499.92,2003.0,2011.0,189.0,340.1,,1,8.0,3.4010000000000002
RAILWAYS,"NEW BG LINE FROM BALURGHAT TO HILLY NFR - [N22000206]NFR,MULTI STATE",242.22,1208.73,386.56,2010.0,2020.0,84.0,399.02,,1,10.0,3.9901999999999997
RAILWAYS,"SHAHGANJ-BHATNI-PHEPHNA- INDARA, MAU-SHAHGANJ (EXCL. MAU-INDARA) PATCH DOUBLING. - [N22000470]NER,UTTAR PRADESH",1177.96,1777.39,1730.87,2016.0,2019.0,60.0,50.89,,1,3.0,0.5089
RAILWAYS,"CHHAPRA-BALLIA UP - [N22000134]NER,MULTI STATE",295.0,954.0,958.58,2013.0,2019.0,73.0,223.39,,1,6.0,2.2338999999999998
RAILWAYS,"DOMINGARH - GORAKHPUR - GORAKHPUR CANTT - KUSUMHI - 3RD RUNNING LINE (21.15 KM) - [N22000613]NER,UTTAR PRADESH",186.85,457.68,406.56,2016.0,2024.0,8.0,144.95,,1,8.0,1.4494999999999998
RAILWAYS,"BAHRAICH - NANPARA - NEPALGANJ (56.15 KM) - [N22000566]NER,UTTAR PRADESH",950.0,341.66,8.51,2020.0,2024.0,6.0,0,,1,4.0,0.0
RAILWAYS,"UDHAMPUR-SRINAGAR- BARAMULLA (NL),NR - [220100133]NR,JAMMU AND KASHMIR",2500.0,41931.0,39605.0,1995.0,2002.0,261.0,1577.24,"1. Law & Order issues (close liaison is maintained with State Govt) 2. Due to ban on mining of minor aggregates in UT of J&K wef Nov’ 2019, the works of tunnel and bridges were adversely affected till July 2021 resulting in accumulation of arrears of around 35 Kms.Private E- Auctions for open mining blocks have been finalised by the J&K UT government in July 21.",1,7.0,15.7724
RAILWAYS,"NANGALDAM-TALWARA(NL),NR - [220100188]NR,MULTI STATE",450.0,2017.96,1190.75,1981.0,2012.0,148.0,348.44,,1,31.0,3.4844
RAILWAYS,"CHANDIGARH-BADDI - [N22000467]NR,MULTI STATE",328.14,1540.14,482.67,2007.0,2023.0,27.0,369.35,,1,16.0,3.6935000000000002
RAILWAYS,"MANSA-BHATINDA (PHASE-I), INCL. NEW MATERIAL MODIFICATION FOR RAMA MANDI (RAMAN) - SADA SINGHWALA VI - [N22000502]NR,PUNJAB",404.0,404.0,190.0,2009.0,2016.0,108.0,0.0,,1,7.0,0.0
RAILWAYS,2,4.0,5.0,6.0,,,9.0,10.0,11,1,,0.1
RAILWAYS,"MUMBAI AHMEDABAD HIGH SPEED RAIL PROJECT - [N22000463]NHSRCL,MULTI STATE",108000.0,108000.0,61272.82,2015.0,2023.0,44.0,0.0,,1,8.0,0.0
RAILWAYS,"VIJAYAWADA-GUDUR - [N22000369]RVNL,ANDHRA PRADESH",3246.26,6238.67,5614.6,2015.0,2023.0,12.0,92.18,,1,8.0,0.9218000000000001
RAILWAYS,"VARANASI-MODHOSINGH- ALLAHABAD DOUBLING - [N22000401]RVNL,UTTAR PRADESH",943.6,2018.23,1779.61,2015.0,2022.0,33.0,113.89,,1,7.0,1.1389
RAILWAYS,"MATHURA-JHANSI-3RD LINE (273.80 KM) - [N22000501]RVNL,UTTAR PRADESH",3677.76,5190.26,4969.16,2016.0,2023.0,12.0,41.13,,1,7.0,0.4113
RAILWAYS,"BHATNI - AUNRIHAR WITH ELECTRIFICATION (125 KM) (EXCL INDARA - MAU (116.95 KM)) - [N22000598]RVNL,UTTAR PRADESH",1177.96,2529.46,1574.9,2018.0,2024.0,11.0,114.73,,1,6.0,1.1473
RAILWAYS,"RISHIKESH - KARNAPRAYAG NEW LINE - [N22000406]RVNL,UTTARAKHAN D",16216.0,24659.0,18267.0,2011.0,2024.0,3.0,52.07,,1,13.0,0.5207
RAILWAYS,"NEW WORK FOR CONSTRUCTION OF METRO RAILWAY FROM BARANAGAR TO BARRACKPORE AND DAKSHINESHWAR (MTP) - [N22000109]RVNL,WEST BENGAL NEW WORK FOR CONSTRUCTION OF METRO RAILWAY FROM NSCB AIRPORT TO NEW GARIA VIA RAJARHAT (MTP) - [N22000110]RVNL,WEST BENGAL",2298.42,2733.86,392.84,2010.0,2014.0,141.0,18.95,,1,4.0,0.1895
RAILWAYS,"NEW WORK FOR CONSTRUCTION OF METRO RAILWAY FROM JOKA TO BINOY BADAL DINESH BAGH. - [N22000111]RVNL,WEST BENGAL",2913.51,4834.54,3869.56,2010.0,2016.0,129.0,65.94,,1,6.0,0.6594
RAILWAYS,"HOSPET-HUBLI-LONDA- VASCODAGAMA DL - [N22000297]RVNL,KARNATAKA",2127.0,3692.6,3481.82,2010.0,2023.0,45.0,73.61,,1,13.0,0.7361
RAILWAYS,"VIZIANAGARAM -SAMABALPUR 3RD LINE - [N22000409]RVNL,ODISHA",2335.67,4803.16,4620.71,1991.0,2024.0,24.0,105.64,,1,33.0,1.0564
RAILWAYS,2,4.0,5.0,6.0,,,9.0,10.0,11,1,,0.1
RAILWAYS,"KAZIPET-BALHRSHA - [N22000367]SCR,MULTI STATE",2063.03,2909.0,2461.7,2015.0,2021.0,46.0,41.01,,1,6.0,0.41009999999999996
RAILWAYS,"MANOHARABAD-KOTHPALL NEW LINE(SCR) - [N22000032]SCR,TELANGANA",1160.48,3014.0,1190.58,2006.0,2010.0,180.0,159.72,,1,4.0,1.5972
RAILWAYS,"KAZIPET-VIJAYAWADA 3RD LINE WITH ELECTRIFICATION - [N22000261]SCR,MULTI STATE",1856.95,1952.68,1144.19,2012.0,2023.0,24.0,5.16,,1,11.0,0.0516
RAILWAYS,"GUNTUR-GUNTAKAL - [N22000368]SCR,ANDHRA PRADESH",3631.0,3887.48,2926.55,2016.0,2022.0,45.0,7.06,,1,6.0,0.0706
RAILWAYS,"KOTLPALLI-NARASAPUR (NL) (SCR) - [220100265]SCR,ANDHRA PRADESH",1045.2,2500.98,1141.44,2001.0,2009.0,216.0,139.28,,1,8.0,1.3928
RAILWAYS,"NADIKUDE-SRI KALAHASTI - [N22000286]SCR,ANDHRA PRADESH",2288.7,3122.35,1579.6,2011.0,2021.0,74.0,36.42,,1,10.0,0.3642
RAILWAYS,"JHARSUGUDA-BILASPUR 4TH LINE - [N22000484]SECR,CHHATTISGAR H",1973.0,2135.34,1875.15,2015.0,2021.0,43.0,8.23,,1,6.0,0.0823
RAILWAYS,"RAJNANDGAON - NAGPUR - 3RD LINE (SECR) - [N22000420]SECR,MAHARASHTR A",1908.51,3544.25,2596.2,2016.0,2023.0,21.0,85.71,,1,7.0,0.8571
RAILWAYS,"ANUPPUR-KATNI - [N22000485]SECR,MADHYA PRADESH",1370.0,2311.02,1459.96,2015.0,2021.0,36.0,68.69,,1,6.0,0.6869
RAILWAYS,"WADSA-GADHCHIROLI NEW LINE (52.36 KM) - [N22000480]SECR,MAHARASHTR A",229.0,1886.05,405.86,2018.0,2021.0,60.0,723.6,,1,3.0,7.236000000000001
RAILWAYS,"PURULIA TO KOTSHILA DOUBLING (39.1 KM) - [N22000510]SER,WEST BENGAL",338.0,393.83,139.09,2018.0,2022.0,30.0,16.52,,1,4.0,0.16519999999999999
RAILWAYS,"NARAYANGARH TO BHADRAK 3RD LINE (155 KM) - [N22000506]SER,MULTI STATE",1866.31,1866.31,1490.93,2019.0,2023.0,31.0,0.0,,1,4.0,0.0
RAILWAYS,"BONDAMUNDA RANCHI DOUBLING - [N22000396]SER,JHARKHAND",1724.2,3029.04,2022.68,2016.0,2021.0,63.0,75.68,,1,5.0,0.7568
RAILWAYS,"LODHMA TO PISKA LINK LINE BY PASSING HATIA/RANCHI WITH Y CONNECTION (17.2 KM) - [N22000508]SER,JHARKHAND",428.65,472.5,265.82,2018.0,2022.0,48.0,10.23,,1,4.0,0.1023
RAILWAYS,2,4.0,5.0,6.0,,,9.0,10.0,11,1,,0.1
RAILWAYS,"HOTGI-KUDGI-GADAG - [N22000333]SWR,MULTI STATE",1614.59,2458.87,2243.71,2015.0,2019.0,75.0,52.29,,1,4.0,0.5229
RAILWAYS,"BANGALORE-WHITEFIELD- BANGALORE CITY- KRISHNARAJAPURAM QUADRUPLING - [N22000621]SWR,KARNATAKA",492.87,492.87,54.03,2018.0,2025.0,3.0,0.0,,1,7.0,0.0
RAILWAYS,"KADUR CHIKMAGALUR SAKLESHPUR NEW LINE (93 KM) - [N22000486]SWR,KARNATAKA",644.78,825.31,564.07,1996.0,2017.0,105.0,28.0,,1,21.0,0.28
RAILWAYS,"MARIKUPPAM - KUPPAM - [N22000308]SWR,KARNATAKA",279.54,296.72,89.12,2012.0,2016.0,123.0,6.15,"Out of 255.23 acres of land in Andhra Pradesh, GoAP has handed over 185.46 acres of land. Balance 70 acres of land to be handed over by GoAP to Railways.",1,4.0,0.061500000000000006
RAILWAYS,"BAGALKOT-KUDACHI NL - [N22000258]SWR,KARNATAKA",986.3,1649.31,502.0,2010.0,2016.0,129.0,67.22,"Out of 2524.77 acres of land, 2435.44 acres of land has been handed over by GOK. For balance 89.33 acres of land acquisition by GOK is in progress as land to be given free by GOK.",1,6.0,0.6722
RAILWAYS,"MALUGUR-PALASAMUDRAM (17.98 KM) (PB#29/NR/2022-23) - [N22000556]SWR,ANDHRA PRADESH",323.14,342.41,39.46,2022.0,2025.0,12.0,5.96,,1,3.0,0.0596
RAILWAYS,"GADAG-WADI NL - [N22000299]SWR,KARNATAKA",2841.84,2841.84,1041.27,2013.0,2018.0,99.0,0.0,"Out of 4142.35 acres of land, 3984.27 acres of land has been handed over by GoK. For balance 158.06 acres, land acquisition by GoK is in progress as land to be given free by GoK.",1,5.0,0.0
RAILWAYS,"BELGAUM-DHARWAD VIA KITTUR (73.10 KM) (UMBRELLA WORK PB#22/2019-20/NR) - [N22000557]SWR,KARNATAKA",1590.8,927.42,0.22,2020.0,2026.0,21.0,0,Land requisition for 888.3 acres has been submitted to GoK and the same is yet to be handed over.,1,6.0,0.0
RAILWAYS,"SHIMOGA-HARIHAR NL - [N22000278]SWR,KARNATAKA",832.47,832.47,0.94,2011.0,2016.0,177.0,0.0,"GoK have not initiated land acquisition process, although requisition to acquire land for 1205.87 acres has been submitted by the Railways in the year 2013 & GoK have not released any funds to concerned DCs for this purpose. Hence work could not be commenced till date.",1,5.0,0.0
RAILWAYS,2,4.0,5.0,6.0,,,9.0,10.0,11,1,,0.1
RAILWAYS,"WHITEFIELD-KOLAR (52.9 KM) - [N22000560]SWR,KARNATAKA",162.13,348.85,0.36,2011.0,2028.0,32.0,115.17,"Total land required 336.68 Ha, Land required in Bangalore Rural dist : 137.80 Ha, Land required in Kolar dist : 198.88 Ha, Govt. of Karnataka is yet to initiate land acquisition proceedings although requisition to acquire land has been submitted by Railways during the year 2013 itself. But GoK has not yet handed over the land and hence work could not be commenced.",1,17.0,1.1517
RAILWAYS,"Chinnasalem-Kallakurichi New Line (MM of cuddalore- Salem 191 KM) - [N22000567]SR,TAMIL NADU",417.5,419.44,191.46,2006.0,2025.0,9.0,0.46,,1,19.0,0.0046
RAILWAYS,"KUMBALAM-THURAVUR - PATCH DOUBLING (15.59 KM) - [N22000620]SR,KERALA",812.85,802.8,258.21,2011.0,2023.0,37.0,0,,1,12.0,0.0
RAILWAYS,"MAYLADUTHURAI-THIRUVARUR- KARAIKUDI-THIRU 'PONDI'- AGASTIYAMPALLI - [N22000079]SR,TAMIL NADU",724.69,3118.34,1917.34,2007.0,2019.0,97.0,330.3,,1,12.0,3.303
RAILWAYS,"NAGAPATTINAM- THIRUTURAIPUNDI VIA THIRUKUVALAI NEW LINE (MM OF TIRUCHCHIRAPPALLI- NAGORE-KARAIKAL) - [N22000626]SR,TAMIL NADU",677.12,788.05,165.0,2008.0,2026.0,12.0,16.38,,1,18.0,0.1638
RAILWAYS,"MADURAI-TUTICORIN VIA ARUPPUKKOTTAI - [N22000215]SR,MULTI STATE",120.7,2053.39,334.97,2011.0,2019.0,105.0,1601.23,,1,8.0,16.0123
RAILWAYS,"KATNI-BINA 3RD LINE (263 KM) - [N22000415]WCR,MADHYA PRADESH",2478.23,2938.0,1279.35,2016.0,2022.0,27.0,18.55,,1,6.0,0.1855
RAILWAYS,"KATNI GRADE SEPARATOR/BYE PASS - [N22000416]WCR,MADHYA PRADESH",582.13,1247.64,1080.04,2016.0,2022.0,30.0,114.32,,1,6.0,1.1432
RAILWAYS,"KATNI - SINGRAULI DOUBLING PROJECT - [N22000351]WCR,MADHYA PRADESH",1763.93,2445.3,2830.45,2015.0,2020.0,55.0,38.63,,1,5.0,0.38630000000000003
RAILWAYS,"LALITPUR-SATNA-REWA- SINGRULI NL, (NCR) - [220100232]WCR,MULTI STATE",247.66,8248.5,2500.34,1998.0,2008.0,202.0,3230.57,,1,10.0,32.3057
RAILWAYS,2,4.0,5.0,6.0,,,9.0,10.0,11,1,,0.1
RAILWAYS,"RAMGANJMUNDI-BHOPAL (NL),WCR - [220100314]WCR,MADHYA PRADESH",424.6,5125.16,2596.43,2001.0,2021.0,57.0,1107.06,,1,20.0,11.070599999999999
RAILWAYS,"ANAND GODHRA DOUBLING PROJECT 79 KMS - [N22000504]WR,GUJARAT",692.25,692.26,384.31,2017.0,2020.0,57.0,0.0,,1,3.0,0.0
RAILWAYS,"MEHSANA PALANPUR DOUBLING PROJECT 65.10 KMS - [N22000505]WR,GUJARAT",537.31,537.31,564.48,2018.0,2024.0,9.0,0.0,,1,6.0,0.0
RAILWAYS,"RATLAM-MHOW-KHANDWA- AKOLA (GC) - [N22000120]WR,MADHYA PRADESH",3503.69,6203.51,3510.08,2008.0,2022.0,48.0,77.06,,1,14.0,0.7706000000000001
RAILWAYS,"NIMACH BADI SADRI NEW LINE PROJECT - [N22000503]WR,MADHYA PRADESH",495.18,495.18,122.92,2017.0,2022.0,48.0,0.0,,1,5.0,0.0
RAILWAYS,"BHUJ-NALIYA(GC) WITH EXTENSION FROM NALIYA TO VAYOR (WR) - [N22000123]WR,GUJARAT",318.24,1531.55,748.79,2008.0,2012.0,174.0,381.26,,1,4.0,3.8125999999999998
RAILWAYS,"CHOTTAUDEPUR-DHAR(NL) - [N22000138]WR,MULTI STATE",1347.26,1793.63,1395.03,2007.0,2022.0,57.0,33.13,,1,15.0,0.33130000000000004
RAILWAYS,"DAHOD-INDORE VIA SARDARPUR, JHABUA AND DHAR (NL) - [N22000139]WR,MULTI STATE",1640.04,2873.11,1726.34,2007.0,2022.0,71.0,75.19,,1,15.0,0.7519
ROAD TRANSPORT AND HIGHWAYS,"REHABILITATION AND UPGRADATION TO 2 LANE WITH PAVED SHOULDER FROM EXISTING CHAINAGE KM 64.535 TO K - [N24001901]BRO,JAMMU AND KASHMIR",152.93,152.93,95.46,2020.0,2023.0,9.0,0.0,,1,3.0,0.0
ROAD TRANSPORT AND HIGHWAYS,"REHABILITATION AND UPGRADATION OF EXISTING NH- 565 FROM KM.86.057 TO 133.922 OF NAGARJUNASAGAR DAM T - [N24000282]MoRTH,ANDHRA PRADESH",195.45,385.97,294.95,2014.0,2014.0,114.0,97.48,,1,0.0,0.9748
ROAD TRANSPORT AND HIGHWAYS,2,4.0,5.0,6.0,,,9.0,10.0,11,1,,0.1
ROAD TRANSPORT AND HIGHWAYS,"WIDENING EXISTING 2 LANE TO 4 LANE WITH PAVED SHOULDER INCLUDING STRENGTHENING CARRIAGEWAY FROM KM 8 - [N24001380]MoRTH,TAMIL NADU",302.62,345.62,324.68,2020.0,2021.0,39.0,14.21,,1,1.0,0.1421
ROAD TRANSPORT AND HIGHWAYS,"2L+PS FROM KM 148/170 TO 211 /100 (DEVAL- DUNGARPUR- HIRATA - VARDA-SAGWARA) SECTION OF NH-927A. PKG- - [N24001413]MoRTH,RAJASTHAN",240.99,240.99,233.39,2021.0,2024.0,4.0,0.0,,1,3.0,0.0
ROAD TRANSPORT AND HIGHWAYS,"CONSTRUCTION OF FOUR-LANE ELEVATED VIADUCT FROM KM.4+634 TO KM.6+345 ON NH- 24A INCLUDING RETAINING W - [N24001424]MoRTH,UTTAR PRADESH",185.09,185.09,239.02,2021.0,2023.0,8.0,0.0,,1,2.0,0.0
ROAD TRANSPORT AND HIGHWAYS,"UP-GRADATION OF TIRORA- GONDIA, STATE HIGHWAY FROM EXISTING KM 163+213 (ON SH- 335, TIRORA) TO KM 191+ - [N24001888]MoRTH,MAHARASHT RA",288.14,288.14,63.01,2021.0,2023.0,13.0,0.0,,1,2.0,0.0
ROAD TRANSPORT AND HIGHWAYS,"BALANCE WORK OF CONTSRUCTION OF TWO/FOUR LANE WITH PAVED SHOULDER FROM KM. 54.370 TO KM. 101.400 (BI - [N24001936]MoRTH,KARNATAKA",344.79,344.79,,2021.0,2023.0,14.0,0.0,,1,2.0,0.0
ROAD TRANSPORT AND HIGHWAYS,"CONSTRUCTION OF RING ROAD FOR RAEBARELI CITY (PHASE - I) ON EASTERN SIDE OF NH 24B - [N24000331]MoRTH,UTTAR PRADESH",282.41,319.96,269.08,2019.0,2022.0,26.0,13.3,,1,3.0,0.133
ROAD TRANSPORT AND HIGHWAYS,"REHABILITATION AND UPGRADING TO 2 LANES/2 LANE WITH PAVED SHOULDERS (KM 40 TO KM 219.945) OF NH-104 - [N24000531]MoRTH,BIHAR",319.68,503.28,430.14,1991.0,2008.0,187.0,57.43,,1,17.0,0.5743
ROAD TRANSPORT AND HIGHWAYS,"CONSTRUCTION OF REHABILITATION AND UPGRADING TO 2 LANES/2 LANE(FOR LOT-I-KM 40.00 TO KM 65.400 AND K - [N24000576]MoRTH,BIHAR",178.85,278.54,232.61,2016.0,2016.0,97.0,55.74,,1,0.0,0.5574
ROAD TRANSPORT AND HIGHWAYS,"PROCUREMENT, AND CONSTRUCTION OF REHABILITATION AND UPGRADING TO 2 LANES/2 LANE(FOR LOT-III-KM 156.5 - [N24000578]MoRTH,BIHAR",553.3,706.39,604.73,2016.0,2016.0,97.0,27.67,,1,0.0,0.2767
ROAD TRANSPORT AND HIGHWAYS,2,4.0,5.0,6.0,,,9.0,10.0,11,1,,0.1
ROAD TRANSPORT AND HIGHWAYS,"UPGRADATION OF NH-81 WITH A MINIMUM OF 2-LANE WITH PAVED SHOULDER CONFIGURATION STARTING FROM KM 19. - [N24000880]MoRTH,WEST BENGAL",426.18,426.18,359.28,2018.0,2020.0,45.0,0.0,,1,2.0,0.0
ROAD TRANSPORT AND HIGHWAYS,"DEVELOPMENT OF 4-LANING SECTION OF NH-31 FROM KM 551.36 (GHOSHPUKUR) TO KM 563.26 (BIHAR MORE, BAGDO - [N24000883]MoRTH,WEST BENGAL",254.3,254.3,197.33,2018.0,2020.0,44.0,0.0,,1,2.0,0.0
ROAD TRANSPORT AND HIGHWAYS,"CONSTRUCTION OF ROB AND ITS APPROACHES IN LIEU OF UNMANNED LEVEL CROSSING AT KM 303.9 ON NH-60 (PAND - [N24000885]MoRTH,WEST BENGAL",160.27,213.97,144.31,2016.0,2023.0,9.0,33.51,,1,7.0,0.33509999999999995
ROAD TRANSPORT AND HIGHWAYS,"REHABILITATION AND UP GRADATION TO 2 LANE WITH PAVED SHOULDER OF NH-703A FROM MAKHU (DESIGN CH 0 000 - [N24000910]MoRTH,PUNJAB",170.57,150.0,104.98,2018.0,2020.0,43.0,0,,1,2.0,0.0
ROAD TRANSPORT AND HIGHWAYS,"WIDENING TO 2 LANE WITH PAVED SHOULDERS AND GEOMETRIC IMPROVEMENT OF NH-114A FROM KM 141 TO KM 184 I - [N24001216]MoRTH,JHARKHAND",196.0,196.0,163.97,2016.0,2021.0,33.0,0.0,,1,5.0,0.0
ROAD TRANSPORT AND HIGHWAYS,"REHABILITATION AND UPGRADATION OF NH 111 FROM KM 163.400 TO 215.800 SHIVNAGAR TO AMBIKAPUR SECTION - [N24001218]MoRTH,CHHATTISGA RH",335.32,335.32,345.35,2015.0,2017.0,84.0,0.0,,1,2.0,0.0
ROAD TRANSPORT AND HIGHWAYS,"REHABILITATION AND UPGRADATION OF NH 200 FROM KM 178.944 TO 241.553 BANARI VILLAGE TO MASANIA KALA V - [N24001219]MoRTH,CHHATTISGA RH",476.2,543.73,501.42,2016.0,2016.0,93.0,14.18,,1,0.0,0.1418
ROAD TRANSPORT AND HIGHWAYS,"REHABILITATION AND UPGRADATION OF NH 78 FROM KM 373.505 TO 469.300 AMBIKAPUR TO PATHALGAON SECTION - [N24001221]MoRTH,CHHATTISGA RH",624.98,731.5,601.11,2016.0,2016.0,92.0,17.04,,1,0.0,0.1704
ROAD TRANSPORT AND HIGHWAYS,2,4.0,5.0,6.0,,,9.0,10.0,11,1,,0.1
ROAD TRANSPORT AND HIGHWAYS,"CONSTRUCTION OF 4 NOS GRADE SEPARATOR BETWEEN KM. 281.000 TO KM 307.600 KM. 286.400 KUMHARI KM. 299. - [N24001227]MoRTH,CHHATTISGA RH",349.03,349.03,314.18,2018.0,2019.0,65.0,0.0,,1,1.0,0.0
ROAD TRANSPORT AND HIGHWAYS,"UPGRADATION AND WIDENING OF BILASPUR TO MUNGELI SECTION NH-130A - [N24001228]MoRTH,CHHATTISGA RH",188.8,188.8,136.81,2017.0,2019.0,61.0,0.0,,1,2.0,0.0
ROAD TRANSPORT AND HIGHWAYS,"4L+PS OF NH -58 FROM BEAWAR-GOMTI (OLD CH KM 58.245 TO KM. 108.600) PKG-I. - [N24001411]MoRTH,RAJASTHAN",379.23,379.23,227.12,2020.0,2023.0,8.0,0.0,,1,3.0,0.0
ROAD TRANSPORT AND HIGHWAYS,"4L+PS OF NH -58 FROM BEAWAR-GOMTI (OLD CH KM 108.600 TO KM 144 KM 158.419 TO KM 173.300 PKG-II. - [N24001412]MoRTH,RAJASTHAN",339.65,339.65,207.23,2020.0,2023.0,8.0,0.0,,1,3.0,0.0
ROAD TRANSPORT AND HIGHWAYS,"REPANPALLI TO SIRONCHA - [N24001468]MoRTH,MAHARASHT RA",282.07,282.07,34.65,2022.0,2022.0,24.0,0.0,,1,0.0,0.0
ROAD TRANSPORT AND HIGHWAYS,"UPGRADATION OF NH 930 JHALMALA TO SHERPER FROM NH KM 30.600 TO KM 67.800 TO TWOFOUR LANE WITH PAVED - [N24001918]MoRTH,CHHATTISGA RH",222.86,222.86,168.63,2020.0,2023.0,10.0,0.0,,1,3.0,0.0
ROAD TRANSPORT AND HIGHWAYS,"UP GRADATION OF NH 130C ABHANPUR TO PAUND FROM NK KM 0.000 TO KM. 40.380 TO TWO LANE WITH PAVED SHOU - [N24001919]MoRTH,CHHATTISGA RH",193.16,193.16,73.28,2020.0,2023.0,9.0,0.0,,1,3.0,0.0
ROAD TRANSPORT AND HIGHWAYS,"WIDENING TO 2-LANE WITH PAVED SHOULDER FROM KM 0.00 TO 44.00 (KURU-GHAGHRA SECTION) OF NH-143A INCLU - [N24001922]MoRTH,JHARKHAND",153.01,153.01,83.6,2020.0,2023.0,10.0,0.0,,1,3.0,0.0
ROAD TRANSPORT AND HIGHWAYS,"CONSTRUCTION OF TWINS 2- LANE ROB AND ITS APPROACHES IN REPLACEMENT OF EXISTING LEVEL CROSSING GATE N - [N24000887]MoRTH,WEST BENGAL",236.78,263.26,211.51,2016.0,2021.0,34.0,11.18,,1,5.0,0.1118
ROAD TRANSPORT AND HIGHWAYS,"WIDENING AND PAVED SHOULDER OF TOHANA (IN HARYANA) PUNJAB/HARYANA BORDER TO MOONAK-JAKHAL- BUDHLADA - [N24000907]MoRTH,PUNJAB",293.1,315.0,306.6,2018.0,2020.0,47.0,7.47,,1,2.0,0.0747
ROAD TRANSPORT AND HIGHWAYS,2,4.0,5.0,6.0,,,9.0,10.0,11,1,,0.1
ROAD TRANSPORT AND HIGHWAYS,"WIDENING TO 2LPS FROM 0/0 TO 119/0 OF NH-157 IN THE STATE OF ODISHA. - [N24000912]MoRTH,ODISHA",287.7,287.7,272.95,2016.0,2017.0,89.0,0.0,,1,1.0,0.0
ROAD TRANSPORT AND HIGHWAYS,"WIDENING TO 2LPS FROM 239/9 TO 294/3 OF NH-57 (NAYAGARH TO KHURDA) IN THE STATE OF ODISHA - [N24000914]MoRTH,ODISHA",223.5,223.5,220.5,2016.0,2018.0,71.0,0.0,,1,2.0,0.0
ROAD TRANSPORT AND HIGHWAYS,"IMPROVEMENTS AND RECONSTRUCTION TO TWO LANE WITH PAVED SHOULDERS FROM KM 243.20 TO KM 290.20 OF NH - [N24001157]MoRTH,KARNATAKA",175.5,241.6,178.73,2016.0,2017.0,89.0,37.66,,1,1.0,0.3766
ROAD TRANSPORT AND HIGHWAYS,"REHABILITATION AND UPGRADATION OF NH 78 FROM KM 469.000 TO 531.000 PATTHALGAON TO KUNKURI - [N24001222]MoRTH,CHHATTISGA RH",452.94,435.61,275.36,2016.0,2016.0,96.0,0,,1,0.0,0.0
ROAD TRANSPORT AND HIGHWAYS,"WIDENING TO EXISTING SINGRE/INTERMEDIATE RANE TO 2 LANE FROM KM 135 TO KM 147 AND FROM KM 156.00 TO - [N24001467]MoRTH,NAGALAND",226.44,226.44,103.34,2021.0,2024.0,5.0,0.0,,1,3.0,0.0
ROAD TRANSPORT AND HIGHWAYS,"SHEWALI (SAKRI) - NANDURBAR - [N24001893]MoRTH,MAHARASHT RA",232.59,232.59,97.7,2022.0,2024.0,3.0,0.0,,1,2.0,0.0
ROAD TRANSPORT AND HIGHWAYS,"WIDENING TO INTERMEDIATE/TWO LANE TO 2 LANE WITH PAVED SHOULDER FROM EXISTING CHANAGES KM 112.750 TO - [N24001944]MoRTH,KARNATAKA",255.88,255.88,60.99,2023.0,2024.0,1.0,0.0,,1,1.0,0.0
ROAD TRANSPORT AND HIGHWAYS,"REHABILITATION AND UPGRADING TO 2 LANES/2 LANE WITH PAVED SHOULDERS CONFIGURATION OF BIRPUR - BIHPUR - [N24000382]MoRTH,BIHAR",675.0,780.77,616.26,1991.0,2019.0,66.0,15.67,,1,28.0,0.1567
ROAD TRANSPORT AND HIGHWAYS,"FOUR LANING OF GAYA-HISUA- RAJGIRI-NALANDA- BIHARSHARIF SECTION (KM0.00 TO 92.935) ON NH-82 IN BIHAR - [N24000579]MoRTH,BIHAR",1408.85,2138.16,1687.62,2014.0,2016.0,94.0,51.77,,1,2.0,0.5177
ROAD TRANSPORT AND HIGHWAYS,"WIDENING TO 2LPS FROM 269/30 TO 328/20 OF NH-49 IN THE STATE OF ODISHA - [N24000917]MoRTH,ODISHA",199.16,199.16,155.1,2018.0,2018.0,72.0,0.0,,1,0.0,0.0
ROAD TRANSPORT AND HIGHWAYS,2,4.0,5.0,6.0,,,9.0,10.0,11,1,,0.1
ROAD TRANSPORT AND HIGHWAYS,"WIDEINING TO TWO/FOUR LANE WITH PAVED SHOULDERS FROM EXISTING KM 182.120 TO KM 227.600 OF NH-167 ON - [N24000980]MoRTH,TELANGANA",298.32,298.32,178.47,2016.0,2019.0,66.0,0.0,,1,3.0,0.0
ROAD TRANSPORT AND HIGHWAYS,"WIDEINING TO TWO/FOUR LANE WITH PAVED SHOULDERS FROM EXISTING KM 180.60 TO KM 223.00 OF NH-63 ON NIZ - [N24000981]MoRTH,TELANGANA",248.83,248.83,173.82,2016.0,2019.0,65.0,0.0,,1,3.0,0.0
ROAD TRANSPORT AND HIGHWAYS,"6 LANING FROM KM 9.90 TO KM 19.948 (ARAMGARH- SAMSHABAD SECTION) OF HYDERABAD-SAMSHABAD SECTION OF NH - [N24000987]MoRTH,TELANGANA",283.15,283.15,278.69,2018.0,2020.0,51.0,0.0,,1,2.0,0.0
ROAD TRANSPORT AND HIGHWAYS,"REHABILITATION AND UP GRADATION FROM KM. 121/0 TO 154/0 OF NAKAREKAL – MALLAMPALLY SECTION OF NH- 365 - [N24000997]MoRTH,TELANGANA",192.67,192.67,176.37,2018.0,2019.0,61.0,0.0,,1,1.0,0.0
ROAD TRANSPORT AND HIGHWAYS,"KOLHA TO NASRATPUR - [N24001111]MoRTH,MAHARASHT RA",281.78,281.78,77.83,2016.0,2019.0,64.0,0.0,,1,3.0,0.0
ROAD TRANSPORT AND HIGHWAYS,"CONSTRUCTION OF 6 LANE BRIDGE ON GANGA ON NH-96 AND ITS APPROACHES IN PHAPHAMAU ALLAHABAD ON EPC MOD - [N24001421]MoRTH,UTTAR PRADESH",1948.25,1948.25,889.53,2018.0,2024.0,6.0,0.0,,1,6.0,0.0
ROAD TRANSPORT AND HIGHWAYS,"REHABILITATION AND UPGRADATION OF NONGSTOIN TO WAHKAJI SECTION OF PROJECT ROAD KM 0.000 TO KM 43.06 - [N24001441]MoRTH,MEGHALAYA",302.88,302.88,186.39,2020.0,2022.0,30.0,0.0,,1,2.0,0.0
ROAD TRANSPORT AND HIGHWAYS,"REHABILITATION AND UPGRADATION TO 2 LANE WITH PS OF RADHAITA TO PILIBHIT SECTION OF 46.130 KM - [N24001456]MoRTH,UTTAR PRADESH",199.39,199.39,139.08,2020.0,2024.0,6.0,0.0,,1,4.0,0.0
ROAD TRANSPORT AND HIGHWAYS,"PROJECTS- REHABILITATION AND UPGRADATION OF NH-731A FROM KM 0.00 TO KM.35.00 - [N24001464]MoRTH,UTTAR PRADESH",264.86,264.86,97.42,2021.0,2023.0,12.0,0.0,,1,2.0,0.0
ROAD TRANSPORT AND HIGHWAYS,2,4.0,5.0,6.0,,,9.0,10.0,11,1,,0.1
ROAD TRANSPORT AND HIGHWAYS,"WIDENING AND STRENGTHENING FROM KM 0.00 TO KM 15.089 OF NH-334A (PURKAJI-LAKSAR-HARIDWAR ROAD) TO TW - [N24001480]MoRTH,UTTAR PRADESH",227.06,227.06,89.25,2021.0,2024.0,4.0,0.0,,1,3.0,0.0
ROAD TRANSPORT AND HIGHWAYS,"WIDENING AND STRENGTHENING OF EXISTING 2 LANE WITH PAVED SHOULDER TO 4 LANE WITH PAVED SHOULDER FRO - [N24002000]MoRTH,TELANGANA",317.19,317.19,162.21,2021.0,2024.0,1.0,0.0,,1,3.0,0.0
ROAD TRANSPORT AND HIGHWAYS,"CONSTRUCTION OF MISSING LINKS (SINGLE LANE) IN LAKHPAT GADULI HAJIPIR ODMA KHAVDA DHOLAVIRA MAUVANA - [N24000925]MoRTH,GUJARAT",400.76,394.44,287.39,2018.0,2020.0,46.0,0,"Delayed due to Land Acquisition, Forest clearance & COVID-19",1,2.0,0.0
ROAD TRANSPORT AND HIGHWAYS,"4L+PS OF RAS-BEAWAR SECTION (KM 0.00 TO KM 30.00) OF NH-158 (GNHCP) WORLD BANK. PKG-I. - [N24001409]MoRTH,RAJASTHAN",319.09,319.09,133.67,2020.0,2024.0,6.0,0.0,,1,4.0,0.0
ROAD TRANSPORT AND HIGHWAYS,"CONSTRUCTION OF ROB WITH APPROACHES IN LIEU OF L C NO 165 OF AHMEDABAD PALANPUR BETWEEN RAILWAY STAT - [N24001427]MoRTH,GUJARAT",166.21,166.21,98.65,2020.0,2023.0,17.0,0.0,,1,3.0,0.0
ROAD TRANSPORT AND HIGHWAYS,"MOPA AIRPORT - [N24001458]MoRTH,GOA",1183.16,1183.16,1106.3,2021.0,2022.0,29.0,0.0,,1,1.0,0.0
ROAD TRANSPORT AND HIGHWAYS,"CONSTRUCTION OF NEW ROAD AT THE MISSING LINK PORTION OF NH-81 ALONG THE APPROVED ALIGNMENT BETWEEN H - [N24000874]MoRTH,WEST BENGAL",271.17,291.2,175.0,2016.0,2018.0,71.0,7.39,,1,2.0,0.0739
ROAD TRANSPORT AND HIGHWAYS,"CONSTRUCTION OF 4 LANE WITH PAVED SHOULDERS THIRUVAYARU BYPASS IN BETWEEN EXISTING KM.55/926 TO 62/6 - [N24001455]MoRTH,TAMIL NADU",191.33,191.33,118.15,2022.0,2022.0,26.0,0.0,,1,0.0,0.0
ROAD TRANSPORT AND HIGHWAYS,"CONSTRUCTION OF TWO LANE WITH PAVED SHOULDER FROM KM.0 TO KM. 80 ON NH 548B (VIJAYAPURA-SANKESWAR SE - [N24002013]MoRTH,KARNATAKA",766.64,766.64,,2021.0,2022.0,32.0,0.0,,1,1.0,0.0
ROAD TRANSPORT AND HIGHWAYS,2,4.0,5.0,6.0,,,9.0,10.0,11,1,,0.1
ROAD TRANSPORT AND HIGHWAYS,"CONSTRUCTION OF MAJOR BRIDGE AT KM 180.865 ACROSS RIVER KRISHNA ON NH-167 HAGARI – JADERCELA SECTION - [N24001173]MoRTH,KARNATAKA",157.32,187.61,43.16,2017.0,2019.0,66.0,19.25,,1,2.0,0.1925
ROAD TRANSPORT AND HIGHWAYS,"CONSTRUCTION OF MAJOR BRIDGE ACROSS SHARAVATHI BACKWATERS AND APPROCHES BETWEEN AMBARGODU AND KALASA - [N24001388]MoRTH,KARNATAKA",423.15,423.15,268.97,2019.0,2019.0,59.0,0.0,,1,0.0,0.0
ROAD TRANSPORT AND HIGHWAYS,"CONSTRUCTION OF BYPASS ON NH-59 FROM KM 336/350 TO 349/910 (13.56 KM) NEAR BERHAMPUR TOWN INCLUDING - [N24001859]MoRTH,ODISHA",196.94,196.94,60.97,2021.0,2024.0,8.0,0.0,,1,3.0,0.0
ROAD TRANSPORT AND HIGHWAYS,"CONSTRUCTION OF 5 HL BRIDGES AT KM 379/000 (PANGAM), KM 439/400 (POTTERU), KM 444/237 (KONGURUKONDA) - [N24001863]MoRTH,ODISHA",154.05,154.05,33.45,2021.0,2024.0,5.0,0.0,,1,3.0,0.0
ROAD TRANSPORT AND HIGHWAYS,"UP GRADATION OF NH 930 SHERPAR TO KOHKA FROM KM 67.880 TO KM 114.860 TO TWO LANE WITH PAVED SHOULDER - [N24001917]MoRTH,CHHATTISGA RH",278.97,278.97,147.87,2020.0,2024.0,6.0,0.0,,1,4.0,0.0
ROAD TRANSPORT AND HIGHWAYS,"WIDENING TO TWO LANE WITH PAVED SHOULDERS FROM KM. 33.13 TO KM. 40.23 AND KM. 52.00 TO KM. 71.00 (EX - [N24001943]MoRTH,KARNATAKA",172.98,172.98,,2022.0,2024.0,8.0,0.0,,1,2.0,0.0
ROAD TRANSPORT AND HIGHWAYS,"UMARIYA TO SHAHDOL SECTION OF NH-78 IN MADYA PRADESH KM 68/4 TO 142/200 - [N24000513]MoRTH,MADHYA PRADESH",511.83,511.83,485.18,2015.0,2017.0,88.0,0.0,,1,2.0,0.0
ROAD TRANSPORT AND HIGHWAYS,"KANTE TO WAKED - [N24001134]MoRTH,MAHARASHT RA",1230.02,1230.02,791.8,2016.0,2019.0,61.0,0.0,,1,3.0,0.0
ROAD TRANSPORT AND HIGHWAYS,"REHABILITATION AND UPGRADATION OF NH 43 KANKER TO BEDMA SECTION KM. 130 TO 180 - [N24001217]MoRTH,CHHATTISGA RH",497.14,572.66,351.76,2016.0,2016.0,100.0,15.19,,1,0.0,0.1519
ROAD TRANSPORT AND HIGHWAYS,2,4.0,5.0,6.0,,,9.0,10.0,11,1,,0.1
ROAD TRANSPORT AND HIGHWAYS,"UP-GRADATION TO TWO LANING WITH PAVED SHOULDER OF AJMER-NAGAUR SECTION BY EXECUTING BALANCE WORK FRO - [N24001241]MoRTH,RAJASTHAN",255.23,255.23,250.0,2020.0,2022.0,26.0,0.0,,1,2.0,0.0
ROAD TRANSPORT AND HIGHWAYS,"CONSTRUCTION OF BYPASS FOR PROVIDING INTER CONNECTIVITY AMONG (NHS) AROUND THE PRATAPGARH CITY (PRAT - [N24001423]MoRTH,UTTAR PRADESH",309.48,309.48,112.76,2021.0,2023.0,15.0,0.0,,1,2.0,0.0
ROAD TRANSPORT AND HIGHWAYS,"2-LANE WITH PS OF BEWAR TO NEAR KARRI VILLAGE SECTION OF NH-92 FROM KM.0.00 TO 30.00 UNDER GNHCP - [N24001461]MoRTH,UTTAR PRADESH",236.47,236.47,117.56,2020.0,2024.0,9.0,0.0,,1,4.0,0.0
ROAD TRANSPORT AND HIGHWAYS,"2-LANE WITH PS OF NEAR KARRI VILLAGE TO ETAWAH SECTION OF NH-92 FROM KM.30.000 TO 57.346 UNDER GNHCP - [N24001462]MoRTH,UTTAR PRADESH",211.09,211.09,92.79,2020.0,2024.0,5.0,0.0,,1,4.0,0.0
ROAD TRANSPORT AND HIGHWAYS,"IMPROVEMENT AND UPGRADATION TO TWO LANE WITH PAVED SHOULDER CONFIGURATION FROM EXISTING KM 55.00 TO - [N24001469]MoRTH,UTTAR PRADESH",307.11,307.11,142.3,2021.0,2024.0,7.0,0.0,,1,3.0,0.0
ROAD TRANSPORT AND HIGHWAYS,"WIDENING AND UPGRADATION TO FOUR LANE CONFIGURATION FROM KM.34.900 (BHADOHI) TO KM.73.134 (JAUNPUR) - [N24001479]MoRTH,UTTAR PRADESH",395.62,395.62,183.61,2021.0,2024.0,7.0,0.0,,1,3.0,0.0
ROAD TRANSPORT AND HIGHWAYS,"CONSTRUCTION OF ROAD FROM KM 0/0 TO 72/0 OF NH-26 SUCH AS 4 LANE FROM KM 0/0 TO 21/0 (BARGARH TO BAR - [N24001857]MoRTH,ODISHA",414.24,414.24,231.91,2020.0,2023.0,12.0,0.0,,1,3.0,0.0
ROAD TRANSPORT AND HIGHWAYS,"NH165 FROM KM 0.000 TO KM 64.020 PAMARRU TO AKIVEEDU SECTION TO TWO LANE WITH PAVED SHOULDERS - [N24001939]MoRTH,ANDHRA PRADESH",529.24,529.24,93.5,2020.0,2023.0,15.0,0.0,,1,3.0,0.0
ROAD TRANSPORT AND HIGHWAYS,2,4.0,5.0,6.0,,,9.0,10.0,11,1,,0.1
ROAD TRANSPORT AND HIGHWAYS,"BALANCE WORK FOR REHABILITATION AND UP- GRADATION OF SIDHI- SINGRAULI FROM KM 82.400 TO KM 187.993 SEC - [N24001966]MoRTH,MADHYA PRADESH",529.44,529.44,160.96,2020.0,2023.0,20.0,0.0,,1,3.0,0.0
ROAD TRANSPORT AND HIGHWAYS,"ONSTRUCTION OF 4-LANE FLYOVER AT AMBERPET-X ROAD, HYDERABAD ON NH-202 IN THE STATE OF TELANGANA - [N24002006]MoRTH,TELANGANA",186.71,186.71,155.3,2017.0,2023.0,18.0,0.0,,1,6.0,0.0
ROAD TRANSPORT AND HIGHWAYS,"CONSTRUCTION OF 2-LANE WITH PAVED SHOULDER GANGTOK BYPASS ROAD FROM RANIPOOL TO BURTUK (L=23.316KM) - [N24001442]MoRTH,SIKKIM",385.15,385.15,163.03,2021.0,2024.0,8.0,0.0,,1,3.0,0.0
ROAD TRANSPORT AND HIGHWAYS,"BALANCE WORK OF REHABILITATION AND UPGRADING TO 2LANE/2LANE WITH PAVED SHOULDER CONFIGURATION AND ST - [N24001937]MoRTH,KARNATAKA",398.48,398.48,,2023.0,2024.0,12.0,0.0,,1,1.0,0.0
ROAD TRANSPORT AND HIGHWAYS,"REHABILITATION AND UPGRADATION OF NH-221 FROM KM 121/0 TO 165/00 (OF VIJAYAWADA-JAGDALPUR RUDRAMPUR - [N24000247]MoRTH,TELANGANA",295.47,295.47,224.42,2014.0,2017.0,97.0,0.0,,1,3.0,0.0
ROAD TRANSPORT AND HIGHWAYS,"IMPROVEMENT TO TWO LANE WITH PAVED SHOULDERS OF NH 122B FROM KM 29.730 TO KM 72.348 IN STATE OF BIH - [N24001870]MoRTH,BIHAR",624.43,624.43,137.97,2022.0,2024.0,4.0,0.0,,1,2.0,0.0
ROAD TRANSPORT AND HIGHWAYS,"WIDENING AND STRENTHENING FROM KM 70.15 TO KM 121.025 OF NH-80 - [N24001875]MoRTH,BIHAR",477.54,477.54,165.73,2021.0,2025.0,2.0,0.0,,1,4.0,0.0
ROAD TRANSPORT AND HIGHWAYS,"IMPROVEMENT TO TWO LANE WITH PAVED SHOULDERS OF NH-319A FROM KM 0 TO KM 45 IN STATE OF BIHAR UNDER - [N24001878]MoRTH,BIHAR",427.29,427.29,112.71,2022.0,2024.0,3.0,0.0,,1,2.0,0.0
ROAD TRANSPORT AND HIGHWAYS,"REHABILITATION AND UP- GRADATION OF VALIGONDA TO THORRUR SECTION TO TWO LANE WITH PAVED SHOULDERS FRO - [N24002003]MoRTH,TELANGANA",549.28,549.28,103.51,2022.0,2024.0,3.0,0.0,,1,2.0,0.0
ROAD TRANSPORT AND HIGHWAYS,2,4.0,5.0,6.0,,,9.0,10.0,11,1,,0.1
ROAD TRANSPORT AND HIGHWAYS,"UP-GRADATION TO TWO LANE WITH PAVED SHOULDER CONFIGURATION OF NH-354 SECTION ARIFKES-FEROZEPUR- MUKTS - [N24001960]MoRTH,PUNJAB",263.19,220.0,30.0,2021.0,2023.0,18.0,0,,1,2.0,0.0
ROAD TRANSPORT AND HIGHWAYS,"WORK OF WIDENING/UPGRADATION OF 2- LANE WITH PAVED SHOULDER OF SRI MUKTSAR SAHIB TO MALOUT ROAD FROM - [N24001961]MoRTH,PUNJAB",152.58,152.58,33.45,2022.0,2023.0,18.0,0.0,,1,1.0,0.0
ROAD TRANSPORT AND HIGHWAYS,"WIDENING and STRENTHENING FROM KM132.895 TO KM 190.15 NH-80 - [N24001876]MoRTH,BIHAR",566.15,566.15,122.68,2021.0,2024.0,15.0,0.0,,1,3.0,0.0
ROAD TRANSPORT AND HIGHWAYS,"WIDENING TO 2 LANE WITH PAVED SHOULDERS OF MEDAK - SIDDIPET SECTION FROM KM 0/0 TO KM 69/978 OF NH- - [N24002001]MoRTH,TELANGANA",882.18,882.18,220.87,2022.0,2025.0,5.0,0.0,,1,3.0,0.0
ROAD TRANSPORT AND HIGHWAYS,"REHABILITATION AND UPGRADATION OF LB-NAGAR TO MALKAPUR SECTION TO 6- LANE MAIN CARRIAGEWAY WITH SERVI - [N24002004]MoRTH,TELANGANA",545.11,545.11,228.41,2021.0,2024.0,11.0,0.0,,1,3.0,0.0
ROAD TRANSPORT AND HIGHWAYS,"WIDENING TO TWO LANE WITH PAVED SHOULDERS OF 'BODHAN BASAR BHAINSA ' SECTION FROM KM 38/900 TO 95/3 - [N24002005]MoRTH,TELANGANA",644.45,644.45,192.96,2022.0,2025.0,3.0,0.0,,1,3.0,0.0
ROAD TRANSPORT AND HIGHWAYS,"WIDENING AND STRENGTHENING TO 2/4 LANE WITH PAVED SHOULDERS OF MAHABUBNAGAR – CHINCHOLI SECTION FROM - [N24002009]MoRTH,TELANGANA",703.68,703.68,205.84,2022.0,2025.0,6.0,0.0,,1,3.0,0.0
ROAD TRANSPORT AND HIGHWAYS,"UPGRADATION TO TWO LANE WITH PAVED SHULDER CONFIGUARATION FROM KM 00 TO 47 OF NH 351 MAHUVA TO BADHA - [N24002118]MoRTH,GUJARAT",173.06,219.0,0.15,2022.0,2024.0,18.0,26.55,,1,2.0,0.2655
ROAD TRANSPORT AND HIGHWAYS,"WIDENING AND STRENGTHENING TO 4 LANE / 2- LANE WITH PAVED SHOULDERS OF MAHABUBNAGAR-CHINCHOLI SECTION - [N24002010]MoRTH,TELANGANA",631.49,631.49,42.69,2022.0,2024.0,19.0,0.0,,1,2.0,0.0
ROAD TRANSPORT AND HIGHWAYS,2,4.0,5.0,6.0,,,9.0,10.0,11,1,,0.1
ROAD TRANSPORT AND HIGHWAYS,"CONSTRUCTION OF BYPASS ROAD TO BALANGIR TOWN FROM KM 72/400 (DESING KM 0/0) TO KM 79/800 (DESIGN KM - [N24001862]MoRTH,ODISHA",238.78,238.78,9.89,2022.0,2025.0,1.0,0.0,,1,3.0,0.0
ROAD TRANSPORT AND HIGHWAYS,"CONSTRUCTION OF A NEW 4 LANE BRIDGE PARALLEL TO EXISTING MG SETU WITH ITS APPROACHES FROM KM 0.00 - [N24001201]MoRTH,BIHAR",2926.42,2926.42,970.95,2019.0,2024.0,15.0,0.0,,1,5.0,0.0
ROAD TRANSPORT AND HIGHWAYS,"UPGRADATION AND STRENGTHENING TO 2 LANE PS FROM KM 95/500 TO KM 129/775 OF NH 168 G IDAR BHILODA SA - [N24002014]MoRTH,GUJARAT",237.28,237.28,0.59,2022.0,2023.0,24.0,0.0,,1,1.0,0.0
ROAD TRANSPORT AND HIGHWAYS,"CONSTRUCTION OF A NEW 4 LANE MAJOR BRIDGE ACROSS RIVER KOSI AT PHULAUT INCLUDING RHABILITATION AND - [N24000943]MoRTH,BIHAR",1478.4,1478.4,780.29,2018.0,2024.0,20.0,0.0,,1,6.0,0.0
ROAD TRANSPORT AND HIGHWAYS,"CONSTRUCTION OF SIX LANE ELEVATED CORRIDOR FROM KM.7.950 (UPPAL) TO KM.14.200 OF NH-163 TO DE-CONGES - [N24000994]MoRTH,TELANGANA",626.76,626.76,273.6,2018.0,2020.0,67.0,0.0,,1,2.0,0.0
ROAD TRANSPORT AND HIGHWAYS,"UPGRADATION OF DHORAJI JAMKANDORNA KALAVAD SECTION OF NH 927D FROM DESIGN CHAINAGE KM 00 TO KM 58.11 - [N24002117]MoRTH,GUJARAT",246.6,291.0,29.33,2022.0,2024.0,24.0,18.0,,1,2.0,0.18
ROAD TRANSPORT AND HIGHWAYS,"CONSTRUCT ION OF TWO LANE WITH HARD SHOULDERS OF CHAKABAMA- ZUNHEBOTO ROAD FROM EXISTING KM 52.370 TO - [N24000756]NHIDCL,NAGALAND",285.68,285.68,174.28,2018.0,2022.0,20.0,0.0,,1,4.0,0.0
ROAD TRANSPORT AND HIGHWAYS,"IMPHAL – MOREH (PACKAGE 4) - [N24001399]NHIDCL,MANIPUR",277.99,277.99,146.35,2021.0,2023.0,16.0,0.0,,1,2.0,0.0
ROAD TRANSPORT AND HIGHWAYS,"2 LANE WITH PAVED SHOULDER FROM KM 399.00 TO KM 430.00 OF KARANPARYAG TO CHAMOLI UNDER CHARDHAM PARI - [N24000742]NHIDCL,UTTARAKHA ND",403.36,403.36,337.72,2018.0,2020.0,43.0,0.0,,1,2.0,0.0
ROAD TRANSPORT AND HIGHWAYS,2,4.0,5.0,6.0,,,9.0,10.0,11,1,,0.1
ROAD TRANSPORT AND HIGHWAYS,"2 LANE WITH PAVED SHOULDER FROM KM 430.00 TO KM 468.00 OF CHAMOLI TO PAINI UNDER CHARDHAM PARIYOJNA - [N24000743]NHIDCL,UTTARAKHA ND",417.24,417.24,344.2,2018.0,2020.0,43.0,0.0,,1,2.0,0.0
ROAD TRANSPORT AND HIGHWAYS,"(I) CONSTRUCTION OF FOUR/SIX LANING FROM KM 132.375 TO KM 158.058 (TOTAL NEW ALIGNMENT LENGTH OF 20. - [N24000752]NHIDCL,NAGALAND",387.0,391.02,386.81,2017.0,2020.0,45.0,1.04,,1,3.0,0.0104
ROAD TRANSPORT AND HIGHWAYS,"(II) CONSTRUCTION OF DIMAPUR BYPASS (ASSAM PORTION) OF 4/6 LANE PAVEMENT ON EPC BASIS FROM EXISTING - [N24000753]NHIDCL,NAGALAND",500.09,698.81,365.22,2018.0,2022.0,19.0,39.74,,1,4.0,0.39740000000000003
ROAD TRANSPORT AND HIGHWAYS,"CONSTRUCTION OF 2-LANE WITH PAVED SHOULDER INCLUDING GEOMETRIC IMPROVEMENT FROM KM 16.000 TO KM 32.5 - [N24000768]NHIDCL,SIKKIM",290.05,290.05,218.36,2017.0,2020.0,44.0,0.0,,1,3.0,0.0
ROAD TRANSPORT AND HIGHWAYS,"CONSTUCTION/UPGRADATION OF EXISTING HIGHWAY TO 2 LANE WITH PAVED SHOULDER FROM KM 13.00 TO KM 25.600 - [N24001252]NHIDCL,SIKKIM",295.97,295.97,242.0,2020.0,2023.0,14.0,0.0,,1,3.0,0.0
ROAD TRANSPORT AND HIGHWAYS,"CONSTRUCTION, OPERATION AND MAINTENANCE OF Z-MORH TUNNEL INCLUDING APPROACHES ON NH-01 SRINAGAR-SONA - [N24001253]NHIDCL,JAMMU AND KASHMIR",2680.42,2680.42,,2019.0,2023.0,6.0,0.0,,1,4.0,0.0
ROAD TRANSPORT AND HIGHWAYS,"CONSTRUCTION OF CHHIATHLANG -SERCHHIP BYPASS (PKG-1) ON AIZAWL- TUIPANG SECTION OF NH-54 - [N24001277]NHIDCL,MIZORAM",275.02,247.25,244.63,2020.0,2022.0,20.0,0,,1,2.0,0.0
ROAD TRANSPORT AND HIGHWAYS,"CONSTRUCTION OF TWO LANE WITH PAVED SHOULDER OF SELLING-DULTE SECTION OF NH-06 (PKG-I) - [N24001278]NHIDCL,MIZORAM",206.88,219.33,256.29,2020.0,2022.0,23.0,6.02,,1,2.0,0.0602
ROAD TRANSPORT AND HIGHWAYS,"CONSTRUCTION OF TWO LANE WITH PAVED SHOULDER OF SELLING-DULTE SECTION OF NH-06 (PKG-III) - [N24001281]NHIDCL,MIZORAM",292.24,331.17,275.8,2020.0,2022.0,23.0,13.32,,1,2.0,0.1332
ROAD TRANSPORT AND HIGHWAYS,"2 LANING OF KOHIMA - JESSAMI SECTION (PACKAGE III) - [N24001284]NHIDCL,NAGALAND",361.53,365.42,189.26,2020.0,2022.0,24.0,1.08,,1,2.0,0.0108
ROAD TRANSPORT AND HIGHWAYS,2,4.0,5.0,6.0,,,9.0,10.0,11,1,,0.1
ROAD TRANSPORT AND HIGHWAYS,"DONIPAWA TO ASHAJIPORA BYPASS PKG-7 - [N24001342]NHIDCL,JAMMU AND KASHMIR",260.4,260.4,191.88,2021.0,2022.0,18.0,0.0,,1,1.0,0.0
ROAD TRANSPORT AND HIGHWAYS,"IMPHAL – MOREH PACKAGE- 3 - [N24001352]NHIDCL,MANIPUR",259.31,259.31,144.94,2021.0,2022.0,18.0,0.0,,1,1.0,0.0
ROAD TRANSPORT AND HIGHWAYS,"TAMENGLONG - MAHUR PKG-1 - [N24001402]NHIDCL,MANIPUR",185.8,185.8,85.76,2021.0,2023.0,15.0,0.0,,1,2.0,0.0
ROAD TRANSPORT AND HIGHWAYS,"FOUR LANING OF JHANJHI JN TO DEMOW SECTION FROM KM. 491.050 TO KM. 535.250(DESIGN KM 490.800 TO KM 5 - [N24000320]NHIDCL,ASSAM",463.49,463.49,319.48,2015.0,2024.0,4.0,0.0,,1,9.0,0.0
ROAD TRANSPORT AND HIGHWAYS,"WIDENING AND UP-GRADATION TO 2-LANE WITH PAVED SHOULDER CONFIGURATION AND GEOMETRIC IMPROVEMENTS FRO - [N24000858]NHIDCL,MIZORAM",640.07,1286.35,1140.04,2017.0,2023.0,12.0,100.97,,1,6.0,1.0097
ROAD TRANSPORT AND HIGHWAYS,"CONSTRUCTION OF 2 LANING OF EXISTING HUNLI-ANINI ROAD ON EPC BASIS FROM DESIGN KM 53.500 TO KM 92.50 - [N24000948]NHIDCL,ARUNACHAL PRADESH",568.92,568.92,508.65,2016.0,2019.0,55.0,0.0,,1,3.0,0.0
ROAD TRANSPORT AND HIGHWAYS,"WIDENING/IMPROVEMENT TO 4- LANE WITH PAVED SHOULDER FROM CH.75.330KM TO CH.88.00KM (DESIGN CH.71.800 - [N24001248]NHIDCL,ASSAM",208.84,208.84,164.53,2020.0,2022.0,27.0,0.0,,1,2.0,0.0
ROAD TRANSPORT AND HIGHWAYS,"REHABILITATION AND UPGRADATION OF ROAD FROM KM 0.00 TO KM 18.600 OF KUMARGHAT-KAILASHAHAR SECTION - [N24001263]NHIDCL,TRIPURA",277.5,302.02,252.1,2020.0,2022.0,30.0,8.84,,1,2.0,0.08839999999999999
ROAD TRANSPORT AND HIGHWAYS,"KAILASHAHAR TO KHOWAI PKG- 4 - [N24001309]NHIDCL,TRIPURA",159.13,171.5,79.43,2020.0,2022.0,25.0,7.77,,1,2.0,0.07769999999999999
ROAD TRANSPORT AND HIGHWAYS,"2-LANING FROM JOLAIBARI - BELONIA - [N24001317]NHIDCL,TRIPURA",201.99,287.47,139.41,2020.0,2022.0,30.0,42.32,,1,2.0,0.4232
ROAD TRANSPORT AND HIGHWAYS,"KHELLANI-KHANABAL PKG-3 - [N24001341]NHIDCL,JAMMU AND KASHMIR",398.51,398.51,73.81,2021.0,2022.0,19.0,0.0,,1,1.0,0.0
ROAD TRANSPORT AND HIGHWAYS,"JORAM – KOLORIANG ROAD FROM EXISTING KM 50.050 TO KM 70.00 (PKG-3) - [N24001390]NHIDCL,ARUNACHAL PRADESH",228.71,228.71,95.36,2020.0,2022.0,27.0,0.0,,1,2.0,0.0
ROAD TRANSPORT AND HIGHWAYS,"KHELLANI-KHANABAL PKG-5 - [N24001396]NHIDCL,JAMMU AND KASHMIR",497.09,497.09,111.87,2021.0,2023.0,17.0,0.0,,1,2.0,0.0
ROAD TRANSPORT AND HIGHWAYS,2,4.0,5.0,6.0,,,9.0,10.0,11,1,,0.1
ROAD TRANSPORT AND HIGHWAYS,"TAMENGLONG - MAHUR PKG-4 - [N24001404]NHIDCL,MANIPUR",198.77,198.77,88.9,2021.0,2023.0,16.0,0.0,,1,2.0,0.0
ROAD TRANSPORT AND HIGHWAYS,"MARAM - PEREN PKG-3 - [N24001439]NHIDCL,MANIPUR",467.41,467.41,232.43,2021.0,2023.0,14.0,0.0,,1,2.0,0.0
ROAD TRANSPORT AND HIGHWAYS,"4-LANING OF HAPACHARA - TULUNGIA SECTION - [N24001246]NHIDCL,ASSAM",220.2,220.2,213.54,2020.0,2022.0,20.0,0.0,,1,2.0,0.0
ROAD TRANSPORT AND HIGHWAYS,"CONSTRUCTION AND UPGRADATION OFEXISTINGROAD TO 2-LANE WITH PAVED SHOULDER INCLUDING GEOMETRIC IMPROV - [N24001262]NHIDCL,SIKKIM",345.38,395.59,352.31,2020.0,2023.0,16.0,14.54,,1,3.0,0.1454
ROAD TRANSPORT AND HIGHWAYS,"JORAM – KOLORIANG ROAD FROM EXISTING KM 70.00 TO KM 88.700 (PKG-4) - [N24001391]NHIDCL,ARUNACHAL PRADESH",294.04,294.04,139.96,2020.0,2022.0,28.0,0.0,,1,2.0,0.0
ROAD TRANSPORT AND HIGHWAYS,"DIBRUGARH-LAHOAL-CHABUA BYPASS PACKAGE-1 - [N24001451]NHIDCL,ASSAM",215.27,215.27,111.59,2022.0,2024.0,1.0,0.0,,1,2.0,0.0
ROAD TRANSPORT AND HIGHWAYS,"DIBRUGARH-LAHOAL-CHABUA BYPASS PACKAGE-2 - [N24001452]NHIDCL,ASSAM",170.95,170.95,93.45,2022.0,2024.0,1.0,0.0,,1,2.0,0.0
ROAD TRANSPORT AND HIGHWAYS,"DEVELOPMENT OF EXTERNAL TRUNK CONNECTIVITY AND INTERNAL INFRASTRUCTURE WORKS AT MULTI MODEL LOGISTIC - [N24002030]NHIDCL,ASSAM",592.06,592.06,256.64,2020.0,2022.0,29.0,0.0,,1,2.0,0.0
ROAD TRANSPORT AND HIGHWAYS,"CONSTRUCTION OF 2-LANE WITH PAVED SHOULDER OF KOHIMA-BYPASS ROAD FROM DESIGN KM10.500 TO 21.00KM [D - [N24001255]NHIDCL,NAGALAND",277.44,277.44,156.81,2020.0,2022.0,23.0,0.0,,1,2.0,0.0
ROAD TRANSPORT AND HIGHWAYS,"TADADEGE - HENKAR - [N24001315]NHIDCL,ARUNACHAL PRADESH",550.45,550.45,109.7,2021.0,2023.0,18.0,0.0,,1,2.0,0.0
ROAD TRANSPORT AND HIGHWAYS,"KHELLANI-KHANABAL PKG-1 - [N24001323]NHIDCL,JAMMU AND KASHMIR",486.45,486.45,115.47,2021.0,2022.0,24.0,0.0,,1,1.0,0.0
ROAD TRANSPORT AND HIGHWAYS,"MARIAM - PEREN (PKG 1B) - [N24001350]NHIDCL,MANIPUR",188.36,188.36,111.68,2021.0,2022.0,21.0,0.0,,1,1.0,0.0
ROAD TRANSPORT AND HIGHWAYS,"DABOKA KATHKATI PACKAGE-5 - [N24001366]NHIDCL,ASSAM",288.85,288.85,163.69,2021.0,2023.0,20.0,0.0,,1,2.0,0.0
ROAD TRANSPORT AND HIGHWAYS,"PEREN-DIMAPUR SECTION PKG-2 - [N24001406]NHIDCL,NAGALAND",258.52,258.52,59.4,2021.0,2023.0,18.0,0.0,,1,2.0,0.0
ROAD TRANSPORT AND HIGHWAYS,2,4.0,5.0,6.0,,,9.0,10.0,11,1,,0.1
ROAD TRANSPORT AND HIGHWAYS,"4 LANING FROM JAMUGURI TO BISWANATH CHARIALI FROM KM 182 TO KM 208 OF NH-52 - [N24000431]NHIDCL,ASSAM",520.01,520.01,297.98,1991.0,2019.0,64.0,0.0,,1,28.0,0.0
ROAD TRANSPORT AND HIGHWAYS,"4 LANING FROM RANGAGARA TO KALIABHOR TINALI FROM KM 297.00 TO KM 315.315 OF NH-37 ON EPC BASIS. - [N24000438]NHIDCL,ASSAM",289.99,289.99,230.45,2015.0,2018.0,70.0,0.0,,1,3.0,0.0
ROAD TRANSPORT AND HIGHWAYS,"TWO LANING OF JORAM KOLORIANG ROAD (NH 713) ON EPC BASIS FROM DESIGN KM. 138+000 TO KM. 154+036 [EX - [N24000683]NHIDCL,ARUNACHAL PRADESH",180.57,180.57,149.77,2017.0,2023.0,11.0,0.0,,1,6.0,0.0
ROAD TRANSPORT AND HIGHWAYS,"UP-GRADATION TO 4-LANE WITH PAVED SHOULDER OF JAMMU- AKHNOOR ROAD SECTION OF NH-144A FROM GANESH VIHA - [N24000868]NHIDCL,JAMMU AND KASHMIR",253.44,253.44,176.87,2018.0,2021.0,39.0,0.0,,1,3.0,0.0
ROAD TRANSPORT AND HIGHWAYS,"DABOKA KATHKATI PACKAGE-7 - [N24001537]NHIDCL,ASSAM",204.1,204.1,109.21,2021.0,2024.0,3.0,0.0,,1,3.0,0.0
ROAD TRANSPORT AND HIGHWAYS,"WIDENING AND UP-GRADATION TO 2-LANE WITH PAVED SHOULDER CONFIGURATION AND GEOMETRIC IMPROVEMENTS FRO - [N24000857]NHIDCL,MIZORAM",519.09,785.65,640.68,2017.0,2023.0,19.0,51.35,,1,6.0,0.5135000000000001
ROAD TRANSPORT AND HIGHWAYS,"UP-GRADATION TO 2-LANE WITH PAVED SHOULDER FROM KM 20.300 TO KM 29.030 OF 8.730 KM LENGTH ON GOHA-K - [N24001266]NHIDCL,JAMMU AND KASHMIR",210.79,210.79,57.08,2020.0,2022.0,31.0,0.0,,1,2.0,0.0
ROAD TRANSPORT AND HIGHWAYS,"KARGIL-ZANSKR PACKAGE-3 - [N24001345]NHIDCL,LADAKH",381.01,381.01,144.91,2020.0,2023.0,22.0,0.0,,1,3.0,0.0
ROAD TRANSPORT AND HIGHWAYS,"KARGIL-ZANSKR PACKAGE-8 - [N24001348]NHIDCL,LADAKH",398.37,398.37,133.01,2021.0,2023.0,22.0,0.0,,1,2.0,0.0
ROAD TRANSPORT AND HIGHWAYS,"RANIKOR-MAHESHKHOLA- BAGHMARA (RMB) PKG-3 - [N24001360]NHIDCL,MEGHALAYA",260.21,260.21,191.82,2021.0,2022.0,23.0,0.0,,1,1.0,0.0
ROAD TRANSPORT AND HIGHWAYS,"JORAM – KOLORIANG ROAD FROM EXISTING KM122.600 TO KM138.00 (PKG-7) - [N24001393]NHIDCL,ARUNACHAL PRADESH",184.88,184.88,94.25,2020.0,2022.0,31.0,0.0,,1,2.0,0.0
ROAD TRANSPORT AND HIGHWAYS,"GOHA-KHELLANI PKG-3 - [N24001397]NHIDCL,JAMMU AND KASHMIR",431.28,431.28,253.17,2021.0,2023.0,20.0,0.0,,1,2.0,0.0
ROAD TRANSPORT AND HIGHWAYS,2,4.0,5.0,6.0,,,9.0,10.0,11,1,,0.1
ROAD TRANSPORT AND HIGHWAYS,"4 LANING OF JORHAT TO JHANJI SECTION FROM KM. 453.00 TO KM. 491.08 (DESIGN KM 403.200 TO KM 454.240) - [N24000319]NHIDCL,ASSAM",437.39,437.39,267.81,2015.0,2023.0,16.0,0.0,,1,8.0,0.0
ROAD TRANSPORT AND HIGHWAYS,"4 LANING OF NH-37 SECTION BETWEEN DEMOW TO END OF MORAN BYPASS (FROM KM. 534.800 TO KM. 561.700) O - [N24000582]NHIDCL,ASSAM",294.17,294.17,292.4,2016.0,2016.0,107.0,0.0,,1,0.0,0.0
ROAD TRANSPORT AND HIGHWAYS,"WIDENING TO 2-LANE WITH GEOMETRIC IMPROVEMENTS OF TURA DALU ROAD UNDER JICA FUNDING FROM KM 85.000 T - [N24000771]NHIDCL,MEGHALAYA",553.51,553.51,329.1,2017.0,2021.0,39.0,0.0,,1,4.0,0.0
ROAD TRANSPORT AND HIGHWAYS,"WIDENING AND UP-GRADATION TO 2-LANE WITH PAVED SHOULDER CONFIGURATION AND GEOMETRIC IMPROVEMENTS FRO - [N24000861]NHIDCL,MIZORAM",473.18,688.25,508.51,2017.0,2023.0,20.0,45.45,,1,6.0,0.4545
ROAD TRANSPORT AND HIGHWAYS,"WIDENING AND UP-GRADATION TO 2-LANE WITH PAVED SHOULDER CONFIGURATION AND GEOMETRIC IMPROVEMENTS FRO - [N24000862]NHIDCL,MIZORAM",537.82,789.05,729.36,2017.0,2023.0,20.0,46.71,,1,6.0,0.4671
ROAD TRANSPORT AND HIGHWAYS,"WIDENING AND UP-GRADATION TO 2-LANE WITH PAVED SHOULDER CONFIGURATION AND GEOMETRIC IMPROVEMENTS FRO - [N24000863]NHIDCL,MIZORAM",518.53,906.76,762.6,2017.0,2023.0,18.0,74.87,,1,6.0,0.7487
ROAD TRANSPORT AND HIGHWAYS,"WIDENING AND UP-GRADATION TO 2-LANE WITH PAVED SHOULDER CONFIGURATION AND GEOMETRIC IMPROVEMENTS FRO - [N24000864]NHIDCL,MIZORAM",404.29,750.32,567.59,2017.0,2024.0,8.0,85.59,,1,7.0,0.8559
ROAD TRANSPORT AND HIGHWAYS,"WIDENING AND UP-GRADATION TO 2-LANE WITH PAVED SHOULDER CONFIGURATION AND GEOMETRIC IMPROVEMENTS FRO - [N24000865]NHIDCL,MIZORAM",428.11,746.39,565.65,2017.0,2023.0,15.0,74.35,,1,6.0,0.7434999999999999
ROAD TRANSPORT AND HIGHWAYS,"UP-GRADATION TO 2-LANE WITH PAVED SHOULDER FROM KM 12.850 TO KM20.300 OF 7.450KM LENGTH ON GOHA-KHEL - [N24001264]NHIDCL,JAMMU AND KASHMIR",228.39,228.39,61.78,2020.0,2022.0,32.0,0.0,,1,2.0,0.0
ROAD TRANSPORT AND HIGHWAYS,2,4.0,5.0,6.0,,,9.0,10.0,11,1,,0.1
ROAD TRANSPORT AND HIGHWAYS,"2-LANING OF CHURACHANDPUR TUIVAI SECTION OF NH-102B (PKG- IB) - [N24001269]NHIDCL,ASSAM",216.49,216.49,101.02,2020.0,2022.0,33.0,0.0,,1,2.0,0.0
ROAD TRANSPORT AND HIGHWAYS,"2-LANING OF CHURACHANDPUR TUIVAI SECTION OF NH-102B (PKG- 2A) - [N24001270]NHIDCL,MANIPUR",292.24,292.24,127.86,2020.0,2022.0,30.0,0.0,,1,2.0,0.0
ROAD TRANSPORT AND HIGHWAYS,"2-LANING OF CHURACHANDPUR TUIVAI SECTION OF NH-102B (PKG- 2B) - [N24001271]NHIDCL,MANIPUR",365.53,365.53,142.51,2020.0,2022.0,28.0,0.0,,1,2.0,0.0
ROAD TRANSPORT AND HIGHWAYS,"2-LANING OF CHURACHANDPUR TUIVAI SECTION OF NH-102B (PKG- 4A) - [N24001272]NHIDCL,MANIPUR",167.95,167.95,77.72,2020.0,2022.0,30.0,0.0,,1,2.0,0.0
ROAD TRANSPORT AND HIGHWAYS,"2-LANING OF CHURACHANDPUR TUIVAI SECTION OF NH-102B (PKG- 4B) - [N24001273]NHIDCL,MANIPUR",177.76,177.76,70.23,2020.0,2022.0,28.0,0.0,,1,2.0,0.0
ROAD TRANSPORT AND HIGHWAYS,"DOGINALA - GAU - [N24001320]NHIDCL,ARUNACHAL PRADESH",242.3,242.3,21.47,2020.0,2022.0,27.0,0.0,,1,2.0,0.0
ROAD TRANSPORT AND HIGHWAYS,"RANIKOR-MAHESHKHOLA- BAGHMARA (RMB) PKG-4 (KANAI-RONGARA) - [N24001339]NHIDCL,MEGHALAYA",157.86,157.86,141.15,2020.0,2022.0,32.0,0.0,,1,2.0,0.0
ROAD TRANSPORT AND HIGHWAYS,"KARGIL-ZANSKR PACKAGE-1 - [N24001343]NHIDCL,LADAKH",384.23,384.23,68.27,2021.0,2023.0,23.0,0.0,,1,2.0,0.0
ROAD TRANSPORT AND HIGHWAYS,"TAMENGLONG - MAHUR PKG-3 - [N24001354]NHIDCL,MANIPUR",234.08,234.08,139.45,2021.0,2022.0,24.0,0.0,,1,1.0,0.0
ROAD TRANSPORT AND HIGHWAYS,"IMPHAL - KHONGSANG PKG-3 - [N24001401]NHIDCL,MANIPUR",467.0,467.0,177.69,2021.0,2023.0,21.0,0.0,,1,2.0,0.0
ROAD TRANSPORT AND HIGHWAYS,"TAMENGLONG - MAHUR PKG-2 - [N24001403]NHIDCL,MANIPUR",483.87,483.87,278.89,2021.0,2023.0,,0,,1,2.0,0.0
ROAD TRANSPORT AND HIGHWAYS,"TAMENGLONG - MAHUR PKG-5 - [N24001436]NHIDCL,MANIPUR",477.86,477.86,227.05,2021.0,2023.0,19.0,0.0,,1,2.0,0.0
ROAD TRANSPORT AND HIGHWAYS,"KEIFANG - TUVAI PKG-1 - [N24001440]NHIDCL,MIZORAM",492.94,492.94,342.39,2021.0,2023.0,19.0,0.0,,1,2.0,0.0
ROAD TRANSPORT AND HIGHWAYS,"DABOKA KATHKATI PACKAGE-6 - [N24001450]NHIDCL,ASSAM",625.64,625.64,406.01,2021.0,2024.0,5.0,0.0,,1,3.0,0.0
ROAD TRANSPORT AND HIGHWAYS,"REHABITITATION AND UP GRADATION OF NONGSTOIN- RAMBRAI-KYRSHAI ROAD UP TO MEGHALAYA-ASSAM BORDER FROM - [N24001474]NHIDCL,MEGHALAYA",359.86,359.86,215.06,2021.0,2024.0,7.0,0.0,,1,3.0,0.0
ROAD TRANSPORT AND HIGHWAYS,"RANIKOR- MAHESHKHOLA- BAGHMARA PKG-2 - [N24001541]NHIDCL,MEGHALAYA",283.5,283.5,179.7,2021.0,2024.0,6.0,0.0,,1,3.0,0.0
ROAD TRANSPORT AND HIGHWAYS,2,4.0,5.0,6.0,,,9.0,10.0,11,1,,0.1
ROAD TRANSPORT AND HIGHWAYS,"CONSTRUCTION OF 2-LANE SPECIFICATION ROAD WITH PAVED SHOULDER AS REALIGNMENT (GREENFIELD ALIGNMENT) - [N24001325]NHIDCL,SIKKIM",262.84,414.2,216.21,2020.0,2023.0,20.0,57.59,,1,3.0,0.5759000000000001
ROAD TRANSPORT AND HIGHWAYS,"MANU-SIMLUNG ( PKG 4) - [N24001363]NHIDCL,TRIPURA",354.79,354.79,34.08,2021.0,2022.0,25.0,0.0,,1,1.0,0.0
ROAD TRANSPORT AND HIGHWAYS,"KHELLANI-KHANABAL PKG-4 - [N24001395]NHIDCL,JAMMU AND KASHMIR",859.67,859.67,127.68,2021.0,2023.0,17.0,0.0,,1,2.0,0.0
ROAD TRANSPORT AND HIGHWAYS,"SENAPATI- IMPHAL PKG-5B - [N24001400]NHIDCL,MANIPUR",211.7,211.7,22.0,2021.0,2023.0,24.0,0.0,,1,2.0,0.0
ROAD TRANSPORT AND HIGHWAYS,"CHURACHANPUR TUIVAI PKG-3 - [N24001405]NHIDCL,MANIPUR",673.27,673.27,339.37,2021.0,2023.0,15.0,0.0,,1,2.0,0.0
ROAD TRANSPORT AND HIGHWAYS,"TAMENGLONG - MAHUR PKG-6 - [N24001437]NHIDCL,MANIPUR",311.18,311.18,171.57,2021.0,2023.0,20.0,0.0,,1,2.0,0.0
ROAD TRANSPORT AND HIGHWAYS,"CONSTRUCTION OF 2-LANING WITH HARD SHOULDERS OF ARROWA-KHUPA-HAYULIANG SECTION OF NH-113 FROM CH.68. - [N24001244]NHIDCL,ARUNACHAL PRADESH",301.06,301.06,133.99,2020.0,2022.0,34.0,0.0,,1,2.0,0.0
ROAD TRANSPORT AND HIGHWAYS,"CONSTRUCTION OF 2-LANE WITH PAVED SHOULDER OF KOHIMA-BYPASS ROAD FROM DSIGN KM32.0 TO KM43.454 [DES - [N24001258]NHIDCL,NAGALAND",202.36,202.36,69.55,2020.0,2022.0,34.0,0.0,,1,2.0,0.0
ROAD TRANSPORT AND HIGHWAYS,"UPGRADATION OF EXISTING ROAD TO 2-LANE WITH PAVED SHOULDER FROM KOHIMA TO MAO FROM KM 185.540 TO KM - [N24001259]NHIDCL,NAGALAND",315.63,315.63,84.09,2020.0,2022.0,34.0,0.0,,1,2.0,0.0
ROAD TRANSPORT AND HIGHWAYS,"KARGIL-ZANSKR PACKAGE-2 - [N24001344]NHIDCL,LADAKH",404.89,404.89,106.29,2021.0,2023.0,25.0,0.0,,1,2.0,0.0
ROAD TRANSPORT AND HIGHWAYS,"MARIAM - PEREN PKG-1A - [N24001349]NHIDCL,MANIPUR",226.32,226.32,81.54,2021.0,2022.0,26.0,0.0,,1,1.0,0.0
ROAD TRANSPORT AND HIGHWAYS,"IMPHAL - KHONGSANG PKG-2 - [N24001353]NHIDCL,MANIPUR",195.14,195.14,54.67,2021.0,2022.0,26.0,0.0,,1,1.0,0.0
ROAD TRANSPORT AND HIGHWAYS,"IMPHAL - KHONGSANG PKG-4 - [N24001453]NHIDCL,MANIPUR",579.63,579.63,111.01,2021.0,2023.0,14.0,0.0,,1,2.0,0.0
ROAD TRANSPORT AND HIGHWAYS,"CONSTRUCTION OF 4.5 KM LONG SILKYARA TUNNEL BETWEEN KM 25.40 TO 50.25 KM (TUNNEL WORK) - [N24000855]NHIDCL,UTTARAKHA ND",1383.78,1383.78,582.21,2018.0,2022.0,32.0,0.0,,1,4.0,0.0
ROAD TRANSPORT AND HIGHWAYS,2,4.0,5.0,6.0,,,9.0,10.0,11,1,,0.1
ROAD TRANSPORT AND HIGHWAYS,"CONSTRUCTION OF 2-LANE ROAD WITH PAVED SHOULDER (GREENFIELD ALIGNMENT) OF EXISTING STRETCH BETWEEN L - [N24001322]NHIDCL,SIKKIM",183.31,439.56,346.67,2020.0,2022.0,34.0,139.79,,1,2.0,1.3979
ROAD TRANSPORT AND HIGHWAYS,"REHABILITATION AND UPGRADATION OF EXISTING ROAD TO 2-LANE WITH PAVED SHOULDER INCLUDING GEOMETRIC IM - [N24001327]NHIDCL,SIKKIM",292.8,292.8,171.33,2020.0,2022.0,34.0,0.0,,1,2.0,0.0
ROAD TRANSPORT AND HIGHWAYS,"CONSTRUCTION AND UPGRADATION OF EXISTING ROAD TO 2-LANE WITH PAVED SHOULDER FROM KM27.200 (END OF RO - [N24001336]NHIDCL,SIKKIM",230.45,244.91,198.49,2020.0,2023.0,23.0,6.27,,1,3.0,0.06269999999999999
ROAD TRANSPORT AND HIGHWAYS,"CONSTRUCTION OF 2-LANING WITH HARD SHOULDER ROAD OF UKHRUL - TOLOI - TADUBI SECTION OF NH-102A FROM - [N24001473]NHIDCL,MANIPUR",310.76,310.76,110.92,2021.0,2024.0,13.0,0.0,,1,3.0,0.0
ROAD TRANSPORT AND HIGHWAYS,"IMPHAL - KHONGSANG PKG-5 - [N24001538]NHIDCL,MANIPUR",410.68,410.68,98.7,2021.0,2024.0,10.0,0.0,,1,3.0,0.0
ROAD TRANSPORT AND HIGHWAYS,"2-LANING FROM YAINGANGPOKPI TO FINCH CORNER (PKG-I) - [N24001331]NHIDCL,ASSAM",261.13,261.13,53.85,2020.0,2022.0,34.0,0.0,,1,2.0,0.0
ROAD TRANSPORT AND HIGHWAYS,"2-LANING FROM YAINGANGPOKPI TO FINCH CORNER (PKG-II) - [N24001332]NHIDCL,ASSAM",217.5,217.5,58.73,2020.0,2022.0,34.0,0.0,,1,2.0,0.0
ROAD TRANSPORT AND HIGHWAYS,"RISHI BORDER- ROLEP- MENLA PKG- 3B - [N24001362]NHIDCL,SIKKIM",410.6,379.3,180.75,2020.0,2024.0,14.0,0,,1,4.0,0.0
ROAD TRANSPORT AND HIGHWAYS,"CONSTRUCTION AND UPGRADATION OF EXISTING ROAD TO 2-LANE WITH PAVED SHOULDER FROM NEW ROLEP BRIDGE AT - [N24001337]NHIDCL,SIKKIM",493.42,478.79,260.67,2020.0,2023.0,19.0,0,,1,3.0,0.0
ROAD TRANSPORT AND HIGHWAYS,"CONSTRUCTION OF 2-LANE ROAD WITH PAVED SHOULDERS FROM KM16.00 OF ROING-HUNLI SECTION TO KM 21.500 OF - [N24000946]NHIDCL,ARUNACHAL PRADESH",1718.59,1718.59,662.35,2017.0,2022.0,40.0,0.0,,1,5.0,0.0
ROAD TRANSPORT AND HIGHWAYS,2,4.0,5.0,6.0,,,9.0,10.0,11,1,,0.1
ROAD TRANSPORT AND HIGHWAYS,"REHABILITATION AND UP GRADATION OF SECTION FROM KM 107.760 TO KM 129.445 (AFTER MIDDLE STRAIT TO HUM - [N24000748]NHIDCL,ANDAMAN AND NICOBAR ISLANDS",391.0,391.0,170.37,2018.0,2020.0,59.0,0.0,,1,2.0,0.0
ROAD TRANSPORT AND HIGHWAYS,"IMPROVEMENT/UPGRADATION OF EXISTING 2-LANE TO 4-LANE DIVIDED HIGHWAY FROM TAPHOU KUKI TO DAILI SECTI - [N24001274]NHIDCL,MANIPUR",379.39,379.39,189.78,2020.0,2022.0,40.0,0.0,,1,2.0,0.0
ROAD TRANSPORT AND HIGHWAYS,"KHELLANI-KHANABAL PKG-2 - [N24001394]NHIDCL,JAMMU AND KASHMIR",512.43,512.43,62.19,2021.0,2023.0,30.0,0.0,,1,2.0,0.0
ROAD TRANSPORT AND HIGHWAYS,"FOUR LANING OF EXISTING DIMAPUR KOHIMA ROAD FROM DESIGN KM 152.490 TO KM 166.700 (EXISTING KM 156.00 - [N24000688]NHIDCL,NAGALAND",429.52,429.52,269.56,2016.0,2022.0,37.0,0.0,,1,6.0,0.0
ROAD TRANSPORT AND HIGHWAYS,"IMPROVEMENT/WIDENING TO 2- L WITH PAVED SHOULDER FROM (DESIGN KM 0.00 TO KM 10.670) / 4-LANING FROM ( - [N24001313]NHIDCL,MEGHALAYA",351.12,351.12,210.17,2020.0,2023.0,22.0,0.0,,1,3.0,0.0
ROAD TRANSPORT AND HIGHWAYS,"TULUNGIA-JOGIGHOPA-PAIKAN ROAD PKG-7 - [N24001368]NHIDCL,ASSAM",286.72,286.72,73.07,2021.0,2024.0,21.0,0.0,,1,3.0,0.0
ROAD TRANSPORT AND HIGHWAYS,"2 LANING OF KOHIMA - JESSAMI SECTION (PACKAGE V) - [N24001287]NHIDCL,NAGALAND",330.8,330.8,84.93,2020.0,2021.0,47.0,0.0,,1,1.0,0.0
ROAD TRANSPORT AND HIGHWAYS,"IMPHAL - KHONGSANG PKG-6 - [N24001539]NHIDCL,MANIPUR",504.76,504.76,71.07,2021.0,2025.0,9.0,0.0,,1,4.0,0.0
ROAD TRANSPORT AND HIGHWAYS,"IMPROVEMENT/UPGRADATION OF EXISTING 2-LANE TO 4-LANE DIVIDED HIGHWAY FROM DAILI TO KURAOPOKPI SECTIO - [N24001275]NHIDCL,MANIPUR",268.98,268.98,22.08,2020.0,2022.0,44.0,0.0,,1,2.0,0.0
ROAD TRANSPORT AND HIGHWAYS,"IMPROVEMENT/UPGRADATION OF EXISTING 2-LANE TO 4-LANE DIVIDED HIGHWAY FROM KURAOPOKPI TO SEKMAI SECTI - [N24001276]NHIDCL,MANIPUR",228.97,228.97,,2020.0,2022.0,44.0,0.0,,1,2.0,0.0
ROAD TRANSPORT AND HIGHWAYS,"CONSTRUCTION OF 2-LANE WITH PAVED SHOULDER OF NEW GREEN FIELD ALIGNMENT FROM CHOCHENPHERI AT KM 52.0 - [N24001338]NHIDCL,SIKKIM",816.79,786.6,265.27,2020.0,2023.0,24.0,0,,1,3.0,0.0
ROAD TRANSPORT AND HIGHWAYS,"TLABUNG - LUNGLEI PKG-A - [N24001358]NHIDCL,MIZORAM",698.44,698.45,350.43,2021.0,2022.0,36.0,0.0,,1,1.0,0.0
ROAD TRANSPORT AND HIGHWAYS,"TLABUNG - LUNGLEI PKG-B - [N24001359]NHIDCL,MIZORAM",740.58,740.58,250.57,2021.0,2023.0,35.0,0.0,,1,2.0,0.0
ROAD TRANSPORT AND HIGHWAYS,2,4.0,5.0,6.0,,,9.0,10.0,11,1,,0.1
ROAD TRANSPORT AND HIGHWAYS,"RISHI BORDER- ROLEP- MENLA PKG- 2A - [N24001361]NHIDCL,SIKKIM",332.2,332.2,142.7,2021.0,2023.0,27.0,0.0,,1,2.0,0.0
ROAD TRANSPORT AND HIGHWAYS,"SRIRAMPUR - DHUBRI PKG-1 - [N24001831]NHIDCL,ASSAM",613.89,613.89,16.96,2022.0,2025.0,10.0,0.0,,1,3.0,0.0
ROAD TRANSPORT AND HIGHWAYS,"2 LANING OF KOHIMA - JESSAMI SECTION (PACKAGE II) - [N24001282]NHIDCL,NAGALAND",355.79,355.79,109.24,2020.0,2022.0,43.0,0.0,,1,2.0,0.0
ROAD TRANSPORT AND HIGHWAYS,"UP-GRADATION TO 2-LANE WITH PAVED SHOULDERS OF NGOPA - PAWLRANG SECTION OF NH 102B OF AIZAWL - IMPHA - [N24001975]NHIDCL,MIZORAM",523.78,523.78,199.81,2021.0,2025.0,12.0,0.0,,1,4.0,0.0
ROAD TRANSPORT AND HIGHWAYS,"IMPROVEMENT/WIDENING TO 2- LANE WITH PAVED SHOULDER FROM (DESIGN KM 45.760 TO KM 63.530) BETWEEN SHIL - [N24001334]NHIDCL,MEGHALAYA",445.51,445.51,191.35,2020.0,2023.0,28.0,0.0,,1,3.0,0.0
ROAD TRANSPORT AND HIGHWAYS,"KEIFANG - TUVAI PKG-3 - [N24002027]NHIDCL,MIZORAM",500.88,500.88,91.04,2021.0,2025.0,15.0,0.0,,1,4.0,0.0
ROAD TRANSPORT AND HIGHWAYS,"IMPROVEMENT/WIDENING TO 2- LANE WITH PAVED SHOULDER FROM (DESIGN KM 10.670 TO KM 37.550) BETWEEN SHIL - [N24001314]NHIDCL,MEGHALAYA",525.68,525.68,358.99,2020.0,2023.0,32.0,0.0,,1,3.0,0.0
ROAD TRANSPORT AND HIGHWAYS,"IMPROVEMENT/WIDENING TO 2- LANE WITH PAVED SHOULDER / 4-LANING FROM (DESIGN KM 63.530 TO KM 71.520) B - [N24001335]NHIDCL,MEGHALAYA",284.21,284.21,45.46,2020.0,2023.0,35.0,0.0,,1,3.0,0.0
ROAD TRANSPORT AND HIGHWAYS,"JOGIGHOPA BRIDGE - [N24001434]NHIDCL,ASSAM",746.76,746.76,267.48,2021.0,2024.0,25.0,0.0,,1,3.0,0.0
ROAD TRANSPORT AND HIGHWAYS,"FOUR LANING OF BAKHTIYARPUR - MOKAMA SECTION OF NH-31 - [N24000507]NHAI,BIHAR FOUR LANNING OF VIKRAVANDI- SETHIYAHOPU FROM KM 0.000 TO KM 60.250(DESIGN CHAINAGE KM 0.000 TO KM 65. - [N24000652]NHAI,TAMIL NADU",1167.45,1182.94,707.88,2015.0,2019.0,53.0,1.33,,1,4.0,0.013300000000000001
ROAD TRANSPORT AND HIGHWAYS,"FOUR LANING OF DANGIAWAS (KM 96.595 TO NH-112) TO JAJIWAL (KM 283.500 OF NH 65 NAGAUR ROAD) SECTIO - [N24000711]NHAI,RAJASTHAN",1308.73,1308.73,656.1,2017.0,2020.0,41.0,0.0,,1,3.0,0.0
ROAD TRANSPORT AND HIGHWAYS,2,4.0,5.0,6.0,,,9.0,10.0,11,1,,0.1
ROAD TRANSPORT AND HIGHWAYS,"TWO / FOUR LANING OF RAEBARELI - JAGDISHPUR SECTION OF NH-330A FROM KM. 0.000 TO KM. 47.800 (DESIGN - [N24001306]NHAI,UTTAR PRADESH",724.6,724.6,569.96,2020.0,2023.0,14.0,0.0,,1,3.0,0.0
ROAD TRANSPORT AND HIGHWAYS,"FOUR LANING OF EXISTING 2 LANE SECTION FROM MALOUT (DESIGN KM 44.500, EXISTING KM 80.200 OF NH-07) V - [N24001514]NHAI,PUNJAB",1060.29,1060.29,975.55,2021.0,2024.0,4.0,0.0,,1,3.0,0.0
ROAD TRANSPORT AND HIGHWAYS,"CONSTRUCTION OF 4-LANE NH- 344P-PACKAGE-4 (FROM KM 0+000 TO KM 29+600, 29.6KM), STARTING FROM BAWANA - [N24001532]NHAI,HARYANA",694.0,1500.0,1398.08,2021.0,2023.0,6.0,116.14,,1,2.0,1.1614
ROAD TRANSPORT AND HIGHWAYS,"4-LANING OF GOHANA-SONIPAT (PKG-2) SECTION FROM KM 40.601 TO KM 78.837 (LENGTH = 38.236KM) OF NH-352 - [N24001535]NHAI,HARYANA",899.0,1882.46,987.25,2020.0,2022.0,22.0,109.39,,1,2.0,1.0939
ROAD TRANSPORT AND HIGHWAYS,"FOUR LANING OF JIND GOHANA GREENFIELD ALIGNMENT PACKAGE 1 IN THE STATE OF HARYANA UNDER HYBRID ANNUI - [N24001536]NHAI,HARYANA",817.0,1605.0,929.61,2020.0,2022.0,22.0,96.45,,1,2.0,0.9645
ROAD TRANSPORT AND HIGHWAYS,"SANGARIYA (NEAR CHAUTALA)- RASISAR (NEAR BIKANER) (PHASE-I) (AJ/SR-PACKAGE-2) - [N24001560]NHAI,RAJASTHAN",755.16,755.16,897.48,2019.0,2023.0,7.0,0.0,,1,4.0,0.0
ROAD TRANSPORT AND HIGHWAYS,"DEOGARH (NEAR DHANDHANIYA)- RAJASTHAN/GUJARAT BORDER (PHASE-I) (AJ/DRGB-PACKAGE-8) - [N24001561]NHAI,RAJASTHAN",839.63,839.63,192.06,2019.0,2023.0,7.0,0.0,,1,4.0,0.0
ROAD TRANSPORT AND HIGHWAYS,"SANGARIYA (NEAR CHAUTALA)- RASISAR (NEAR BIKANER) (PHASE-I) (AJ/SR-PACKAGE-1) - [N24001562]NHAI,RAJASTHAN",738.9,738.9,882.77,2019.0,2023.0,7.0,0.0,,1,4.0,0.0
ROAD TRANSPORT AND HIGHWAYS,"DEOGARH (NEAR DHANDHANIYA)- RAJASTHAN/GUJARAT BORDER (PHASE-I) (AJ/DRGB-PACKAGE-6) - [N24001563]NHAI,RAJASTHAN",846.59,846.59,116.07,2019.0,2023.0,9.0,0.0,,1,4.0,0.0
ROAD TRANSPORT AND HIGHWAYS,"DEOGARH (NEAR DHANDHANIYA)- RAJASTHAN/GUJARAT BORDER (PHASE-I) (AJ/DRGB-PACKAGE-7) - [N24001564]NHAI,RAJASTHAN",662.08,662.08,83.76,2019.0,2023.0,10.0,0.0,,1,4.0,0.0
ROAD TRANSPORT AND HIGHWAYS,2,4.0,5.0,6.0,,,9.0,10.0,11,1,,0.1
ROAD TRANSPORT AND HIGHWAYS,"2L PS OF SATNA - MAIHAR SECTION OF NH-135BG FROM KM 80.800 TO KM 120.125 - [N24001616]NHAI,MADHYA PRADESH",428.04,328.77,207.21,2021.0,2023.0,7.0,0,,1,2.0,0.0
ROAD TRANSPORT AND HIGHWAYS,"4L SPUR OF PANIPAT - SHAMLI CONNECTING NH-709AD (PANIPAT – SHAMLI – MUZAFFARNAGAR) AND NH- 709A (KARN - [N24001729]NHAI,UTTAR PRADESH",326.79,329.79,87.78,2022.0,2024.0,1.0,0.92,,1,2.0,0.0092
ROAD TRANSPORT AND HIGHWAYS,"FOUR LANING OF BAL. WORKS OF BARASAT-KRISHNAGAR FROM KM.48.553 TO KM.115.272 - [N24001752]NHAI,WEST BENGAL",2375.87,2843.79,2360.81,2018.0,2023.0,15.0,19.69,,1,5.0,0.19690000000000002
ROAD TRANSPORT AND HIGHWAYS,"SANCHORE - SANTALPUR FROM KM 4.888 - KM 35.000 OF NH- 754K (AJ-RGBS-PACKAGE-1) - [N24001791]NHAI,GUJARAT",606.51,657.0,453.89,2020.0,2023.0,11.0,8.32,,1,3.0,0.0832
ROAD TRANSPORT AND HIGHWAYS,"VARANASI-AURANGABAD KM.786 TO KM.978.40 - [N24000182]NHAI,MULTI STATE",2848.0,3241.56,3901.66,2011.0,2014.0,123.0,13.82,,1,3.0,0.1382
ROAD TRANSPORT AND HIGHWAYS,"4-LANNING OF CHAPRA- HAJIPUR - [N24000187]NHAI,BIHAR",575.0,575.0,526.44,2011.0,2013.0,131.0,0.0,,1,2.0,0.0
ROAD TRANSPORT AND HIGHWAYS,"FOUR LANNING OF RAMPUR- KATHGODAM SECTION OF NH-87 FROM KM 0.000 (KM. 190.000 OF NH-24) TO KM 42.791 - [N24000556]NHAI,UTTAR PRADESH",899.0,1623.88,1058.84,2016.0,2019.0,62.0,80.63,,1,3.0,0.8062999999999999
ROAD TRANSPORT AND HIGHWAYS,"NAGPUR RING ROAD PACKAGE- 1 - [N24000558]NHAI,MAHARASHTR A",546.0,546.0,526.26,2016.0,2019.0,59.0,0.0,Nil,1,3.0,0.0
ROAD TRANSPORT AND HIGHWAYS,"FOUR LANNING OF RAMPUR- KATHGODAM SECTION OF NH-87 FROM KM 42.791 (DESIGN CHAINAGE 43.446) TO KM 88 - [N24000559]NHAI,UTTARAKHAND",720.0,1150.0,557.04,2016.0,2019.0,56.0,59.72,,1,3.0,0.5972
ROAD TRANSPORT AND HIGHWAYS,"4-LANNING OF HARIDWAR- NAGINA SECTION OF NH 74 FROM (KM 204.300 OF NH 58) TO KM 73.00 - [N24000564]NHAI,UTTAR PRADESH",1408.0,1659.12,1157.85,2016.0,2020.0,47.0,17.84,Nil,1,4.0,0.1784
ROAD TRANSPORT AND HIGHWAYS,"FOUR LANING OF KAGAVADAR - UNA SECTION OF NH-8E FROM KM 139.915 TO KM 180.478 (PACKAGE-IV) IN THE ST - [N24000569]NHAI,GUJARAT",723.64,723.64,559.33,2016.0,2024.0,57.0,0.0,,1,8.0,0.0
ROAD TRANSPORT AND HIGHWAYS,2,4.0,5.0,6.0,,,9.0,10.0,11,1,,0.1
ROAD TRANSPORT AND HIGHWAYS,"DEVELOPMENT OF FOUR LANNING OF ANGUL- SAMBALPUR SECTION OF NATIONAL HIGHWAY NH-42 (NEW NH-55 IN THE S - [N24000619]NHAI,ODISHA",2510.04,2510.04,1104.98,2016.0,2019.0,58.0,0.0,,1,3.0,0.0
ROAD TRANSPORT AND HIGHWAYS,"TWO/FOUR LANNING OF BRT TIGER RESERVE BOUNDARY TO BANGALORE SECTION OF NH- 209(EXISTING CHAINAGE FROM - [N24000622]NHAI,KARNATAKA",950.69,1487.46,1607.58,2016.0,2019.0,58.0,56.46,,1,3.0,0.5646
ROAD TRANSPORT AND HIGHWAYS,"CONSTRUCTION OF PARTIALLY ACESS CONTROLLED FOUR LANE ELEVATED HIGHWAY BETWEEN SAMRALA CHOWK (DESIGN - [N24000662]NHAI,PUNJAB",754.54,808.6,800.29,2017.0,2020.0,51.0,7.16,,1,3.0,0.0716
ROAD TRANSPORT AND HIGHWAYS,"SIX-LANNING OF GREENFIELD PROPOSED UDAIPUR BYPASS PKG-IV - [N24000691]NHAI,RAJASTHAN",894.0,929.32,915.67,2017.0,2020.0,50.0,3.95,,1,3.0,0.0395
ROAD TRANSPORT AND HIGHWAYS,"FOUR LANNING OF CHOLOPURAM-THANJAVUR - [N24000697]NHAI,TAMIL NADU",1176.37,1176.37,1254.79,2017.0,2020.0,45.0,0.0,,1,3.0,0.0
ROAD TRANSPORT AND HIGHWAYS,"4-LANNING OF STHIYATHOPU- CHOLOPURAM - [N24000708]NHAI,TAMIL NADU",1227.87,1227.87,1261.43,2017.0,2020.0,46.0,0.0,,1,3.0,0.0
ROAD TRANSPORT AND HIGHWAYS,"BALANCE WORK FOR FOUR LANING OF ITARSI TO BETUL SECTION OF NH69 FROM KM 63.000 TO KM 137.00 (DESIGN - [N24000709]NHAI,MADHYA PRADESH",950.27,786.43,616.54,2017.0,2020.0,52.0,0,,1,3.0,0.0
ROAD TRANSPORT AND HIGHWAYS,"CONSTRUCTION/ UP-GRATION OF FOUR/TWO LANE WITH PAVED SHOULDER OF NH68 FROM TANOT-RAMGARH BHADASAR-JA - [N24000795]NHAI,RAJASTHAN",741.86,649.0,672.53,2018.0,2021.0,38.0,0,,1,3.0,0.0
ROAD TRANSPORT AND HIGHWAYS,"CONSTRUCTION OF NH-24 EXTENSION 4-LANE BYPASS STARTING FROM BEHTA ROAD AND TERMINATING AT SITAPUR RO - [N24000796]NHAI,UTTAR PRADESH",1117.84,1203.92,1165.5,2018.0,2021.0,30.0,7.7,,1,3.0,0.077
ROAD TRANSPORT AND HIGHWAYS,"SIX LANING OF HAPUR BYPASS TO MORADABAD SECTION INCLUDING HAPUR BYPASS FROM KM 50.000 (DESIGN CHAINA - [N24000798]NHAI,UTTAR PRADESH",2140.93,2140.93,2048.57,2018.0,2021.0,31.0,0.0,Nil,1,3.0,0.0
ROAD TRANSPORT AND HIGHWAYS,2,4.0,5.0,6.0,,,9.0,10.0,11,1,,0.1
ROAD TRANSPORT AND HIGHWAYS,"4L OF ADDAHOLE TO BANTWAL CROSS SECTION - [N24001426]NHAI,KARNATAKA",317.9,317.9,303.86,2021.0,2021.0,32.0,0.0,Land acquisition affecting for cutting of horticulture trees from Ch. 266.680 to 266.820 (RHS).,1,0.0,0.0
ROAD TRANSPORT AND HIGHWAYS,"BALANCE WORKS OF FOUR LANING FROM RAMBAN KM 151.00 TO BANIHAL KM 187.00 OF NH-1A (NOW NH-44) WITH VA - [N24001472]NHAI,JAMMU AND KASHMIR",811.19,811.19,723.48,2021.0,2023.0,6.0,0.0,,1,2.0,0.0
ROAD TRANSPORT AND HIGHWAYS,"INTEGRATED STRUCTURE WITH DEVELOPMENT OF OTHER ALLIED STRUCTURES ON BOTH SIDES OF CHANDNI CHOWK JUNC - [N24001485]NHAI,MAHARASHTR A",397.6,397.6,374.85,2019.0,2022.0,28.0,0.0,,1,3.0,0.0
ROAD TRANSPORT AND HIGHWAYS,"4L OF INDAPUR TO TONDLE (PKG-III) FROM KM.84.550 TO KM. 131.00 OF NH-965G (SAINT TUKARAM MARG) - [N24001503]NHAI,MAHARASHTR A",667.66,666.21,471.34,2021.0,2023.0,9.0,0,,1,2.0,0.0
ROAD TRANSPORT AND HIGHWAYS,"DELHI VADODARA GREENFIELD ALIGNMENT SECTION OF NH 148N PACKAGE 27 - [N24001516]NHAI,GUJARAT",1185.69,1185.69,785.75,2020.0,2024.0,4.0,0.0,,1,4.0,0.0
ROAD TRANSPORT AND HIGHWAYS,"DELHI VADODARA GREENFIELD ALIGNMENT SECTION OF NH 148N PACKAGE 30 - [N24001518]NHAI,GUJARAT",1669.56,1669.56,890.0,2019.0,2023.0,9.0,0.0,,1,4.0,0.0
ROAD TRANSPORT AND HIGHWAYS,"DELHI VADODARA GREENFIELD ALIGNMENT SECTION OF NH 148N PACKAGE 28 - [N24001519]NHAI,GUJARAT",1198.55,1198.55,757.29,2020.0,2023.0,7.0,0.0,,1,3.0,0.0
ROAD TRANSPORT AND HIGHWAYS,"DELHI VADODARA GREENFIELD ALIGNMENT SECTION OF NH 148N PACKAGE 31 - [N24001520]NHAI,GUJARAT",1604.06,1604.06,1211.61,2019.0,2024.0,1.0,0.0,,1,5.0,0.0
ROAD TRANSPORT AND HIGHWAYS,"6L ACCESS-CONTROLLED HIGHWAY FROM (GANESHPUR) TO(NEAR MOHAND) OF GANESHPUR – DEHRADUN SECTION FROM K - [N24001523]NHAI,UTTAR PRADESH",836.24,836.24,772.73,2021.0,2023.0,8.0,0.0,,1,2.0,0.0
ROAD TRANSPORT AND HIGHWAYS,"6L OF ACCESS-CONTROLLED HIGHWAY FROM MOHAND TO DAAT KALI TUNNEL OF GANESHPUR – DEHRADUN SECTION FROM - [N24001524]NHAI,UTTAR PRADESH",990.28,990.28,997.39,2021.0,2023.0,8.0,0.0,,1,2.0,0.0
ROAD TRANSPORT AND HIGHWAYS,2,4.0,5.0,6.0,,,9.0,10.0,11,1,,0.1
ROAD TRANSPORT AND HIGHWAYS,"6L ACCESS-CONTROLLED HIGHWAY OF DAAT KALI TUNNEL - DEHRADUN OF GANESHPUR – DEHRADUN SECTION FROM KM. - [N24001525]NHAI,UTTARAKHAND",169.08,169.08,92.56,2021.0,2024.0,3.0,0.0,,1,3.0,0.0
ROAD TRANSPORT AND HIGHWAYS,"CONSTRUCTION OF 4-LANE GREEN FIELD DELHI-AMRITSAR- KATRA EXPRESSWAY (NE-05) FROM JUSSUR KHERI ON KMP - [N24001533]NHAI,HARYANA",1690.23,2010.17,917.09,2020.0,2023.0,6.0,18.93,,1,3.0,0.1893
ROAD TRANSPORT AND HIGHWAYS,"6L STANDALONE FLYOVERS AT RAHA, DEMOW, BORGHAT, KATHIATALI JUNCTIONS AND ROB AT JAGIROAD ON STRETCHE - [N24001545]NHAI,ASSAM",175.0,175.0,169.56,2022.0,2022.0,18.0,0.0,,1,0.0,0.0
ROAD TRANSPORT AND HIGHWAYS,"DELHI-VADODARA GREENFIELD ALIGNMENT (NH-148N) (PKG-14) (CH. 388.420 TO CH. 419.000) [JUNCTION WITH N - [N24001568]NHAI,RAJASTHAN",1119.35,1119.35,1409.0,2019.0,2023.0,13.0,0.0,,1,4.0,0.0
ROAD TRANSPORT AND HIGHWAYS,"DELHI-VADODARA GREENFIELD ALIGNMENT (NH-148N) (PKG-12) (CH. 331.030 TO CH. 359.170) [MAJOR BRIDGE ON - [N24001569]NHAI,RAJASTHAN",1425.02,1425.02,1364.99,2019.0,2023.0,15.0,0.0,,1,4.0,0.0
ROAD TRANSPORT AND HIGHWAYS,"DELHI-VADODARA GREENFIELD ALIGNMENT (NH-148N) (PKG-13) (CH. 359.170 TO CH. 388.420) [JUNCTION WITH S - [N24001571]NHAI,RAJASTHAN",1341.36,1341.36,1067.22,2019.0,2023.0,6.0,0.0,,1,4.0,0.0
ROAD TRANSPORT AND HIGHWAYS,"DELHI-VADODARA GREENFIELD ALIGNMENT (NH-148N) (PKG-09) (CH. 247.310 TO CH. 292.950) [JUNCTION WITH M - [N24001573]NHAI,RAJASTHAN",1658.06,1658.06,157.41,2019.0,2022.0,18.0,0.0,,1,3.0,0.0
ROAD TRANSPORT AND HIGHWAYS,"4L OF MIRZA CHAUKI TO FARKKA SECTION OF NH80 FROM KM 215.00 TO KM 260.00 ON HAM MODE IN THE STATE OF - [N24001596]NHAI,JHARKHAND",1302.72,1302.72,767.81,2021.0,2023.0,11.0,0.0,,1,2.0,0.0
ROAD TRANSPORT AND HIGHWAYS,"BELAKERI PORT TO KUMTA - SIRSI ROAD FROM KM 0.00 - KM 4.265 OF BELEKERI PORT ROAD LINK RD. AND KM 4. - [N24001599]NHAI,KARNATAKA",440.16,440.16,278.29,2018.0,2022.0,18.0,0.0,Delay in Government order for traffic diversion and also there is land acquisition problem.,1,4.0,0.0
ROAD TRANSPORT AND HIGHWAYS,"KATNI BYPASS FROM KM. 359.50 TO KM. 378.50 - [N24001618]NHAI,MADHYA PRADESH",194.4,194.4,131.6,2019.0,2022.0,21.0,0.0,,1,3.0,0.0
ROAD TRANSPORT AND HIGHWAYS,2,4.0,5.0,6.0,,,9.0,10.0,11,1,,0.1
ROAD TRANSPORT AND HIGHWAYS,"CONSTRUCTION OF EMERGENCY LANDING FACILITY FROM KM. 246.60 TO KM. 249.70 ON SRINAGAR - BANIHAL SECTI - [N24001624]NHAI,JAMMU AND KASHMIR",157.05,157.05,133.21,2019.0,2020.0,44.0,0.0,Nil,1,1.0,0.0
ROAD TRANSPORT AND HIGHWAYS,"CONSTRUCTION OF FOUR LANE GREENFIELD PROJECT OF DELHI-AMRITSAR-KATRA EXPRESSWAY (PHASE-I PKG-III) F - [N24001633]NHAI,HARYANA",1430.88,1430.88,955.63,2020.0,2023.0,6.0,0.0,,1,3.0,0.0
ROAD TRANSPORT AND HIGHWAYS,"BALANCE WORK OF PANIKOILI RIMULI SECTION OF NEW NH-20 FROM KM 0.00 TO KM. 163.000 - [N24001647]NHAI,ODISHA",200.0,154.73,137.04,2020.0,2022.0,27.0,0,,1,2.0,0.0
ROAD TRANSPORT AND HIGHWAYS,"6L MINOR BRIDGE (PALOLI PALAM) AT KM. 203.160 and MAJOR BRIDGE (MORAD) AT KM. 204.895 AND ALLIED WOR - [N24001652]NHAI,KERALA",210.37,214.36,198.01,2020.0,2022.0,24.0,1.9,,1,2.0,0.019
ROAD TRANSPORT AND HIGHWAYS,"CONSTRUCTION OF 4 LANE BANGALORE -CHENNAI EXPRESSWAY FROM KM 53.500 TO KM 71.000 SECTION OF NE-7 (BA - [N24001685]NHAI,KARNATAKA",1069.0,1067.89,812.64,2021.0,2024.0,5.0,0,,1,3.0,0.0
ROAD TRANSPORT AND HIGHWAYS,"CONSTRUCTION OF 4 LANE BANGALORE-CHENNAI EXPRESSWAY FROM KM 0.000 TO KM 26.400 NE-7(ALONG WITH 0.700 - [N24001688]NHAI,KARNATAKA",3184.0,2867.98,1142.41,2020.0,2023.0,9.0,0,,1,3.0,0.0
ROAD TRANSPORT AND HIGHWAYS,"CONSTRUCTION OF 4 LANE BANGALORE - CHENNAI EXPRESSWAY FROM KM 26.400 TO KM 53.500 SECTION OF NE-7 (M - [N24001689]NHAI,KARNATAKA",1745.0,1595.2,1237.77,2020.0,2023.0,9.0,0,,1,3.0,0.0
ROAD TRANSPORT AND HIGHWAYS,"4 LANING OF GALGALIA - BAHADURGANJ SECTION FROM KM 0.000 TO KM 49.000 (PACKAGE-I) OF NH-327E. - [N24001706]NHAI,BIHAR",1097.18,1097.0,262.91,2021.0,2024.0,5.0,0,,1,3.0,0.0
ROAD TRANSPORT AND HIGHWAYS,"4 LANING OF BAHADURGANJ ARARIA SECTION FROM KM 49.000 TO KM 94.000 (PACKAGE- II) OF NH-327E - [N24001707]NHAI,BIHAR",1143.46,1143.46,224.93,2021.0,2024.0,5.0,0.0,,1,3.0,0.0
ROAD TRANSPORT AND HIGHWAYS,"4 LANING FROM KM. 34.600 TO KM. 79.970 and 2LPS FROM KM. 79.970 TO KM. 82.000 OF NARENPUR - PURNEA S - [N24001710]NHAI,BIHAR",2334.68,2494.2,704.32,2020.0,2023.0,15.0,6.83,,1,3.0,0.0683
ROAD TRANSPORT AND HIGHWAYS,2,4.0,5.0,6.0,,,9.0,10.0,11,1,,0.1
ROAD TRANSPORT AND HIGHWAYS,"6L OF MADURAVOYAL TO SRIPERUMBUDUR SECTION FROM KM. 13.800 TO KM. 37.000 OF NH-4 THROUGH STATE HIGH - [N24001722]NHAI,TAMIL NADU",463.44,463.44,329.7,2021.0,2023.0,16.0,0.0,,1,2.0,0.0
ROAD TRANSPORT AND HIGHWAYS,"4L OF HARDA - BETUL (PKG-I) FROM KM.0 TO KM.30 [HARDA - TEMAGAON] - [N24001763]NHAI,MADHYA PRADESH",774.16,893.08,464.84,2021.0,2023.0,9.0,15.36,,1,2.0,0.1536
ROAD TRANSPORT AND HIGHWAYS,"4L OF HARDA - BETUL (PKG-III) FROM KM. 81.00 TO KM.121.248 [CHICHOLI - BETUL] - [N24001764]NHAI,MADHYA PRADESH",814.04,947.29,431.27,2021.0,2023.0,9.0,16.37,,1,2.0,0.1637
ROAD TRANSPORT AND HIGHWAYS,"DHANGAON - BORGAON SECTION (KM 81.000 TO KM 139.000) [INDORE - EDLABAD PKG IV] - [N24001769]NHAI,MADHYA PRADESH",831.0,831.0,840.3,2018.0,2023.0,10.0,0.0,,1,5.0,0.0
ROAD TRANSPORT AND HIGHWAYS,"CONSTRUCTION OF GURGAON - PATAUDI - REWARI SECTION OF NH-352W (DESIGN LENGTH 46.11 KM) AS FEEDER ROU - [N24001774]NHAI,HARYANA",1524.03,1524.03,1059.4,2020.0,2023.0,7.0,0.0,,1,3.0,0.0
ROAD TRANSPORT AND HIGHWAYS,"DEVELOPMENT OF 4L UER II [PACKAGE - V] (SPUR TO BAHADURGARH BYPASS) (NH- 10) FROM KM. 0.00 TO KM.7.30 - [N24001778]NHAI,DELHI",801.46,801.46,382.03,2020.0,2023.0,8.0,0.0,,1,3.0,0.0
ROAD TRANSPORT AND HIGHWAYS,"DWARKA EXPRESSWAY FROM KM -0.600 TO KM 5.300 - PKG-I (SHIVMURTI CHOWK-RUB NEAR DWARKA SECTOR 21) - [N24001779]NHAI,DELHI",2507.0,3030.73,1155.7,2018.0,2022.0,21.0,20.89,,1,4.0,0.2089
ROAD TRANSPORT AND HIGHWAYS,"8L OF DWARKA EXPRESSWAY PKG-II (RUB NEAR DWARKA SECTOR 21-DL/HR BORDER) FROM 5.300 KM.TO 9.500 KM. O - [N24001781]NHAI,DELHI",2067.67,2160.0,1496.49,2018.0,2021.0,32.0,4.47,,1,3.0,0.0447
ROAD TRANSPORT AND HIGHWAYS,"CONSTRUCTION OF 8LANE EXPRESSWAY NE4 STARTING BEFORE KMP EXPRESSWAY AND ENDS AT CH. 47+000 NEAR KHAN - [N24001783]NHAI,HARYANA",2252.75,2252.75,1223.07,2018.0,2021.0,33.0,0.0,,1,3.0,0.0
ROAD TRANSPORT AND HIGHWAYS,"CONSTRUCTION OF EIGHT LANE EXPRESSWAY STARTING AT CH. 47+000 NEAR KHANPUR GHATI AND ENDS AT HARYANA - [N24001784]NHAI,HARYANA",1935.61,1935.61,856.41,2018.0,2021.0,33.0,0.0,,1,3.0,0.0
ROAD TRANSPORT AND HIGHWAYS,2,4.0,5.0,6.0,,,9.0,10.0,11,1,,0.1
ROAD TRANSPORT AND HIGHWAYS,"CONSTRUCTION OF EIGHT LANE ACCESS CONTROLLED EXPRESSWAY FROM KM 217.500 TO KM 254.430 OF VADODARA MU - [N24001788]NHAI,GUJARAT",2271.86,3916.0,518.25,2020.0,2023.0,6.0,72.37,,1,3.0,0.7237
ROAD TRANSPORT AND HIGHWAYS,"CONSTRUCTION OF EIGHT LANE EXPRESSWAY FROM KM 190.000 TO KM 217.500 GANDEVA TO ENA SECTION OF VADODA - [N24001789]NHAI,GUJARAT",1710.3,1927.0,362.81,2020.0,2023.0,10.0,12.67,,1,3.0,0.1267
ROAD TRANSPORT AND HIGHWAYS,"SANCHORE - SANTALPUR FROM KM 67.000- KM 99.000 OF NH- 754K (AJ-RGBS-PACKAGE-3) - [N24001790]NHAI,GUJARAT",752.3,766.2,451.11,2020.0,2023.0,10.0,1.85,,1,3.0,0.018500000000000003
ROAD TRANSPORT AND HIGHWAYS,"4L OF BAL WORKS OF TALAJA - MAHUVA FROM 54.990 KM. TO 100.450 KM. OF OLD NH-8E (PACKAGE-II) - [N24001792]NHAI,GUJARAT",536.03,536.03,434.87,2021.0,2022.0,21.0,0.0,,1,1.0,0.0
ROAD TRANSPORT AND HIGHWAYS,"4L OF BAL WORKS OF MAHUVA TO KAGVADAR FROM 100.450 KM. TO 140.470 KM. OF NH-8E (PKG- III) - [N24001793]NHAI,GUJARAT",485.75,485.75,363.53,2021.0,2022.0,21.0,0.0,,1,1.0,0.0
ROAD TRANSPORT AND HIGHWAYS,"SANCHORE - SANTALPUR FROM KM 99.000- KM 130.073 OF NH- 754K (AJ-RGBS-PACKAGE-4) - [N24001794]NHAI,GUJARAT",778.15,785.67,511.14,2020.0,2023.0,15.0,0.97,,1,3.0,0.0097
ROAD TRANSPORT AND HIGHWAYS,"4L MITIGATION MEASURE STRUCTURES ON CH/MH BORDER TO WAINGANGA BRIDGE SECTION OF NH-53 - [N24001798]NHAI,MAHARASHTR A",540.21,540.21,406.67,2021.0,2023.0,7.0,0.0,,1,2.0,0.0
ROAD TRANSPORT AND HIGHWAYS,"BAL. WORKS OF FAGNE (KM. 510.000) TO MAHARASHTRA/GUJARAT BORDER (KM. 650.794) - [N24001804]NHAI,MAHARASHTR A",1654.07,980.0,835.19,2019.0,2022.0,21.0,0,,1,3.0,0.0
ROAD TRANSPORT AND HIGHWAYS,"DEVELOPMENT OF 6L UER II [PACKAGE - II] (KARALA KANJHAWALA ROAD TILL NANGLOI - NAJAFGARH ROAD) FROM - [N24001825]NHAI,DELHI",1894.96,1894.96,741.88,2020.0,2023.0,8.0,0.0,,1,3.0,0.0
ROAD TRANSPORT AND HIGHWAYS,"4L KODINAR - VERAVAL (PACKAGE VI) FROM KM. 222.400 TO KM. 230.00 (KODINAR BYPASS) OF NH-8E (NH 51 NE - [N24001827]NHAI,GUJARAT",162.73,162.73,125.79,2022.0,2023.0,15.0,0.0,,1,1.0,0.0
ROAD TRANSPORT AND HIGHWAYS,2,4.0,5.0,6.0,,,9.0,10.0,11,1,,0.1
ROAD TRANSPORT AND HIGHWAYS,"BALANCE WORKS OF 4-LANNING OF RAMPUR-KATHGODAM SECTION OF NH-87 (NEW NH NO. 09) FROM KM. 0.000 (KM 1 - [N24001992]NHAI,UTTAR PRADESH",199.31,199.38,86.84,2022.0,2024.0,4.0,0.04,,1,2.0,0.0004
ROAD TRANSPORT AND HIGHWAYS,"GARHMUKTESHWAR (KM. 83.200 OF NH-24) TO MEERUT (KM. 9.860 OF NH-235) INCLUDING CONNECTOR TO NH-119 - [N24002073]NHAI,UTTAR PRADESH",2068.99,2171.0,209.6,2019.0,2023.0,8.0,4.93,,1,4.0,0.0493
ROAD TRANSPORT AND HIGHWAYS,"FOUR LANING OF UDHAMBUR - RAMBAN SECTION OF NH-1A - [N24000488]NHAI,JAMMU AND KASHMIR",2136.97,2644.0,2362.99,2015.0,2018.0,67.0,23.73,,1,3.0,0.2373
ROAD TRANSPORT AND HIGHWAYS,"FOUR LANING OF UNA TO KODINAR OF NH-8E FROM KM. 180.478 TO KM 221.610 (PACKAGE-V) IN THE STATE OF GU - [N24000570]NHAI,GUJARAT",763.08,763.08,485.99,2016.0,2019.0,59.0,0.0,,1,3.0,0.0
ROAD TRANSPORT AND HIGHWAYS,"4-LANNING OF KODINAR TO VERAVAL SECTION OF NH-8E FROM KM 221.610 TO KM 263.000 - [N24000592]NHAI,GUJARAT",829.97,829.97,421.44,2016.0,2020.0,48.0,0.0,,1,4.0,0.0
ROAD TRANSPORT AND HIGHWAYS,"4-LANNING OF BODHRE-DHULE SECTION(KM 390.000 TO 452.800) - [N24000656]NHAI,MAHARASHTR A",744.64,1007.0,362.98,2017.0,2020.0,52.0,35.23,Nil,1,3.0,0.35229999999999995
ROAD TRANSPORT AND HIGHWAYS,"6-LANING OF VIJAYAWADA BYPASS FROM GOLLAPUDI (DESIGN CH. 30+000) TO CHINNAKAKANI (DESIGN CH. 47+881) - [N24001301]NHAI,ANDHRA PRADESH",1601.1,1601.1,729.14,2019.0,2024.0,6.0,0.0,,1,5.0,0.0
ROAD TRANSPORT AND HIGHWAYS,"DELHI-AMRITSAR-KATRA EXPRESSWAY (PHASE-I PKG-VI) FROM JUNCTION WITH PATIALA- SAMANA-PATRAN ROAD (SH-1 - [N24001414]NHAI,PUNJAB",733.0,908.28,863.78,2020.0,2024.0,6.0,23.91,,1,4.0,0.2391
ROAD TRANSPORT AND HIGHWAYS,"DELHI-AMRITSAR-KATRA EXPRESSWAY FROM JUNCTION WITH PATIALA-BATHINDA ROAD (NH-7) NEAR BHAWANIGARH TO - [N24001415]NHAI,PUNJAB",881.0,881.0,843.29,2020.0,2024.0,3.0,0.0,,1,4.0,0.0
ROAD TRANSPORT AND HIGHWAYS,"DELHI-AMRITSAR-KATRA EXPRESSWAY FROM JUNCTION WITH LUDHIANA-MOGA ROAD (NH-5) NEAR MULLANPUR DAKHA TO - [N24001417]NHAI,PUNJAB",1234.4,1234.4,708.62,2020.0,2024.0,3.0,0.0,,1,4.0,0.0
ROAD TRANSPORT AND HIGHWAYS,2,4.0,5.0,6.0,,,9.0,10.0,11,1,,0.1
ROAD TRANSPORT AND HIGHWAYS,"DELHI-AMRITSAR-KATRA EXPRESSWAY FROM CH.KM 303+900 TO KM 319+400 OF MAIN EXPRESSWAY) AND AMRITSAR CO - [N24001418]NHAI,PUNJAB",1094.46,1094.46,682.02,2020.0,2024.0,3.0,0.0,,1,4.0,0.0
ROAD TRANSPORT AND HIGHWAYS,"4L OF BARAMATI TO INDAPUR (PKG-II) FROM KM. 41.400 TO KM. 84.550 OF NH-965G (SAINT TUKARAM MARG) - [N24001502]NHAI,MAHARASHTR A",624.45,627.79,398.06,2021.0,2023.0,10.0,0.53,,1,2.0,0.0053
ROAD TRANSPORT AND HIGHWAYS,"SHRIRAMPUR (KM. 0.000) TO KOCHUGAON (KM. 30.000) OF BIJNI TO ASSAM./WEST BENGAL BORDER SECTION OF NH - [N24001549]NHAI,ASSAM",442.23,442.23,265.19,2017.0,2020.0,51.0,0.0,,1,3.0,0.0
ROAD TRANSPORT AND HIGHWAYS,"DELHI-VADODARA GREENFIELD ALIGNMENT (NH-148N) (PKG-10) (CH. 292.950 TO CH. 319.400) [END OF INTERCHA - [N24001567]NHAI,RAJASTHAN",1272.97,1272.97,559.27,2019.0,2022.0,21.0,0.0,,1,3.0,0.0
ROAD TRANSPORT AND HIGHWAYS,"4-LANING OF VADIPPATTI - THAMARAIPATTI SECTION OF NH-744A (MADURAI RING ROAD) - [N24001606]NHAI,TAMIL NADU",854.94,854.94,334.05,2018.0,2022.0,28.0,0.0,,1,4.0,0.0
ROAD TRANSPORT AND HIGHWAYS,"CONSTRUCTION OF TUNNELS/VIADUCTS AT IDENTIFIED SLIDING/SLIP ZONES AT KM 130.550 TO KM.130.750; KM. - [N24001620]NHAI,JAMMU AND KASHMIR",442.14,442.14,211.15,2021.0,2023.0,9.0,0.0,,1,2.0,0.0
ROAD TRANSPORT AND HIGHWAYS,"BANIHAL BYPASS (DELINKED FROM SRINAGAR - BANIHAL) FROM KM. 187.00 TO KM. 189.350 - [N24001623]NHAI,JAMMU AND KASHMIR",336.01,336.01,148.14,2020.0,2024.0,6.0,0.0,,1,4.0,0.0
ROAD TRANSPORT AND HIGHWAYS,"FOUR LANING OF BANAVARA TO BETTADAHALLI SECTION FROM KM. 119+790 (DESIGN KM. 121+900) TO KM. 166+100 - [N24001686]NHAI,KARNATAKA",1065.06,1444.5,151.25,2021.0,2023.0,16.0,35.63,,1,2.0,0.3563
ROAD TRANSPORT AND HIGHWAYS,"FOUR LANING OF KARADI TO BANAVARA SECTION FROM KM. 66+540 (DESIGN KM. 65+195) TO KM. 119+790 (DESIGN - [N24001691]NHAI,KARNATAKA",1225.24,1505.85,68.58,2019.0,2021.0,33.0,22.9,,1,2.0,0.22899999999999998
ROAD TRANSPORT AND HIGHWAYS,"4L OF SHAMLI BYAPSS- SAHARANPUR FROM KM 92.2 TO KM 155.025 SECTION OF NH- 709B, PKG-II - [N24001744]NHAI,UTTAR PRADESH",779.17,779.17,13.27,2019.0,2022.0,20.0,0.0,,1,3.0,0.0
ROAD TRANSPORT AND HIGHWAYS,2,4.0,5.0,6.0,,,9.0,10.0,11,1,,0.1
ROAD TRANSPORT AND HIGHWAYS,"6L OF WAINGANGA BRIDGE - BHANDARA (INCLUDING BHANDARA BYPASS) SECTION FROM KM 485.000 TO KM 499.800 - [N24001797]NHAI,MAHARASHTR A",815.77,815.77,571.98,2021.0,2024.0,6.0,0.0,,1,3.0,0.0
ROAD TRANSPORT AND HIGHWAYS,"6L JAKKUVA – KORLAM SECTION OF NH-130CD ROAD FROM KM 396.800 TO KM 421.100 (PKG 2) - [N24001837]NHAI,ANDHRA PRADESH",663.6,768.0,305.44,2021.0,2024.0,4.0,15.73,,1,3.0,0.1573
ROAD TRANSPORT AND HIGHWAYS,"BALANCE WORK OF 4L OF NAURADEHI SANCTUARY DE- SCOPED STRETCH OF HIRAN RIVER TO SINDOOR RIVER FROM KM. - [N24002067]NHAI,MADHYA PRADESH",178.18,178.18,160.64,2021.0,2023.0,12.0,0.0,,1,2.0,0.0
ROAD TRANSPORT AND HIGHWAYS,"PATNA-MUZZAFFARPUR - [N24000165]NHAI,BIHAR",671.3,671.3,1830.13,2010.0,2013.0,138.0,0.0,,1,3.0,0.0
ROAD TRANSPORT AND HIGHWAYS,"CONSTRUCTION OF FLYOVER AT KM.544.650 INCLUDING ROB ,SERVICE ROADS ,FOOTPATH FOR RCC DRAINS ON URBAN - [N24000442]NHAI,MAHARASHTR A",649.5,649.5,563.3,2015.0,2019.0,65.0,0.0,,1,4.0,0.0
ROAD TRANSPORT AND HIGHWAYS,"4-LANNING OF VARANASI GORAKHPUR SECTION OF NH-29 FROM 88.00 148.00 KM 4- LANNING OF VARANASI GORAKHPU - [N24000549]NHAI,UTTAR PRADESH",1396.74,4300.0,3983.38,2016.0,2019.0,58.0,207.86,,1,3.0,2.0786000000000002
ROAD TRANSPORT AND HIGHWAYS,"4-LANNING OF VARANASI GORAKHPUR SECTION OF NH-29 FROM 148.00 208.300 KM [PACKAGE-IV] - [N24000551]NHAI,UTTAR PRADESH",1587.49,3500.0,3157.0,2016.0,2019.0,64.0,120.47,,1,3.0,1.2046999999999999
ROAD TRANSPORT AND HIGHWAYS,"FOUR LANNING OF NERCHOWK- PANDOH BYPASS SECTION OF NH-21(PACKAGE-I KM 190.000 TO KM 221.305) UNDER NH - [N24000613]NHAI,HIMACHAL PRADESH",1273.71,1478.61,1351.62,2016.0,2020.0,49.0,16.09,,1,4.0,0.1609
ROAD TRANSPORT AND HIGHWAYS,"CONSTRUCTION OF STAND ALONE RING ROAD/ BYPASS AROUND JAMMU CITY IN THE STATE OF J AND K ON EPC MODE - [N24000717]NHAI,JAMMU AND KASHMIR",1471.75,1903.98,1557.5,2017.0,2021.0,37.0,29.37,,1,4.0,0.2937
ROAD TRANSPORT AND HIGHWAYS,2,4.0,5.0,6.0,,,9.0,10.0,11,1,,0.1
ROAD TRANSPORT AND HIGHWAYS,"REHABILITATION AND UPGRADATION OF TWO LANING OF MAHESHKHUNT - SAHARSA - PURNEA SECTION PKG - I - [N24000723]NHAI,BIHAR",573.7,726.99,452.2,2018.0,2021.0,32.0,26.72,"Procedural delay in Land Acquisition. Now, disbursement is in progress and possession received.",1,3.0,0.2672
ROAD TRANSPORT AND HIGHWAYS,"FOUR LANING OF BARHI - KODERMA SECTION OF NH - 31 - [N24000725]NHAI,JHARKHAND",273.46,276.17,244.92,2018.0,2021.0,33.0,0.99,,1,3.0,0.009899999999999999
ROAD TRANSPORT AND HIGHWAYS,"REHABILITATION AND UP- GRADATION OF EXISTING 2- LANE TO FOUR LANE FROM TALCHAR TO END OF KAMAKHYANAG - [N24000734]NHAI,ODISHA",614.48,757.12,664.48,2018.0,2021.0,36.0,23.21,,1,3.0,0.2321
ROAD TRANSPORT AND HIGHWAYS,"CONSTRUCTION OF FOUR LANE EXPRESSWAY FROM START OF SARDAR PATEL RING ROAD TO SINDHREJ VILLAGE (CH. 0 - [N24001443]NHAI,GUJARAT",690.3,690.3,662.26,2020.0,2024.0,5.0,0.0,,1,4.0,0.0
ROAD TRANSPORT AND HIGHWAYS,"CONSTRUCTION OF FOUR LANE EXPRESSWAY FROM START OF SINDHREJ VILLAGE (CH. 22.00 TO CH. 48.52) SECTION - [N24001444]NHAI,GUJARAT",882.0,882.0,662.93,2020.0,2024.0,7.0,0.0,,1,4.0,0.0
ROAD TRANSPORT AND HIGHWAYS,"CONSTRUCTION OF FOUR LANE EXPRESSWAY FROM START OF VEJALLKA VILLAGE TO START OF DSIR ZONE OF AHMEDAB - [N24001445]NHAI,GUJARAT",691.52,691.52,635.31,2020.0,2023.0,13.0,0.0,,1,3.0,0.0
ROAD TRANSPORT AND HIGHWAYS,"CONSTRUCTION OF FOUR LANE EXPRESSWAY FROM START OF DSIR ZONE OF AHMEDABAD DISTRICT TO ADHELAI VILLAG - [N24001446]NHAI,GUJARAT",894.0,894.0,779.37,2020.0,2023.0,8.0,0.0,,1,3.0,0.0
ROAD TRANSPORT AND HIGHWAYS,"DHARAMPURI-LONAND FROM KM. 117.00 TO 166.40 (PKG-IV) ON MOHOL-ALANDI SECTION - [N24001488]NHAI,MAHARASHTR A",618.45,618.45,565.93,2021.0,2023.0,11.0,0.0,,1,2.0,0.0
ROAD TRANSPORT AND HIGHWAYS,"DELHI VADODARA GREENFIELD ALIGNMENT SECTION OF NH 148N PACKAGE 26 - [N24001515]NHAI,GUJARAT",1542.02,1542.02,679.25,2020.0,2024.0,6.0,0.0,,1,4.0,0.0
ROAD TRANSPORT AND HIGHWAYS,"4L OF SAGAR - MOHARI FROM KM.8 TO KM.50 (PKG-I) - [N24001615]NHAI,MADHYA PRADESH",790.78,790.78,1269.17,2021.0,2024.0,4.0,0.0,,1,3.0,0.0
ROAD TRANSPORT AND HIGHWAYS,"4L OF NAGPUR-KATOL SECTION FROM KM. 13.00 TO KM. 62.900 OF NH-353J - [N24001799]NHAI,MAHARASHTR A",1166.96,1251.0,981.91,2021.0,2023.0,10.0,7.2,,1,2.0,0.07200000000000001
ROAD TRANSPORT AND HIGHWAYS,2,4.0,5.0,6.0,,,9.0,10.0,11,1,,0.1
ROAD TRANSPORT AND HIGHWAYS,"NAGPUR RING ROAD PACKAGE- 2 - [N24000560]NHAI,MAHARASHTR A",591.66,591.66,540.38,2016.0,2019.0,62.0,0.0,Nil,1,3.0,0.0
ROAD TRANSPORT AND HIGHWAYS,"SIX LANNING FROM KM. 401.200 TO 494.410 OF NH-8 ON HYBRID ANNUITY MODE UNDER NHDP- V(PKG VI)REG. - [N24000649]NHAI,GUJARAT",1251.11,1361.0,682.44,2017.0,2020.0,45.0,8.78,,1,3.0,0.08779999999999999
ROAD TRANSPORT AND HIGHWAYS,"CONSTRUCTION OF EIGHT LANE VADODARA KIM EXPRESSWAY FROM KM 254.430 TO KM 279.000 (KIM TO ANKLESHWAR - [N24000834]NHAI,GUJARAT",1161.39,1404.0,418.51,2018.0,2021.0,35.0,20.89,,1,3.0,0.2089
ROAD TRANSPORT AND HIGHWAYS,"CONSTRUCTION OF 8 LANING OF EXISTING 4 LANE VADAPE TO THANE FROM KM 539.202 TO KM 563.000 SECTION OF - [N24000851]NHAI,MAHARASHTR A",1162.92,1182.87,371.48,2018.0,2021.0,38.0,1.72,,1,3.0,0.0172
ROAD TRANSPORT AND HIGHWAYS,"6-LANING OF VIJAYAWADA BYPASS FROM CHINNA AVUTUPALLI (DESIGN CH.0+000) TO GOLLAPUDI (DESIGN CH. 30+0 - [N24001300]NHAI,ANDHRA PRADESH",1226.88,1581.24,1419.23,2019.0,2021.0,43.0,28.88,,1,2.0,0.2888
ROAD TRANSPORT AND HIGHWAYS,"4-LANING OF MADATHUKULAM - POLLACHI SECTION OF NH-209 (NEW NH-83) - [N24001602]NHAI,TAMIL NADU",1409.38,1409.38,605.7,2019.0,2022.0,21.0,0.0,,1,3.0,0.0
ROAD TRANSPORT AND HIGHWAYS,"DEVELOPMENT OF 6L UER-II (PACKAGE-I) (NH-1 NEAR BAKOLI TILL KARALA KANJHAWALA ROAD) FROM KM. (-)0.70 - [N24001777]NHAI,DELHI",2171.8,2171.8,958.13,2020.0,2023.0,11.0,0.0,,1,3.0,0.0
ROAD TRANSPORT AND HIGHWAYS,"6L ACCESS CONTROLLED HIGHWAY FROM JN WITH JAITPUR PUSHTA ROAD TO JN WITH SECTOR 62/65 DIVIDING ROAD - [N24002047]NHAI,HARYANA",1328.07,2346.0,1014.69,2020.0,2023.0,13.0,76.65,,1,3.0,0.7665000000000001
ROAD TRANSPORT AND HIGHWAYS,"4-LANNING OF WARANGA- MAHAGAON SECTION(KM 253.7000 TO 320.580) - [N24000659]NHAI,MAHARASHTR A",1059.73,1071.0,878.19,2017.0,2017.0,91.0,1.06,Nil,1,0.0,0.0106
ROAD TRANSPORT AND HIGHWAYS,"SIX LANNING OF AUNTA- SIMARIA(GANGA BRIDGE WITH APPROACH ROADS) SECTION OF NH-31 - [N24000696]NHAI,BIHAR",950.64,1168.33,932.99,2017.0,2022.0,32.0,22.9,Delay in providing the vacant access and Right of way to the site and adverse law and order situation in an around the project area.,1,5.0,0.22899999999999998
ROAD TRANSPORT AND HIGHWAYS,2,4.0,5.0,6.0,,,9.0,10.0,11,1,,0.1
ROAD TRANSPORT AND HIGHWAYS,"4L OF EXISTING 2/4L STRETCH FROM LONAND TO DIVE GHAT (KM 166.400 TO KM 220.900 ) OF MOHOL – ALANDI S - [N24001489]NHAI,MAHARASHTR A",519.93,519.93,362.51,2022.0,2024.0,5.0,0.0,,1,2.0,0.0
ROAD TRANSPORT AND HIGHWAYS,"VADODARA MUMBAI EXPRESSWAY (PHASE II - PKG XII) [KM. 50.700 TO KM. 77.000] (MASVAN - GANJAD) - [N24001505]NHAI,MAHARASHTR A",1549.02,1549.02,526.31,2022.0,2024.0,7.0,0.0,,1,2.0,0.0
ROAD TRANSPORT AND HIGHWAYS,"4L OF PALMA TO GUMLA SECTION OF NH23 FROM KM. 26.00 TO KM. 89.170 ON HAM MODE IN THE STATE OF JHARKH - [N24001595]NHAI,JHARKHAND",1034.0,1699.48,41.5,2020.0,2024.0,7.0,64.36,,1,4.0,0.6436
ROAD TRANSPORT AND HIGHWAYS,"4-LANING OF MELUR - PILLAYARPATTI - KARAIKUDI SECTION OF NH-338, NH-36, NH- 383 - [N24001605]NHAI,TAMIL NADU",1103.86,1103.86,461.32,2018.0,2022.0,31.0,0.0,,1,4.0,0.0
ROAD TRANSPORT AND HIGHWAYS,"4L OF EXISTING 2/4L STRETCH FROM LONAND TO DIVE GHAT (KM 166.400 TO KM 220.900 ) OF MOHOL – ALANDI S - [N24001610]NHAI,MAHARASHTR A",1833.73,1833.73,362.51,2022.0,2024.0,5.0,0.0,,1,2.0,0.0
ROAD TRANSPORT AND HIGHWAYS,"CONSTRUCTION OF FOUR LANE GREENFIELD PROJECT OF DELHI-AMRITSAR-KATRA EXPRESSWAY (PHASE-I PKG-V) FROM - [N24001632]NHAI,PUNJAB",1741.86,1741.86,1000.08,2021.0,2024.0,5.0,0.0,,1,3.0,0.0
ROAD TRANSPORT AND HIGHWAYS,"CONSTRUCTION OF FOUR LANE GREENFIELD PROJECT OF DELHI-AMRITSAR-KATRA EXPRESSWAY (PHASE-I PKG-IV) FRO - [N24001634]NHAI,HARYANA",1306.95,1306.95,886.92,2021.0,2023.0,10.0,0.0,,1,2.0,0.0
ROAD TRANSPORT AND HIGHWAYS,"6L OF HATIBENA - BADAKUMARI SECTION FROM KM 146.50 TO KM 179.00 OF NH-130-CD (PACKAGE – OD-2) - [N24001671]NHAI,ODISHA",925.0,925.0,378.82,2021.0,2024.0,7.0,0.0,,1,3.0,0.0
ROAD TRANSPORT AND HIGHWAYS,"CHALLAKERE TO HARIYUR SECTION FROM KM 358.500 TO KM 414.205 OF NH150 A - [N24001690]NHAI,KARNATAKA",1167.52,1167.52,1112.16,2021.0,2023.0,21.0,0.0,,1,2.0,0.0
ROAD TRANSPORT AND HIGHWAYS,2,4.0,5.0,6.0,,,9.0,10.0,11,1,,0.1
ROAD TRANSPORT AND HIGHWAYS,"BANGALORE CHENNAI EXPRESSWAY PHASE-III – PACKAGE I (GUDIPALA TO WALAJAJHPET) FROM KM 156.000 TO KM 1 - [N24001720]NHAI,TAMIL NADU",1023.91,1341.51,489.07,2020.0,2024.0,5.0,31.02,,1,4.0,0.3102
ROAD TRANSPORT AND HIGHWAYS,"SIX LANING OF TUTICORIN PORT ROAD SECTION OF NH-7A (NEW NH-138) FROM KM 0.000 TO KM 6.140 [EFFECTIVE - [N24002112]NHAI,TAMIL NADU",200.3,200.3,32.76,2023.0,2024.0,3.0,0.0,,1,1.0,0.0
ROAD TRANSPORT AND HIGHWAYS,"SIX-LANING OF BARWA ADDA- PANAGARH - [N24000515]NHAI,WEST BENGAL",1665.0,4860.41,4878.1,2014.0,2016.0,98.0,191.92,,1,2.0,1.9191999999999998
ROAD TRANSPORT AND HIGHWAYS,"DELHI-AMRITSAR-KATRA EXPRESSWAY (PHASE-I PKG-XI) FROM JUNCTION WITH JALANDHAR - KAPURTHALA ROAD (NH- - [N24001419]NHAI,PUNJAB",1269.96,1269.96,547.92,2021.0,2024.0,7.0,0.0,,1,3.0,0.0
ROAD TRANSPORT AND HIGHWAYS,"TUNNEL AT KHAMBATAKI GHAT SECTION AND ITS APPROACHES FROM EXISTING KM. 771.730 TO EXISTING KM. 782.0 - [N24001486]NHAI,MAHARASHTR A",493.0,493.0,374.15,2019.0,2022.0,33.0,0.0,,1,3.0,0.0
ROAD TRANSPORT AND HIGHWAYS,"BANGALORE CHENNAI EXPRESSWAY PHASE-III PACKAGE II (WALAJAHPET TO ARAKKONAM) FROM KM 180.000 TO KM 2 - [N24001718]NHAI,TAMIL NADU",843.48,1051.36,347.02,2020.0,2024.0,4.0,24.65,,1,4.0,0.2465
ROAD TRANSPORT AND HIGHWAYS,"FOUR LANING OF MAMALLAPURAM TO MUGAIYUR SECTION OF NH332A FROM KM 0.000 TO KM 31.000 - [N24001721]NHAI,TAMIL NADU",1008.99,1360.53,159.66,2019.0,2024.0,6.0,34.84,,1,5.0,0.34840000000000004
ROAD TRANSPORT AND HIGHWAYS,"FOUR LANING OF PURULIYA BYPASS SECTION OF NH 32 IN THE STATE OF WEST BENGAL ON EPC MODE - [N24001749]NHAI,WEST BENGAL",557.55,557.55,457.45,2021.0,2023.0,15.0,0.0,,1,2.0,0.0
ROAD TRANSPORT AND HIGHWAYS,"4-LANING OF GOA/KARNATAKA BORDER-KUNDAPUR SECTION - [N24000462]NHAI,KARNATAKA",1655.01,2639.0,1822.06,2014.0,2016.0,100.0,59.46,5.270 Km of Length hindered due to LAQ issues and Public demands. Permission for blasting operations is pending with DC Karwar.,1,2.0,0.5946
ROAD TRANSPORT AND HIGHWAYS,"FOUR OF SIMARIA - KHAGARIA SECTION OF NH-31 - [N24000480]NHAI,BIHAR",1041.1,639.58,553.73,2015.0,2019.0,68.0,0,,1,4.0,0.0
ROAD TRANSPORT AND HIGHWAYS,2,4.0,5.0,6.0,,,9.0,10.0,11,1,,0.1
ROAD TRANSPORT AND HIGHWAYS,"CONSTRUCTION OF NEW 4- LANE BRIDGE ACROSS VARSOVA CREEK AND ITS APPROACHES WITH INTERCHANGE IN THE ST - [N24000655]NHAI,MAHARASHTR A",247.02,157.49,83.16,2017.0,2020.0,57.0,0,,1,3.0,0.0
ROAD TRANSPORT AND HIGHWAYS,"TWO-LANNING WITH PAVED SHOULDER OF MAHSHKUNT- SAHARSA-PURNEA SECTION FROM EXISTING KM.89.020 (DESIGN - [N24000665]NHAI,BIHAR",672.89,830.31,304.68,2017.0,2020.0,57.0,23.39,"Procedural delay in Land Acquisition. Now, disbursement to land owner is under progress and possession of land received.",1,3.0,0.2339
ROAD TRANSPORT AND HIGHWAYS,"4-LANNING OF END OF PANDOH BYPASS TAKOLI IN H.P - [N24000692]NHAI,HIMACHAL PRADESH",2485.93,2485.93,1503.69,2017.0,2020.0,54.0,0.0,,1,3.0,0.0
ROAD TRANSPORT AND HIGHWAYS,"REHABILITATION AND UPGRADATION OF CUTTACK ANGUL SECTION OF NH-42 (NEW NH-55) TO 4 LANE (KM. 0+400 TO - [N24000715]NHAI,ODISHA",686.65,686.65,559.26,2017.0,2020.0,53.0,0.0,,1,3.0,0.0
ROAD TRANSPORT AND HIGHWAYS,"REHABILITATION AND UPGRADATION OF CUTTACK- ANGUL SECTION TO 4 LANE (KM 60.20) TO (KM 112.0) PKG II ON - [N24000736]NHAI,ODISHA",686.65,1015.16,435.85,2018.0,2020.0,51.0,47.84,,1,2.0,0.47840000000000005
ROAD TRANSPORT AND HIGHWAYS,"REHABILITATION AND UP- GRADATION TO 4-LANING OF RAJAMUNDA-BARKOTE SECTION OF NH-23 (NEW NH NO. 143) ( - [N24000739]NHAI,ODISHA",503.88,609.03,327.05,2018.0,2021.0,42.0,20.87,,1,3.0,0.2087
ROAD TRANSPORT AND HIGHWAYS,"6-LANING OF KOZHIKODE BYPASS (CALICUT BYPASS) (I.E. VENGALAM JN. TO RAMANATTUKARA JN.) SECTION OF NH - [N24000784]NHAI,KERALA",1424.77,1862.77,665.38,2018.0,2023.0,22.0,30.74,,1,5.0,0.3074
ROAD TRANSPORT AND HIGHWAYS,"REHABILITATION AND UP GRADATION OF EXISTING ROAD TO 2-LANE WITH PAVED SHOULDER CONFIGURATION IN PURU - [N24000788]NHAI,WEST BENGAL",841.57,708.3,3908.59,2018.0,2022.0,27.0,0,,1,4.0,0.0
ROAD TRANSPORT AND HIGHWAYS,"CONSTRUCTION OF SIX LANING OF DEDICATED PORT ROAD TO KRISHNAPATNAM PORT (PACKAGE-I) KM 0+000 TO KM 1 - [N24000811]NHAI,ANDHRA PRADESH",314.43,348.72,85.61,2018.0,2020.0,48.0,10.91,,1,2.0,0.1091
ROAD TRANSPORT AND HIGHWAYS,2,4.0,5.0,6.0,,,9.0,10.0,11,1,,0.1
ROAD TRANSPORT AND HIGHWAYS,"DEVELOPMENT OF NEWLY DECLARED NH-527C FROM MAJHAULI TO CHAROUT SECTION TO 2 LANE WITH PAVED SHOULDER - [N24000813]NHAI,BIHAR",496.2,537.17,366.24,2018.0,2021.0,37.0,8.26,,1,3.0,0.08259999999999999
ROAD TRANSPORT AND HIGHWAYS,"FOUR LANING OF SOLAN- KAITHLIGHAT SECTION OF NH- 22 (NOW NH-5) FROM KM 106.139 TO KM 129.050, ON EPC M - [N24000852]NHAI,HIMACHAL PRADESH",478.74,1514.46,1172.11,2018.0,2021.0,43.0,216.34,,1,3.0,2.1634
ROAD TRANSPORT AND HIGHWAYS,"4-LANING OF LOHA - WARANGA SECTION OF NH-361 FROM KM. 187.800 TO KM. 244.369 (DESIGN LENGTH 56.569 K - [N24000854]NHAI,JHARKHAND",1005.08,1073.1,699.05,2018.0,2021.0,45.0,6.77,Nil,1,3.0,0.0677
ROAD TRANSPORT AND HIGHWAYS,"SIX LANING OF CHAKERI TO ALLAHABAD SECTION OF NH-2 FROM KM 483.687 TO KM 628.753 (DESIGN LENGTH – 14 - [N24001185]NHAI,UTTAR PRADESH",2159.0,2262.0,2245.43,2017.0,2021.0,41.0,4.77,Slow disbursement by the CALA.,1,4.0,0.04769999999999999
ROAD TRANSPORT AND HIGHWAYS,"CONSTRUCTION OF EIGHT LANE ACCESS CONTROLLED EXPRESSWAY CARRIAGEWAY FROM BANI VILLAGE TO BARDAWADI V - [N24001212]NHAI,MADHYA PRADESH",656.98,840.0,812.0,2017.0,2022.0,25.0,27.86,,1,5.0,0.2786
ROAD TRANSPORT AND HIGHWAYS,"CONSTRUCTION OF EIGHT LANE ACCESS CONTROLLED EXPRESSWAY CARRIAGEWAY FROM RAJASTHAN/MP BORDER TO JODM - [N24001214]NHAI,MADHYA PRADESH",217.96,884.0,2248.0,2017.0,2022.0,24.0,305.58,,1,5.0,3.0557999999999996
ROAD TRANSPORT AND HIGHWAYS,"BALANCE WORK OF 4- LANING OF PATNA-GAYA-DOBHI SECTION (KM. 0.00 TO KM. 127.217) OF NH-83 IN THE STAT - [N24001303]NHAI,BIHAR",649.9,750.0,711.53,2013.0,2020.0,48.0,15.4,Project Not Delayed.,1,7.0,0.154
ROAD TRANSPORT AND HIGHWAYS,"BALANCE WORK OF 4- LANING OF PATNA-GAYA-DOBHI SECTION (KM. 39.00 TO KM. 83.00) OF NH-83 IN THE STATE - [N24001304]NHAI,BIHAR",446.97,740.5,638.8,2013.0,2020.0,49.0,65.67,Project Not Delayed.,1,7.0,0.6567000000000001
ROAD TRANSPORT AND HIGHWAYS,"BALANCE WORK OF 4- L ANING OF PATNA-GAYA-DOBHI SECTION (KM.83.00 TO KM. 127.217) OF NH-83 IN THE STA - [N24001305]NHAI,BIHAR",464.09,765.12,698.25,2013.0,2020.0,49.0,64.86,,1,7.0,0.6486
ROAD TRANSPORT AND HIGHWAYS,2,4.0,5.0,6.0,,,9.0,10.0,11,1,,0.1
ROAD TRANSPORT AND HIGHWAYS,"CONSTRUCTION OF 2 LANE BRIDGE ACROSS RIVER KOSI WITH APPROACH ROAD FROM BHEJA TO BAKAUR SECTION OF N - [N24001371]NHAI,BIHAR",1101.99,1101.99,754.34,2019.0,2023.0,16.0,0.0,,1,4.0,0.0
ROAD TRANSPORT AND HIGHWAYS,"FOUR LANING OF VILUPPURAM TO PUDHUCHERRY (DESIGN CH. KM. 00/000 TO KM. 29/000) SECTION OF NH-45A ON - [N24001428]NHAI,TAMIL NADU",998.7,1358.32,866.81,2018.0,2021.0,37.0,36.01,,1,3.0,0.3601
ROAD TRANSPORT AND HIGHWAYS,"FOUR LANÌNG OF PUDUCHERRY (KM.29/000) TO POONDIYANKUPPAM (KM.67/000) SECTION OF NH-45A ON HAM UNDER - [N24001429]NHAI,TAMIL NADU",1294.47,1588.4,786.77,2018.0,2021.0,37.0,22.71,,1,3.0,0.2271
ROAD TRANSPORT AND HIGHWAYS,"FOUR LANING OF POONDIYANKUPPAM (KM.67/000) TO SATTANATHAPOURAM (KM.123/800) SECTION OF NH- 45A ON HAM - [N24001430]NHAI,TAMIL NADU",2120.4,2565.63,1429.17,2018.0,2022.0,35.0,21.0,,1,4.0,0.21
ROAD TRANSPORT AND HIGHWAYS,"KHAMMAM-DEVARAPALLE PKG III [4L ACCESS CONTROLLED (GREENFIELD) FROM CHINTAGUDEM VILLAGE TO RECHERLA - [N24001484]NHAI,TELANGANA",804.69,804.69,378.32,2022.0,2024.0,10.0,0.0,,1,2.0,0.0
ROAD TRANSPORT AND HIGHWAYS,"VADODARA MUMBAI EXPRESSWAY (PHASE II - PKG XIII) [KM. 26.582 TO KM. 50.700] (SHIRSAD - MASVAN) - [N24001506]NHAI,MAHARASHTR A",2747.0,2747.0,929.38,2022.0,2024.0,10.0,0.0,,1,2.0,0.0
ROAD TRANSPORT AND HIGHWAYS,"4L OF KODAD (DESIGN KM 0.00/EXISTING KM 185.00 OF NH- 65) TO KHAMMAM (DESIGN KM 31.800/EXISTING KM 29 - [N24001522]NHAI,TELANGANA",1307.95,1307.95,507.5,2021.0,2024.0,11.0,0.0,,1,3.0,0.0
ROAD TRANSPORT AND HIGHWAYS,"HARIHARGANJ TO PARWA MODE SECTION FROM KM 23.284 TO KM 57.049 OF NH-98 - [N24001589]NHAI,JHARKHAND",755.26,1039.0,534.87,2020.0,2024.0,9.0,37.57,,1,4.0,0.3757
ROAD TRANSPORT AND HIGHWAYS,"4L FROM KM 196.87 (SANKHA) TO KM 219.6 (KHAJURI) ON NH- 75 [REHLA / GARHWA BYPASS] - [N24001590]NHAI,JHARKHAND",748.99,903.0,799.08,2020.0,2023.0,14.0,20.56,,1,3.0,0.20559999999999998
ROAD TRANSPORT AND HIGHWAYS,"BALANCE WORK OF RANCHI- MAHULIA SECTION OF NH-33 FROM KM 113.730 (VIKAS) TO KM 140.000 (RAMPUR) (PKG- - [N24001597]NHAI,JHARKHAND",466.55,466.55,,2019.0,2020.0,48.0,0.0,,1,1.0,0.0
ROAD TRANSPORT AND HIGHWAYS,2,4.0,5.0,6.0,,,9.0,10.0,11,1,,0.1
ROAD TRANSPORT AND HIGHWAYS,"BALANCE WORK 2-LANE WITH PAVED SHOULDERS OF NAGAPATTINAM - THANJAVUR SECTION OF NH-67 (NEW NH-83) - [N24001600]NHAI,TAMIL NADU",434.12,434.12,258.89,2020.0,2023.0,19.0,0.0,,1,3.0,0.0
ROAD TRANSPORT AND HIGHWAYS,"4-LANING OF KAMALAPURAM - ODDANCHATRAM SECTION OF NH-209 - [N24001601]NHAI,TAMIL NADU",1051.69,1051.69,493.13,2019.0,2023.0,23.0,0.0,,1,4.0,0.0
ROAD TRANSPORT AND HIGHWAYS,"BALANCE WORK OF 4 LANING OF PANVEL TO INDAPUR SECTION OF NH-66(OLD NH- 17) FROM KM 0.000 (PANVEL) TO - [N24001609]NHAI,MAHARASHTR A",151.26,151.26,102.79,2023.0,2023.0,12.0,0.0,,1,0.0,0.0
ROAD TRANSPORT AND HIGHWAYS,"AMRITSAR AIRPORT JUNCTION RAMDAS FROM KM. 100.835 TO KM. 139.813 PKG IV - [N24001644]NHAI,PUNJAB",524.88,524.88,142.81,2020.0,2023.0,15.0,0.0,,1,3.0,0.0
ROAD TRANSPORT AND HIGHWAYS,"SIX LANING OF KT/KL BORDER (THALAPPDY) TO CHENGALA SECTION OF NH17 (NEW NH-66) FROM CH. 17.200 TO CH - [N24001662]NHAI,KERALA",1981.07,1981.07,1620.44,2020.0,2024.0,7.0,0.0,,1,4.0,0.0
ROAD TRANSPORT AND HIGHWAYS,"SIX LANING OF NEELESHWARAM TO THALIPARAMBHA SECTION FROM CH. 94+540 (EXISTING KM 96+450) TO CH. 134+ - [N24001663]NHAI,KERALA",3041.65,3041.65,2232.4,2020.0,2024.0,8.0,0.0,,1,4.0,0.0
ROAD TRANSPORT AND HIGHWAYS,"SIX LANING OF CHENGALA TO NEELESHWARAM SECTION OF NH-17 (NEW NH-66) FROM CH. 56+200 (EXISTING KM 57+ - [N24001664]NHAI,KERALA",1746.45,1746.45,1219.04,2020.0,2024.0,8.0,0.0,,1,4.0,0.0
ROAD TRANSPORT AND HIGHWAYS,"6L OF KARKI – KALIAGURA SECTION FROM KM 226.500 TO KM 249.000 OF NH-130-CD (PACKAGE – OD-4) - [N24001670]NHAI,ODISHA",593.0,593.0,220.9,2021.0,2024.0,9.0,0.0,,1,3.0,0.0
ROAD TRANSPORT AND HIGHWAYS,"4- LANING OF ROHTAK-JIND SECTION FROM KM. 307+000 TO KM. 347+800 OF NH-71 AND CONNECTING LINK FROM K - [N24001673]NHAI,HARYANA",510.97,510.97,522.44,2020.0,2023.0,21.0,0.0,,1,3.0,0.0
ROAD TRANSPORT AND HIGHWAYS,"AURAD - BIDAR KM 0.00 TO KM 45.878 - [N24001683]NHAI,KARNATAKA",912.37,424.16,326.36,2021.0,2024.0,20.0,0,,1,3.0,0.0
ROAD TRANSPORT AND HIGHWAYS,2,4.0,5.0,6.0,,,9.0,10.0,11,1,,0.1
ROAD TRANSPORT AND HIGHWAYS,"FOUR LANING OF THORAPALLI AGRAHARAM TO JITTANDAHALLI SECTION OF NH-844 (PKG-II) FROM KM.23+350 TO KM - [N24001694]NHAI,TAMIL NADU",1243.57,1243.57,171.63,2019.0,2023.0,12.0,0.0,,1,4.0,0.0
ROAD TRANSPORT AND HIGHWAYS,"FOUR LANING OF JITTANDAHALLI TO DHARMAPURI SECTION OF NH- 844 (PKG-III) FROM KM.60+100 TO KM.94+460 - [N24001696]NHAI,TAMIL NADU",1291.37,1291.37,215.02,2019.0,2023.0,16.0,0.0,,1,4.0,0.0
ROAD TRANSPORT AND HIGHWAYS,"SIX LANNING OF AURANGABAD TO BIHAR/JHARKHAND BORDER SECTION OF NH-19 (OLD NH-2) FROM KM. 209.827 TO - [N24001700]NHAI,BIHAR",552.55,553.0,21.0,2021.0,2024.0,9.0,0.08,,1,3.0,0.0008
ROAD TRANSPORT AND HIGHWAYS,"FOUR LANING OF MUNGER TO MIRZACHAUKI (NH-80) SECTION FROM KHARIA VILLAGE JUNCTION TO START OF EXISTI - [N24001704]NHAI,BIHAR",1020.84,1020.84,84.78,2021.0,2024.0,9.0,0.0,,1,3.0,0.0
ROAD TRANSPORT AND HIGHWAYS,"FOUR LANING OF MUNGER TO MIRZACHAUKI (NH-80) SECTION FROM MUNGER TO KHARIA VILLAGE JUNCTION DESIGN C - [N24001705]NHAI,BIHAR",1485.66,1485.66,,2022.0,2024.0,9.0,0.0,,1,2.0,0.0
ROAD TRANSPORT AND HIGHWAYS,"BAKHTIYARPUR RAJAULI PKG-II FROM KM 54.405 TO KM 101.630 NH20 - [N24001709]NHAI,BIHAR",897.45,1090.0,1037.63,2020.0,2023.0,20.0,21.46,,1,3.0,0.2146
ROAD TRANSPORT AND HIGHWAYS,"6L OF KANHAULI RAMNAGAR PATNA RING ROAD PKG I FROM KM 0.000 TO KM 39.160 OF SH78 NEW NH131G - [N24001711]NHAI,BIHAR",939.43,939.43,370.62,2020.0,2023.0,21.0,0.0,,1,3.0,0.0
ROAD TRANSPORT AND HIGHWAYS,"FOUR LANING OF PARARIA TO MOHANIA SECTION OF NH 319 (OLD NH 30) FROM KM. 54+530 (DESIGN CHAINAGE) TO - [N24001712]NHAI,BIHAR",690.0,690.0,770.73,2020.0,2023.0,17.0,0.0,,1,3.0,0.0
ROAD TRANSPORT AND HIGHWAYS,"THOPPUR METTUR BHAVANI ERODE SECTION OF NH 544H FOR A LENGTH OF 85 KM - [N24001716]NHAI,TAMIL NADU",186.5,210.81,12.92,2022.0,2023.0,16.0,13.03,,1,1.0,0.1303
ROAD TRANSPORT AND HIGHWAYS,"4L BANGALORE-CHENNAI EXPRESSWAY FROM KM. 230.000 TO KM. 261.705 OF KANCHEPURAM TO SRIPERUMBUDUR SECT - [N24001719]NHAI,TAMIL NADU",2948.31,3516.83,659.75,2021.0,2024.0,5.0,19.28,,1,3.0,0.1928
ROAD TRANSPORT AND HIGHWAYS,"KARAIPETTAI TO WALAJAPET FROM KM 71.015 TO 107.091 - [N24001723]NHAI,TAMIL NADU",707.9,766.51,401.98,2018.0,2021.0,46.0,8.28,,1,3.0,0.0828
ROAD TRANSPORT AND HIGHWAYS,2,4.0,5.0,6.0,,,9.0,10.0,11,1,,0.1
ROAD TRANSPORT AND HIGHWAYS,"2LPS OF BIJNOR TO KOTAWALI SECTION OF NH-709AD, PKG-IV - [N24001738]NHAI,UTTAR PRADESH",300.79,300.79,122.56,2021.0,2023.0,14.0,0.0,,1,2.0,0.0
ROAD TRANSPORT AND HIGHWAYS,"REHABILITATION and UPGRADATION FROM 2 LANE TO 4 LANE OF NH STRETCH UNDER BHARATMALA PARIYOJANA FOR U - [N24001739]NHAI,UTTAR PRADESH",1779.83,2200.0,983.0,2019.0,2023.0,13.0,23.61,,1,4.0,0.2361
ROAD TRANSPORT AND HIGHWAYS,"CONSTRUCTION OF NEW 4 LANE BRIDGE OVER RIVER GANGA AT DOWNSTREAM OF FARAKKA BARRAGE INCLUDING APPROA - [N24001750]NHAI,WEST BENGAL",622.04,622.04,425.36,2018.0,2021.0,36.0,0.0,,1,3.0,0.0
ROAD TRANSPORT AND HIGHWAYS,"4-LANING OF MEERUT NAJIBABAD SECTION FROM KM. 11.500 TO KM 39.250 AND KM 86.590 TO KM. 112.545.IN TH - [N24001755]NHAI,UTTAR PRADESH",1936.68,2458.03,1380.9,2019.0,2023.0,21.0,26.92,,1,4.0,0.2692
ROAD TRANSPORT AND HIGHWAYS,"INDORE - HARDA (PKG-III) [NANASA TO PIDGAON SECTION FROM KM 95.000 TO KM 142.445] - [N24001762]NHAI,MADHYA PRADESH",1146.22,1146.22,484.93,2021.0,2024.0,11.0,0.0,,1,3.0,0.0
ROAD TRANSPORT AND HIGHWAYS,"4L OF OBEDULLGANJ - BUDNI SECTION FROM KM. 8.400 TO KM. 20.700 IN RATANPANI WILDLIFE AREA OF NH - 69 - [N24001770]NHAI,MADHYA PRADESH",417.51,417.51,165.93,2022.0,2024.0,9.0,0.0,,1,2.0,0.0
ROAD TRANSPORT AND HIGHWAYS,"4 LANE CONNECTOR FROM DELHI MEERUT EXPRESSWAY KM 50.000 TO KM 8.520 OF NH 235 IN THE STATE OF UTTAR - [N24001772]NHAI,UTTAR PRADESH",1147.26,1147.26,80.14,2021.0,2024.0,9.0,0.0,,1,3.0,0.0
ROAD TRANSPORT AND HIGHWAYS,"CONSTRUCTION OF PROPOSED REWARI BYPASS (DESIGN LENGTH 14.4 KM) NH-11 AS A FEEDER ROUTE IN THE STATE - [N24001775]NHAI,HARYANA",808.31,958.0,803.78,2020.0,2023.0,23.0,18.52,,1,3.0,0.1852
ROAD TRANSPORT AND HIGHWAYS,"CONVERSION OF PARTIALLY EXCAVATED ESCAPE TUNNEL TO UNIDIRECTIONAL TWO LANE TUNNEL (INCLUDING CONSTRU - [N24001809]NHAI,HIMACHAL PRADESH",469.95,280.0,265.28,2022.0,2024.0,9.0,0,,1,2.0,0.0
ROAD TRANSPORT AND HIGHWAYS,2,4.0,5.0,6.0,,,9.0,10.0,11,1,,0.1
ROAD TRANSPORT AND HIGHWAYS,"6L OF CHILKARARUPET BYPASS FROM KM. 357.400 TO KM. 371.920 OF NH-16 - [N24001817]NHAI,ANDHRA PRADESH",757.45,757.45,257.76,2019.0,2023.0,21.0,0.0,,1,4.0,0.0
ROAD TRANSPORT AND HIGHWAYS,"RENIGUNTA - POYYA - NAIDUPETA KM 124.60 TO KM 183.4 OF NH 71 - N/04027/06001/AP - [N24001824]NHAI,ANDHRA PRADESH",1863.09,2238.0,1051.65,2020.0,2024.0,11.0,20.12,,1,4.0,0.20120000000000002
ROAD TRANSPORT AND HIGHWAYS,"VARANASI RING ROAD (PKG-II) CONNECTING SANDAHA VILLAGE (KM 11.70 / NH-29) WITH REVASA VILLAGE (KM 81 - [N24001826]NHAI,UTTAR PRADESH",927.77,1603.0,1202.77,2019.0,2022.0,34.0,72.78,,1,3.0,0.7278
ROAD TRANSPORT AND HIGHWAYS,"SIX LANE ACCESS CONTROLLED OF DELHI SAHARANPUR HIGHWAY FROM DELHI UP BORDER TO EPE JUNCTION CH.14.75 - [N24001830]NHAI,UTTAR PRADESH",2002.79,2002.79,1989.85,2020.0,2023.0,13.0,0.0,,1,3.0,0.0
ROAD TRANSPORT AND HIGHWAYS,"6L ALURU - JAKKUVA SECTION OF NH-130CD ROAD FROM KM 365.033 TO KM 396.800 (PKG. 1) - [N24001838]NHAI,ANDHRA PRADESH",922.5,1128.68,329.01,2021.0,2024.0,9.0,22.35,,1,3.0,0.2235
ROAD TRANSPORT AND HIGHWAYS,"4L OF DUDHADHARI ELEVATED FLYOVER (MUZAFFARNAGAR – HARIDWAR SECTION) FROM KM 356.450 TO KM 353.800 OF - [N24001995]NHAI,UTTARAKHAND",154.52,154.52,150.26,2021.0,2023.0,13.0,0.0,,1,2.0,0.0
ROAD TRANSPORT AND HIGHWAYS,"CONSTRUCTION OF 4 LANE ACCESS CONTROLLED NEW GREENFIELD HIGHWAY SECTION OF NH 365BG FROM RECHARLA VI - [N24001476]NHAI,ANDHRA PRADESH",517.05,655.06,473.67,2021.0,2022.0,28.0,26.69,,1,1.0,0.2669
ROAD TRANSPORT AND HIGHWAYS,"VADODARA MUMBAI EXPRESSWAY (PHASE II - PKG XI) [KM. 77.000 TO KM. 103.400] (GANJAD - TALSARI) - [N24001504]NHAI,MAHARASHTR A",1260.0,1260.0,463.45,2022.0,2024.0,8.0,0.0,,1,2.0,0.0
ROAD TRANSPORT AND HIGHWAYS,"UPGRADATION 2/4 LANE NH CONNECTIVITY UNDER SAGARMALA SCHEME SH 2 HAVERI YEKAMBI SH 69 YEKAMBI KUMTA - [N24001682]NHAI,KARNATAKA",294.62,294.62,31.76,2022.0,2024.0,10.0,0.0,Pending Forest Clearance,1,2.0,0.0
ROAD TRANSPORT AND HIGHWAYS,2,4.0,5.0,6.0,,,9.0,10.0,11,1,,0.1
ROAD TRANSPORT AND HIGHWAYS,"BANGALORE CHENNAI EXPRESSWAY PHASE-III PACKAGE III (ARAKKONAM TO KANCHEEPURAM) FROM KM 204.500 TO K - [N24001717]NHAI,TAMIL NADU",1155.49,1458.45,424.27,2020.0,2024.0,5.0,26.22,,1,4.0,0.2622
ROAD TRANSPORT AND HIGHWAYS,"4-LANNING EXISTING KM 189.700 TO 237.00] HASSAN TO MARANAHALLY - [N24000552]NHAI,KARNATAKA",701.4,701.4,382.24,2016.0,2019.0,72.0,0.0,Add 3G Award of 1.2ha is pending,1,3.0,0.0
ROAD TRANSPORT AND HIGHWAYS,"SIX LANING OF BIHAR - JHARKHAND BORDER (CHORDAHA) TO GORHAR SECTION - [N24000726]NHAI,JHARKHAND",1155.16,950.49,615.72,2018.0,2021.0,40.0,0,,1,3.0,0.0
ROAD TRANSPORT AND HIGHWAYS,"REHABILITATION AND UP- GRADATION OF EXISTING 2- LANE TO 4 LANE OF DUBURI (KM 388.376) TO CHANDIKHOLE ( - [N24000733]NHAI,ODISHA",633.68,633.68,560.38,2018.0,2022.0,31.0,0.0,,1,4.0,0.0
ROAD TRANSPORT AND HIGHWAYS,"REHABILITATION AND UPGRADATION OF SIX LANING OF BHADRAK BALESHWAR SECTION (KM 136.50) TO (KM 199.141 - [N24000738]NHAI,ODISHA",999.0,1152.7,339.23,2018.0,2021.0,42.0,15.39,,1,3.0,0.1539
ROAD TRANSPORT AND HIGHWAYS,"DELHI-AMRITSAR-KATRA EXPRESSWAY FROM JUNCTION WITH LUDHIANA-MALERKOTLA ROAD (SH-11) NEAR BHOGIWAL VI - [N24001416]NHAI,PUNJAB",989.66,989.66,284.28,2020.0,2024.0,14.0,0.0,,1,4.0,0.0
ROAD TRANSPORT AND HIGHWAYS,"4L OF ADDAHOLE TO BANTWAL CROSS SECTION INCLUDING FLYOVER AT KALLADKA TOWN - [N24001425]NHAI,KARNATAKA",1100.88,1100.88,864.39,2021.0,2021.0,40.0,0.0,Tree felling permission & other hindrances,1,0.0,0.0
ROAD TRANSPORT AND HIGHWAYS,"CONSTRUCTION OF 4 LANE ACCESS CONTROLLED NEW GREENFIELD HIGHWAY SECTION OF NH-365BG (KHAMMAM-DEVARAP - [N24001477]NHAI,ANDHRA PRADESH",622.0,817.91,440.55,2021.0,2022.0,30.0,31.5,,1,1.0,0.315
ROAD TRANSPORT AND HIGHWAYS,"6L GREENFIELD BARAJA - KANDILI SECTION OF NH- 130- CD ROAD FROM KM 338+500 TO KM 342+500 (PACKAGE-OD - [N24001666]NHAI,ODISHA",714.0,714.0,331.65,2021.0,2024.0,6.0,0.0,,1,3.0,0.0
ROAD TRANSPORT AND HIGHWAYS,"6L OF BADAKUMARI - KARKI SECTION FROM KM 179.000 TO KM 226.500 OF NH-130-CD (PACKAGE – OD-3) - [N24001668]NHAI,ODISHA",1249.0,1249.0,344.4,2021.0,2024.0,11.0,0.0,,1,3.0,0.0
ROAD TRANSPORT AND HIGHWAYS,2,4.0,5.0,6.0,,,9.0,10.0,11,1,,0.1
ROAD TRANSPORT AND HIGHWAYS,"6L OF DHANARA - HATIBENA SECTION FROM KM 124.611 TO KM 146.50 OF NH-130-CD (PACKAGE – OD-1) - [N24001669]NHAI,ODISHA",586.0,586.0,159.3,2021.0,2024.0,12.0,0.0,,1,3.0,0.0
ROAD TRANSPORT AND HIGHWAYS,"6L GREENFIELD BAUNSAGUAR - BARAJA SECTION OF NH-130-CD ROAD FROM KM 293+000 TO KM 338+500 (PACKAGE – - [N24001678]NHAI,ODISHA",1460.0,1460.0,716.24,2021.0,2024.0,9.0,0.0,,1,3.0,0.0
ROAD TRANSPORT AND HIGHWAYS,"4L OF SANNUR TO BIKARNAKATTE SECTION FROM KARKALA TO MANGALORE - [N24001680]NHAI,KARNATAKA",1409.68,1409.68,728.94,2021.0,2024.0,5.0,0.0,Forest Issues,1,3.0,0.0
ROAD TRANSPORT AND HIGHWAYS,"4L OF CHANNARAYAPATNA BYPASS AND HASSAN BYPASS WITH STRUCTURES IN DEVIHALLI -HASSAN SECTION - [N24001684]NHAI,KARNATAKA",688.0,688.0,462.23,2020.0,2023.0,26.0,0.0,Land acquisition,1,3.0,0.0
ROAD TRANSPORT AND HIGHWAYS,"FOUR LANING OF BETTADAHALLI TO SRIRAMPURA SECTION FROM KM. 166+100 (DESIGN KM. 170+415) TO KM. 217+0 - [N24001687]NHAI,KARNATAKA",1331.77,2082.98,273.23,2021.0,2023.0,17.0,56.41,,1,2.0,0.5640999999999999
ROAD TRANSPORT AND HIGHWAYS,"CONSTRUCTION OF EIGHT LANE ACCESS CONTROLLED EXPRESSWAY FROM KM 103.400 TO KM 128.000 OF VADODARA MU - [N24001786]NHAI,GUJARAT",1259.0,1910.0,137.93,2021.0,2024.0,12.0,51.71,,1,3.0,0.5171
ROAD TRANSPORT AND HIGHWAYS,"CONSTRUCTION OF NEW LINK (NH-133B) FROM KM 0/00 (KM 200/87 OF SAHIBANJ BYPASS) IN JHARKHAND TO KM 15 - [N24000714]NHAI,BIHAR",2598.0,1962.5,1223.05,2017.0,2024.0,6.0,0,,1,7.0,0.0
ROAD TRANSPORT AND HIGHWAYS,"HOSPET-BELLARY-KARNATAKA AP BORDER - [N24000603]NHAI,KARNATAKA",1167.42,1224.01,742.18,2016.0,2019.0,74.0,4.85,,1,3.0,0.048499999999999995
ROAD TRANSPORT AND HIGHWAYS,"6L OF AZHIYUR-VENGALAM FROM KM. 189.200 TO KM. 230.400 OF NH-66 - [N24001661]NHAI,KERALA",3219.47,3713.14,2067.11,2020.0,2024.0,13.0,15.33,,1,4.0,0.1533
ROAD TRANSPORT AND HIGHWAYS,"CONSTRUCTION OF FOUR LANE RINGROAD BYPASS SRINAGAR CITY - [N24001511]NHAI,JAMMU AND KASHMIR",2919.96,2919.96,2023.29,2021.0,2024.0,16.0,0.0,,1,3.0,0.0
ROAD TRANSPORT AND HIGHWAYS,"4 LANE OF BILASPUR TO URGA PROJECT (KM 0.00 TO KM 70.2) OF NH-130A - [N24001611]NHAI,CHHATTISGAR H",1855.59,1869.85,368.32,2020.0,2024.0,15.0,0.77,,1,4.0,0.0077
ROAD TRANSPORT AND HIGHWAYS,2,4.0,5.0,6.0,,,9.0,10.0,11,1,,0.1
ROAD TRANSPORT AND HIGHWAYS,"4L TWIN TUBE TUNNEL INCLUDING APPROACHES FROM DIGDOL TO KHUNI NALLAH (NORTH BOUND CONNECTING WITH EX - [N24001622]NHAI,JAMMU AND KASHMIR",1401.87,1401.87,355.7,2021.0,2024.0,12.0,0.0,,1,3.0,0.0
ROAD TRANSPORT AND HIGHWAYS,"FOUR LANING OF MOGA TO BAJAKHANA LAMBWALI SECTION OF 105B GREENFIELD ALIGNMENT FROM DESIGN CHAINAGE - [N24001639]NHAI,PUNJAB",864.23,864.23,434.88,2020.0,2024.0,6.0,0.0,,1,4.0,0.0
ROAD TRANSPORT AND HIGHWAYS,"6L GREENFIELD KANDILI - ALURU SECTION OF NH-130-CD ROAD FROM KM 342+500 TO KM 365+033 (PACKAGE-OD-8 - [N24001665]NHAI,ODISHA",1592.0,1592.0,672.97,2021.0,2024.0,8.0,0.0,,1,3.0,0.0
ROAD TRANSPORT AND HIGHWAYS,"6L GREENFIELD KALIAGURA – BAUNSAGUAR SECTION OF NH- 130-CD ROAD FROM KM 249+000 TO KM 293+000 (PACKAG - [N24001667]NHAI,ODISHA",1734.0,1734.0,892.16,2021.0,2024.0,13.0,0.0,,1,3.0,0.0
ROAD TRANSPORT AND HIGHWAYS,"BALANCE WORK - WB-10 (GANDAK BRIDGE) KM 402.00 TO KM 440.00 (DEVANPUR - KOTWA) - [N24002063]NHAI,BIHAR",210.05,210.05,89.41,2021.0,2024.0,17.0,0.0,,1,3.0,0.0
ROAD TRANSPORT AND HIGHWAYS,"3L MAJOR BRIDGE OVER RIVER BRAHMANI AT KM. 401.250 (DUBURI CHANDIKHOLE SECTION) OF NH 200 (NEW NH 5 - [N24002081]NHAI,ODISHA",153.61,153.61,,2022.0,2025.0,5.0,0.0,,1,3.0,0.0
ROAD TRANSPORT AND HIGHWAYS,"FOUR LANING OF SATTANATHAPURAM (KM.123/800) TO NAGAPATTINAM (KM.179/555) SECTION OF NH- 45A ON HAM UN - [N24001431]NHAI,TAMIL NADU",1872.68,2756.09,1066.8,2018.0,2020.0,58.0,47.17,,1,2.0,0.4717
ROAD TRANSPORT AND HIGHWAYS,"SIX LANING OF KADAMBATTUKONAM TO KAZHAKKOOTTAM SECTION OF NH-66(OLD NH-47) FROM KM. 517+250 TO KM.54 - [N24001650]NHAI,KERALA",3635.64,3635.64,257.23,2021.0,2025.0,7.0,0.0,Nil,1,4.0,0.0
ROAD TRANSPORT AND HIGHWAYS,"SIX LANING OF THALIPARAMBHA- MUZHAPILANGAD SECTION FROM KM 137.900 TO KM. 170.600 OF NH-17 (NEW NH - [N24001660]NHAI,KERALA",2714.6,2714.6,1853.96,2020.0,2024.0,18.0,0.0,,1,4.0,0.0
ROAD TRANSPORT AND HIGHWAYS,2,4.0,5.0,6.0,,,9.0,10.0,11,1,,0.1
ROAD TRANSPORT AND HIGHWAYS,"DELHI-VADODARA GREENFIELD ALIGNMENT (NH-148N) (PKG-15) (CH. 419.000 TO CH.427.300) [JUNCTION WITH NH - [N24001612]NHAI,RAJASTHAN",1788.69,1788.69,730.84,2020.0,2024.0,20.0,0.0,,1,4.0,0.0
ROAD TRANSPORT AND HIGHWAYS,"4L PS MYDUKUR BADVEL FROM KM 585.820 TO KM 630.960 SECTION OF NH 67 - [N24001849]NHAI,ANDHRA PRADESH",1063.72,1063.72,275.23,2022.0,2025.0,2.0,0.0,,1,3.0,0.0
ROAD TRANSPORT AND HIGHWAYS,"4/6L OF BANGALORE - PUNE SECTION OF BYPASS CONNECTING DHARWAD - HUBLI FROM KM. 403.80 TO KM. 433.20 - [N24001994]NHAI,KARNATAKA",1135.39,1135.39,204.44,2022.0,2023.0,30.0,0.0,,1,1.0,0.0
ROAD TRANSPORT AND HIGHWAYS,"DELHI-AMRITSAR-KATRA EXPRESSWAY (PHASE-II PKG- XVI) EXISTING JAKH (VIJAYPUR)- KUNJWANI SECTION OF NH-4 - [N24001550]NHAI,JAMMU AND KASHMIR",1821.72,1945.32,1635.74,2021.0,2024.0,15.0,6.78,,1,3.0,0.0678
ROAD TRANSPORT AND HIGHWAYS,"SIX LANING OF KOTTUKULANGARA (DESIGN KM. 454+500) TO START OF KOLLAM BYPASS (DESIGN KM. 486+000) SEC - [N24001657]NHAI,KERALA",2842.14,2842.14,378.64,2021.0,2024.0,14.0,0.0,Nil,1,3.0,0.0
ROAD TRANSPORT AND HIGHWAYS,"TUMKUR - NELAMANGALA(6L) - [N24001681]NHAI,KARNATAKA",2032.15,2032.15,148.97,2022.0,2025.0,4.0,0.0,,1,3.0,0.0
ROAD TRANSPORT AND HIGHWAYS,"6L OF SRIPERUMBUDUR TO KARAIPETTAI FROM KM 37.000 TO KM 71.015 OF NH 48 - [N24001725]NHAI,TAMIL NADU",819.89,922.85,361.98,2019.0,2021.0,55.0,12.56,,1,2.0,0.12560000000000002
ROAD TRANSPORT AND HIGHWAYS,"6L ACCESS CONTROLLED GREENFIELD HIGHWAY FROM KODUR 0.000 KMS TO VANAVOLU 24.300 KMS OF NH 544G PACKA - [N24001841]NHAI,ANDHRA PRADESH",912.94,912.94,60.48,2022.0,2025.0,5.0,0.0,,1,3.0,0.0
ROAD TRANSPORT AND HIGHWAYS,"DEVELOPMENT OF SIX-LANE ACCESS CONTROLLED HIGHWAY FROM RANIPUR BARSI (SAHARANPUR DISTRICT) TO ADHOYA - [N24002040]NHAI,HARYANA",1554.21,1554.21,356.46,2022.0,2025.0,36.0,0.0,,1,3.0,0.0
SHIPPING AND PORTS,2,4.0,5.0,6.0,,,9.0,10.0,11,1,,0.1
SHIPPING AND PORTS,"JAL MARG VIKAS PROJECT - [N25000072]IWAI,MULTI STATE",5369.18,5061.15,2961.61,2018.0,2023.0,33.0,0,Land acquisition issues are pending with the State Government,1,5.0,0.0
TELECOMMUNICATIONS,"SUPER EDGE ROUTERS FOR BSNL INTERNET PROTOCOL - MULTI PROTOCOL LEBEL SWITCHING (IPMPLS) NETWORK and - [N26000115]BSNL,MULTI STATE",185.27,239.6,146.93,2023.0,2024.0,4.0,29.32,,1,1.0,0.2932
TELECOMMUNICATIONS,"PHASE-I OF CONSOLIDATION OF EXISTING CDR DATA CENTERS AND NIB-P3 DATA CENTERS WITH STATE OF THE ART - [N26000114]BSNL,MULTI STATE",461.42,461.42,159.98,2020.0,2021.0,40.0,0.0,,1,1.0,0.0
TELECOMMUNICATIONS,"SETTING UP PHYSICAL INFRASTRUCTURE FOR THE NATIONAL INSTITUTE OF COMMUNICATION FINANCE(NICF) AT GHIT - [N28000115]CPWD FOR TELECO,DELHI",248.2,248.2,212.81,2014.0,2018.0,75.0,0.0,,1,4.0,0.0
TELECOMMUNICATIONS,"NETWORK FOR SPECTRUM - [N26000101]DOT,MULTI STATE",13334.0,34953.45,22626.69,2012.0,2015.0,109.0,162.14,,1,3.0,1.6214
URBAN DEVELOPMENT,"AHMEDABAD METRO RAIL PROJECT PHASE 1 - [N28000122]MEGA,GUJARAT",10773.0,12924.55,12210.21,2014.0,2018.0,66.0,19.97,NIL,1,4.0,0.1997
URBAN DEVELOPMENT,"AHMEDABAD METRO RAIL PROJECT PHASE II - [N28000137]MEGA,GUJARAT",5384.17,5384.17,2991.47,2019.0,2024.0,9.0,0.0,NIL,1,5.0,0.0
URBAN DEVELOPMENT,"SURAT METRO RAIL PROJECT - [N28000138]MEGA,GUJARAT",12020.32,12020.32,4769.09,2019.0,2024.0,15.0,0.0,NIL,1,5.0,0.0
URBAN DEVELOPMENT,2,4.0,5.0,6.0,,,9.0,10.0,11,1,,0.1
URBAN DEVELOPMENT,"BANGALORE METRO RAIL PROJECT PHASE-2 - [N28000058]BMRCL,KARNATAKA",26405.14,26405.14,20936.29,2014.0,2021.0,49.0,0.0,,1,7.0,0.0
URBAN DEVELOPMENT,"REDEVELOPMENT OF GENERAL POOL RESIDENTIAL COLONY AT SRINIWASPURI NEW DELHI PHASE-I - [N28000128]CPWD,DELHI",1180.0,1100.8,36.69,2016.0,2021.0,35.0,0,,1,5.0,0.0
URBAN DEVELOPMENT,"REDEVELOPMENT OF GPRA AT KASTURBA NAGAR PHASE I - [N28000129]CPWD,DELHI",1128.0,1128.0,419.44,2016.0,2022.0,27.0,0.0,,1,6.0,0.0
URBAN DEVELOPMENT,"CONSTRUCTION729 QUARTERS (TYPE II-180 TYPE III-364 TYPE IV-112 TYPE V-68 TYPE-VI-5 SHOPS COMMUNI - [N28000149]CPWD,CHHATTISGA RH",299.97,299.97,223.06,2019.0,2020.0,49.0,0.0,,1,1.0,0.0
URBAN DEVELOPMENT,"CONSTRUCTION OF 184 MULTI STORIED FLATS FOR HON'BLE MPS AT BKS MARG, NEW DELHI - [N28000153]CPWD,DELHI",646.52,646.52,168.79,2022.0,2024.0,6.0,0.0,,1,2.0,0.0
URBAN DEVELOPMENT,"DELHI METRO PHASE IV THREE PRIORITY CORRIDORS - [N28000135]DMRC,DELHI",24948.65,24948.65,11597.34,2019.0,2025.0,12.0,0.0,Nil,1,6.0,0.0
URBAN DEVELOPMENT,"AGRA METRO RAIL PROJECT - [N28000145]LMRCL,UTTAR PRADESH",8379.62,8379.62,3647.85,2019.0,2024.0,21.0,0.0,NO,1,5.0,0.0
URBAN DEVELOPMENT,"KANPUR METRO RAIL PROJECT - [N28000144]LMRCL,UTTAR PRADESH",11076.48,11076.48,7005.28,2019.0,2024.0,27.0,0.0,NO,1,5.0,0.0
URBAN DEVELOPMENT,"PUNE METRO RAIL PROJECT (PHASE 1) - [N28000121]MMRC,MAHARASHT RA",11420.0,13656.22,12138.13,2016.0,2021.0,31.0,19.58,Contribution of Pune Municipal Corporation amounting to Rs. 40 Cr is still pending.,1,5.0,0.19579999999999997
URBAN DEVELOPMENT,"BHOPAL METRO RAIL - [N28000124]MPMRCL,MADHYA PRADESH",6941.4,6941.4,2106.59,2018.0,2023.0,46.0,0.0,NIL,1,5.0,0.0
URBAN DEVELOPMENT,"INDORE METRO RAIL - [N28000125]MPMRCL,MADHYA PRADESH",7500.8,7500.8,2830.31,2018.0,2023.0,46.0,0.0,NIL,1,5.0,0.0
URBAN DEVELOPMENT,2,4.0,5.0,6.0,,,9.0,10.0,11,1,,0.1
URBAN DEVELOPMENT,"REDEVELOPMENT OF GPRA AT NETAJI NAGAR NEW DELHI PACKAGE 2 - [N28000156]NBCC,DELHI",1536.72,1536.72,111.15,2016.0,2024.0,6.0,0.0,,1,8.0,0.0
URBAN DEVELOPMENT,"PATNA METRO RAIL CORPORATION LIMITED - [N28000148]PATNA METRO RAI,BIHAR",13365.77,13925.5,2188.95,2019.0,2024.0,3.0,4.19,,1,5.0,0.04190000000000001
WATER RESOURCES,"INTERCEPTION AND DIVERSION WITH STP AT HUGHLY- CHINSURAH - [N30000042]KMDA,WEST BENGAL",160.0,154.73,82.36,2018.0,2022.0,28.0,0,,1,4.0,0.0
WATER RESOURCES,"DETAILED PROJECT REPORT FOR I AND D SEWERAGE SYSTEM AND STP FOR ASANSOL AND KULTI TOWNS - [N30000029]KMDA,WEST BENGAL",384.96,384.96,,2019.0,2022.0,32.0,0.0,,1,3.0,0.0
WATER RESOURCES,"INTERCEPTION AND DIVERSION WORKS WITH STP FOR DRAINS FALLING IN RIVER DAMODAR AT DURGAPURL - [N30000030]KMDA,WEST BENGAL",287.53,287.53,,2019.0,2022.0,32.0,0.0,,1,3.0,0.0
WATER RESOURCES,"I AND D AND STP WORKS AT BURDWAN WEST BENGAL - [N30000031]KMDA,WEST BENGAL",234.31,234.31,,2018.0,2022.0,32.0,0.0,,1,4.0,0.0
WATER RESOURCES,"INTERCEPTION DIVERSION TREATMENT WORKS AT TOLLYS NULLAH ADI GANGA - [N30000034]KMDA,WEST BENGAL",307.12,653.67,,2017.0,2022.0,51.0,112.84,,1,5.0,1.1284
DEPARTMENT OF HIGHER EDUCATION,2,4.0,5.0,6.0,,,9.0,10.0,11,1,,0.1
DEPARTMENT OF HIGHER EDUCATION,"ADDITIONAL INFRASTRUCTURE AT IISC BANGALORE SH RCC MONOLITHIC FOR MEN WOMEN HOSTEL - [N42000010]CPWD,KARNATAKA",316.25,316.25,310.46,2021.0,2024.0,6.0,0.0,,1,3.0,0.0
DEPARTMENT OF HIGHER EDUCATION,"CONSTRUCTION OF PERMANENT CAMPUSES OF CENTRAL UNIVERSITY OF HIMACHAL PRADESH AT DEHRA AND DHARAMSHAL - [N42000011]CPWD,HIMACHAL PRADESH",512.37,512.37,61.65,2021.0,2022.0,27.0,0.0,,1,1.0,0.0
DEPARTMENT OF HIGHER EDUCATION,"CONSTRUCTION OF TWO NOS GIRLS HOSTELS AND ONE NO BOYS HOSTEL OF 500 CAPACITY EACH G PLUS 8 STOREYED - [N28000146]CPWD EDUCATION,WEST BENGAL",193.83,193.83,185.7,2020.0,2020.0,47.0,0.0,,1,0.0,0.0
DEPARTMENT OF HIGHER EDUCATION,"PERMANENT CAMPUS FOR IIM BODH GAYA - [N42000009]CPWD EDUCATION,BIHAR",375.0,375.0,324.87,2018.0,2020.0,44.0,0.0,,1,2.0,0.0
DEPARTMENT OF HIGHER EDUCATION,"CONSTRUCTION OF PERMANENT CAMPUS OF IIM JAMMU (PHASE 1) - [N28000130]CPWD EDUCATION,JAMMU AND KASHMIR",424.93,500.91,464.38,2019.0,2022.0,23.0,17.88,,1,3.0,0.1788
DEPARTMENT OF HIGHER EDUCATION,"CONSTRUCTION OF PERMANENT CAMPUS FOR IISER AT JANGALAPALLI VILLAGE, YERPEDU MANDAL, CHITTOOR DISTRIC - [N42000007]CPWD EDUCATION,ANDHRA PRADESH",588.72,588.72,631.07,2019.0,2022.0,21.0,0.0,3. Provisional approval from local bodies conveyed on 24th October 2020.,1,3.0,0.0
DEPARTMENT OF HIGHER EDUCATION,"INDIAN INSTITUTE OF SCIENCE EDUCATION AND RESEARCH BERHAMPUR - [N28000126]CPWD EDUCATION,ODISHA",790.79,790.79,620.36,2019.0,2022.0,28.0,0.0,,1,3.0,0.0
DEPARTMENT OF HIGHER EDUCATION,"CONSTRUCTION OF PERMANENT CAMPUS IIT JAMMU (PHASE 1C) - [N28000131]CPWD EDUCATION,JAMMU AND KASHMIR",676.0,1144.68,54.75,2018.0,2023.0,17.0,69.33,,1,5.0,0.6933
DEPARTMENT OF HIGHER EDUCATION,"CONSTRUCTION OF PERMANENT CAMPUS FOR NATIONAL INSTITUTE OF TECHNOLOGY GOA AT CUNCOLIM, GOA. - [N42000002]CPWD EDUCATION,GOA",303.9,390.4,360.0,2019.0,2021.0,37.0,28.46,,1,2.0,0.2846
DEPARTMENT OF HIGHER EDUCATION,2,4.0,5.0,6.0,,,9.0,10.0,11,1,,0.1
DEPARTMENT OF HIGHER EDUCATION,"CONSTRUCTION OF PERMANENT CAMPUS OF INDIAN INSTITUTE OF MANAGEMENT (IIM) AMRITSAR, PUNJAB. - [N28000142]CPWD EDUCATION,PUNJAB",348.24,348.24,246.29,2019.0,2022.0,31.0,0.0,,1,3.0,0.0
DEPARTMENT OF HIGHER EDUCATION,"C/O PERMANENT CAMPUS OF IIT PALAKKAD PHASE IA AT PUDESSERY VILLAGE,KANJIKODE WEST, DISTRICT PALAKKA - [N28000140]CPWD EDUCATION,KERALA",753.63,753.63,412.37,2019.0,2021.0,56.0,0.0,,1,2.0,0.0
DEPARTMENT OF HIGHER EDUCATION,"CONSTRUCTION AND DEVELOPMENT OF NATINAL INSTITUTE OF TECHNOLOGY MEGHALAYA PERMANENT CAMPUS AT SOHRA - [N42000001]RITES OF HIGHER,MEGHALAYA",484.32,429.7,269.05,2013.0,2014.0,118.0,0,Due to Law and Order and subsequent delay,1,1.0,0.0
HOME AFFAIRS,"ESTABLISHMENT OF CENTRAL ARMED POLICE FORCE INSTITUTE OF MEDICAL SCIENCES(CAPFIMS) AT NEW DELHI - [N28000071]CPWD FOR MHA,DELHI",1219.21,2091.53,1852.88,2013.0,2019.0,56.0,71.55,"Mandatory Approvals/NOC from Local Bodies, Fire Deptt., SDMC, Delhi Monument Authority & CEC.",1,6.0,0.7155
HOME AFFAIRS,"C/o separate family accommodation (Phase-I) on EPC basis for SSB at Faridabad (Haryana)"" - [N28000147]CPWD FOR MHA,HARYANA",166.98,166.98,90.37,2020.0,2023.0,12.0,0.0,,1,3.0,0.0
HOME AFFAIRS,"NSG AT KOLKATA - [N28000104]CPWD FOR MHA,WEST BENGAL",162.88,210.83,183.31,2014.0,2018.0,80.0,29.44,,1,4.0,0.2944
HOME AFFAIRS,"CONSTRUCTION OF HEADQUARTER BUILDING OF CRPF AT LODHI ROAD NEW DELHI - [N45000002]CPWD FOR MHA,DELHI",277.35,290.33,85.11,2019.0,2022.0,34.0,4.68,,1,3.0,0.046799999999999994
DPIIT,2,4.0,5.0,6.0,,,9.0,10.0,11,1,,0.1
DPIIT,"INDIA INTERNATIONAL CONVENTION AND EXPO CENTRE - [N40000002]IICC FOR DPIIT,DELHI",4773.0,5401.0,4709.75,2017.0,2019.0,54.0,13.16,,1,2.0,0.1316
DPIIT,2,4.0,,5.0,,,8.0,9.0,,1,,0.09
ATOMIC ENERGY,"PROTOTYPE FAST BREEDER REACTOR (BHAVINI, 500 MWE) - [020100044",3492.0,7670.0,6517.22,2003.0,2010.0,119.64,171.0,,1,7.0,1.71
ATOMIC ENERGY,RAJASTHAN ATOMIC POWER PROJECT -7 AND 8 (2X700 MW) - [N02000027,12320.0,22924.0,18385.0,2009.0,2016.0,86.07,120.0,,1,7.0,1.2
ATOMIC ENERGY,KUDANKULAM NUCLEAR POWER PROJECT UNIT-3 and 4 - [N02000028,39849.0,68893.0,43536.0,2013.0,2020.0,72.89,72.0,,1,7.0,0.72
CIVIL AVIATION,DEVELOPMENT OF AYODHYA AIRPORT PHASE-01 - [N04000094,242.14,358.0,335.02,2021.0,2022.0,47.85,18.0,,1,1.0,0.18
CIVIL AVIATION,DEVELOPMENT OF TUTICORIN AIRPORT - [N04000090,380.87,452.93,271.73,2019.0,2022.0,18.92,28.0,,1,3.0,0.28
CIVIL AVIATION,"CONSTRUCTION OF DOMESTIC PASSENGER TERMINAL BUILDING AT DEHRADUN AIRPORT, DEHRADUN - [N04000085",456.86,500.0,484.85,2018.0,2020.0,9.44,46.0,,1,2.0,0.46
CIVIL AVIATION,CONSTRUCTION OF TERMINAL BUILDING AND ASSOCIATED WORKS AT LEH AIRPORT - [N04000078,480.33,640.0,339.0,2018.0,2021.0,33.24,37.0,,1,3.0,0.37
CIVIL AVIATION,CONSTRUCTION OF NEW GREEN FIELD AIRPORT AT HOLLONGI ITANAGAR ARUNACHAL PRADESH - [N04000092,645.63,712.15,657.33,2019.0,2022.0,10.3,24.0,,1,3.0,0.24
CIVIL AVIATION,CONSTRUCTION OF NEW INTEGRATED TERMINAL BUILDING AT LGBI AIRPORT GUWAHATI - [N04000083,1142.0,2333.0,1091.52,2016.0,2021.0,104.29,48.0,,1,5.0,0.48
CIVIL AVIATION,"CCS INTERNATIONAL AIRPORT , LUCKNOW - [N04000077",1383.0,3291.81,2092.82,2018.0,2021.0,138.02,39.0,,1,3.0,0.39
COAL,PATHERDIH 2.5 NLW COAL WASHERY - [N06000194,243.0,334.27,111.51,2015.0,2018.0,37.56,77.0,,1,3.0,0.77
COAL,2.0 MTPA BHOJUDIH NLW WASHERY - [N06000195,304.13,341.22,281.17,2015.0,2017.0,,90.0,,1,2.0,0.9
COAL,2,4.0,,5.0,,,8.0,9.0,,1,,0.09
COAL,HURA - C OC (3 MTY) - [N06000143,359.69,859.41,316.19,2015.0,2022.0,138.93,84.0,,1,7.0,0.84
COAL,RANIGANJ MASTER PLAN - [N06000163,2661.73,5146.48,741.28,2009.0,2019.0,93.35,60.0,,1,10.0,0.6
COAL,NEYVELI UTTAR PRADESH POWER PROJECT LIMITED 1980 MW - [N06000152,17237.0,19406.12,17105.55,2016.0,2021.0,12.58,40.0,,1,5.0,0.4
COAL,RCE OF INDARAM OPENCAST PROJECT - [N06000211,349.28,424.81,335.24,2017.0,2021.0,21.62,48.0,,1,4.0,0.48
DEPARTMENT OF HIGHER EDUCATION,"CONSTRUCTION OF PERMANENT CAMPUS FOR NATIONAL INSTITUTE OF TECHNOLOGY GOA AT CUNCOLIM, GOA. - [N42000002",303.9,390.4,360.0,2019.0,2021.0,28.46,37.0,,1,2.0,0.37
DEPARTMENT OF HIGHER EDUCATION,CONSTRUCTION OF PERMANENT CAMPUS OF IIM JAMMU (PHASE 1) - [N28000130,424.93,500.91,464.38,2019.0,2022.0,17.88,23.0,,1,3.0,0.23
DEPARTMENT OF HIGHER EDUCATION,CONSTRUCTION OF PERMANENT CAMPUS IIT JAMMU (PHASE 1C) - [N28000131,676.0,1144.68,54.75,2018.0,2023.0,69.33,17.0,,1,5.0,0.17
DPIIT,INDIA INTERNATIONAL CONVENTION AND EXPO CENTRE - [N40000002,4773.0,5401.0,4709.75,2017.0,2019.0,13.16,54.0,,1,2.0,0.54
HEALTH AND FAMILY WELFARE,C/O NEW HOSPITAL BLOCK FOR SREE CHITRA TIRUNAL INSTITIUTE OF MEDICAL SCIENCE AND TECHNOLOGY (SCTIMST - [N28000112,150.29,162.0,88.39,2017.0,2020.0,7.79,50.0,,1,3.0,0.5
HEALTH AND FAMILY WELFARE,ESTABLISHMENT OF NATIONAL ANIMAL RESOURCE FACILITY FOR BIOMEDICAL RESEARCH AT HYDERABAD - [N28000098,209.84,281.06,248.29,2016.0,2020.0,33.94,52.0,,1,4.0,0.52
HEALTH AND FAMILY WELFARE,2,4.0,,5.0,,,8.0,9.0,,1,,0.09
HEALTH AND FAMILY WELFARE,CONSTRUCTION OF 300 BEDDED HOSPITAL AND TEACHING BLOCK IN DR YS PARMAR GMC AT NAHAN HIMACHAL PRADESH - [N28000127,260.0,371.78,46.24,2018.0,2021.0,42.99,62.0,,1,3.0,0.62
HEALTH AND FAMILY WELFARE,"CONSTRUCTION OF AIIMS AT JAMMU VIJAYPUR, SAMBA JAMMU AND KASHMIR - [N21000029",1404.0,1642.0,1340.12,2019.0,2023.0,16.95,9.0,,1,4.0,0.09
HOME AFFAIRS,NSG AT KOLKATA - [N28000104,162.88,210.83,183.31,2014.0,2018.0,29.44,80.0,,1,4.0,0.8
HOME AFFAIRS,CONSTRUCTION OF HEADQUARTER BUILDING OF CRPF AT LODHI ROAD NEW DELHI - [N45000002,277.35,290.33,85.11,2019.0,2022.0,4.68,34.0,,1,3.0,0.34
HOME AFFAIRS,ESTABLISHMENT OF CENTRAL ARMED POLICE FORCE INSTITUTE OF MEDICAL SCIENCES(CAPFIMS) AT NEW DELHI - [N28000071,1219.21,2091.53,1852.88,2013.0,2019.0,71.55,56.0,,1,6.0,0.56
MINES,CONSTRUCTION OF RED MUD POND - II AT NALCO DAMANJODI ODISHA - [N10000017,225.79,270.66,5.0,2019.0,2023.0,19.87,14.0,,1,4.0,0.14
MINES,CONVERSION OF FLAT BOTTOM SETTLERS AND WASHERS WITH A SINGLE TRAIN OF HRDS AND DCWS IN STREAMS 1 AND - [N10000012,355.0,581.0,108.93,2015.0,2020.0,63.66,58.0,,1,5.0,0.58
MINES,5TH STREAM ALUMINA REFINERY EXPANSION PROJECT - [N10000010,4103.0,5677.4,2999.82,2014.0,2021.0,38.37,53.0,,1,7.0,0.53
PETROLEUM,IRUGUR-DEVANGONTHI POL PIPELINE - [N16000234,678.0,1732.0,532.01,2012.0,2017.0,155.46,104.0,,1,5.0,1.04
PETROLEUM,60 KTA POLYPROPYLENE PROJECT - [N16000429,910.56,1299.02,700.4,2019.0,2024.0,42.66,11.0,,1,5.0,0.11
PETROLEUM,DURGAPUR-HALDIA PIPELINE PROJECT - [N16000275,1740.0,2433.15,1885.8,2017.0,2020.0,39.84,51.0,,1,3.0,0.51
PETROLEUM,2,4.0,,5.0,,,8.0,9.0,,1,,0.09
PETROLEUM,KOCHI-KOOTTANAD-BANGALORE-MANGALORE PIPELINE PHASE-II - [N16000285,2915.0,5909.0,3876.6,2009.0,2012.0,102.71,143.0,,1,3.0,1.43
PETROLEUM,SETTING UP 500KTPA PROPANE DEHYDROGENATION INTEGRATED WITH POLYPROPYLENE UNIT ALONG WITH OFFSITE AND - [N16000430,8797.0,11256.0,4022.27,2019.0,2025.0,27.95,6.0,,1,6.0,0.06
PETROLEUM,VISAKH REFINERY MODERNISATION PROJECT - [N16000235,20928.0,26264.0,25798.72,2016.0,2020.0,25.5,47.0,,1,4.0,0.47
PETROLEUM,RAJASTHAN REFINERY PROJECT - [N16000513,43129.0,72937.0,46029.0,2017.0,2022.0,69.11,29.0,,1,5.0,0.29
PETROLEUM,EXPANSION OF GUWAHATI REFINERY FROM 1 TO 1.2 MMTPA ALONG WITH INSTALLATION OF CATALYTIC REFORMING UN - [N16000414,412.0,509.84,330.54,2021.0,2023.0,23.75,16.0,,1,2.0,0.16
PETROLEUM,ADDITIONAL STORAGE TANKS AT PARADIP - [N16000361,462.3,543.0,445.45,2018.0,2021.0,17.46,39.0,,1,3.0,0.39
PETROLEUM,"SETTING UP LUBE COMPLEX AT VILLAGES AMULLAVOYAL AND VAIKKADU, CHENNAI AS RESITEMENT OF EXISTING FACI - [N16000405",1398.0,1587.0,1098.0,2020.0,2023.0,13.52,8.0,,1,3.0,0.08
PETROLEUM,R and D CAMPUS II AT FARIDABAD - [N16000375,2281.94,3219.94,1459.77,2019.0,2022.0,41.11,31.0,,1,3.0,0.31
PETROLEUM,ACRYLICS OR OXO-ALCOHOL PROJECT AT GUJARAT REFINERY - [N16000382,5251.0,5894.0,3987.09,2019.0,2023.0,12.25,16.0,,1,4.0,0.16
PETROLEUM,ENNORE THIRUVALLUR BENGALURU PUDUCHERRY NAGAPATTINAM MADURAITUTICORIN GAS PIPELINE - [N16000253,4497.0,6025.0,5502.92,2016.0,2018.0,33.98,72.0,,1,2.0,0.72
PETROLEUM,CAPACITY EXPANSION OF PANIPAT REFINERY FROM 15 TO 25 MMTPA - [N16000412,34627.0,38231.0,11152.75,2021.0,2024.0,10.41,15.0,,1,3.0,0.15
PETROLEUM,DEVANGONTHI MARKETING TERMINAL - [N16000401,200.0,304.0,245.26,2020.0,2023.0,52.0,13.0,,1,3.0,0.13
PETROLEUM,NUMALIGARH REFINERY EXPANSION PROJECT 6 MMTPA REFINARY - [N16000379,12366.0,18968.0,10740.74,2019.0,2024.0,53.39,14.0,,1,5.0,0.14
PETROLEUM,REDEVELOPMENT OF LINCH FIELD - [N16000428,631.03,860.04,242.83,2021.0,2025.0,36.29,4.0,,1,4.0,0.04
PETROLEUM,DEVELOPMENT PLAN OF CBM - BOKARO BLOCK - [N16000239,823.27,1137.79,1028.58,2015.0,2023.0,38.2,24.0,,1,8.0,0.24
PETROLEUM,LIFE EXTENSION OF WALL PLATFORMS OF MUMBAI HIGH AND HEERA FIELDS - [N16000213,3190.69,3375.9,2961.86,2015.0,2018.0,5.8,97.0,,1,3.0,0.97
PETROLEUM,2,4.0,,5.0,,,8.0,9.0,,1,,0.09
PETROLEUM,PIPELINE REPLACEMENT PROJECT - VII - [N16000436,3183.58,3645.23,2705.68,2022.0,2024.0,14.5,1.0,,1,2.0,0.01
PETROLEUM,MUMBAI HIGH NORTH REDEVELOPMENT PHASE-IV - [N16000358,3228.8,3976.67,3897.3,2019.0,2022.0,23.16,35.0,,1,3.0,0.35
PETROLEUM,DAMAN UPSIDE DEVELOPMENT PROJECT (DUDP) IN TAPTI DAMAN BLOCK - [N16000470,4144.41,5726.03,1.21,2022.0,2025.0,38.16,4.0,,1,3.0,0.04
PETROLEUM,DEVELOPMENT OF SURFACE FACILITIES FOR PRODUCTION AND EVACUATION OF CRUDE OIL AND NATURAL GAS FROM NA - [N16000331,543.91,670.9,491.56,2018.0,2020.0,23.35,58.0,,1,2.0,0.58
POWER,RANGIT IV HE PROJECT - [N18000326,938.29,1871.23,1075.33,2021.0,2024.0,99.43,12.0,,1,3.0,0.12
POWER,PARBATI HEP (4X200 MW) (NHPC) II - [180100210,3919.59,12160.0,11278.29,2002.0,2009.0,210.24,183.0,,1,7.0,1.83
POWER,SUBANSIRI LOWER H.E.P (8X250 MW) (NHPC) - [180100221,6285.33,21247.54,21272.82,2003.0,2010.0,238.05,188.0,,1,7.0,1.88
POWER,RAMMAM-III HEPP (3X40 MW) - [N18000178,1381.84,1803.0,1042.24,2014.0,2019.0,30.48,114.0,,1,5.0,1.14
POWER,TAPOVAN-VISHNUGAD HEP (4X130MW) - [N18000014,2978.48,7103.0,6298.38,2006.0,2013.0,138.48,193.0,,1,7.0,1.93
POWER,NORTH KARANPURA STPP (3X660 MW) - [N18000177,16242.9,17007.0,15361.62,2014.0,2019.0,4.7,66.0,,1,5.0,0.66
POWER,BARH STPP(3X660MW) NTPC - [180100242,8692.97,21312.11,22311.28,2005.0,2011.0,145.16,157.0,,1,6.0,1.57
POWER,HVDC BIPOLE LINK BETWEEN WR AND SR -NORTH TRICHUR - SCHEME -II AC SYSTEM STRENGTHENING AT PUGALUR EN - [N18000264,1931.39,2635.55,1973.12,2017.0,2020.0,36.46,55.0,,1,3.0,0.55
POWER,NORTH EASTERN REGION POWER SYSTEM IMPROVEMENT PROJECT (NERPSIP) FOR SIX (6) STATES - [N18000250,5111.33,6700.0,4876.43,2014.0,2018.0,31.08,72.0,,1,4.0,0.72
POWER,COMPREHENSIVE SCHEME FOR THE STRENGHTENING OF THE TRANSMISSION AND DISTRIBUTION SYSTEM IN A P - [N18000249,4754.42,9129.32,6453.4,2014.0,2018.0,92.02,75.0,,1,4.0,0.75
POWER,VISHNUGAD PIPALKOTI HYDRO ELECTRIC PROJECT - [N18000042,2491.58,3860.35,3730.12,2008.0,2013.0,54.94,156.0,,1,5.0,1.56
POWER,TEHRI PUMPED STORAGE PLANT(1000MW) - [N18000010,1657.0,4825.6,6484.41,2006.0,2024.0,191.23,104.0,,1,18.0,1.04
POWER,2,4.0,,5.0,,,8.0,9.0,,1,,0.09
RAILWAYS,WARDHA-BALHARSHAH - 3RD LINE (132 KM) - [N22000356,1272.19,1384.72,1021.24,2015.0,2022.0,8.85,36.0,,1,7.0,0.36
RAILWAYS,DAUND - MANMAD (236 KM) - [N22000360,1876.0,2081.27,2056.27,2016.0,2023.0,10.94,21.0,,1,7.0,0.21
RAILWAYS,WARDHA-NANDED MAHARASHTRA - [N22000231,3168.29,3445.48,2394.71,2008.0,2023.0,8.75,45.0,,1,15.0,0.45
RAILWAYS,AHMEDNAGAR-PARLI VAIJNATH(NL) CR - [220100181,2271.5,4805.17,4072.18,1997.0,2021.0,111.54,57.0,,1,24.0,0.57
RAILWAYS,PUNE-MIRAJ-LONDA (467 KM) - [N22000359,3627.47,6463.49,3737.52,2015.0,2024.0,78.18,3.0,,1,9.0,0.03
RAILWAYS,KARAILA ROAD - SHAKTINAGAR DOUBLING - [N22000419,528.57,762.97,698.2,2015.0,2019.0,44.35,65.0,,1,4.0,0.65
RAILWAYS,JAYNAGAR-BIJALPURA INCLUDING EXTENSION BIJALPURA-BARDIBAS(NEPAL) GC - [N22000181,548.0,783.83,543.54,2009.0,2020.0,43.03,72.0,,1,11.0,0.72
RAILWAYS,SAGAULI VALMIKINAGAR DOUBLING 109.7 KM - [N22000472,744.04,1215.54,1254.17,2016.0,2021.0,63.37,39.0,,1,5.0,0.39
RAILWAYS,MUZAFFARPUR SAGAULI DOUBLING 100.60 KM - [N22000473,731.64,1250.0,1265.86,2016.0,2021.0,70.85,39.0,,1,5.0,0.39
RAILWAYS,KIUL - GAYA DOUBLING PROJECT - [N22000349,1200.2,1771.07,1615.77,2015.0,2020.0,47.56,50.0,,1,5.0,0.5
RAILWAYS,RAMNA - SINGRAULI DOUBLING - [N22000417,2436.21,2880.4,2782.71,2015.0,2020.0,18.23,54.0,,1,5.0,0.54
RAILWAYS,JARAPADA - BUDHAPANK WITH FLY OVER AT TALCHER ROAD 3RD AND 4TH LINE - [N22000380,701.61,810.02,179.43,2015.0,2018.0,15.45,76.0,,1,3.0,0.76
RAILWAYS,TALCHER-BIMALAGARH(NL)(ECOR) - [220100328,810.78,1928.07,1409.3,2005.0,2021.0,137.8,57.0,,1,16.0,0.57
RAILWAYS,KHURDA ROAD-BOLANGIR(NL)ECOR - [220100284,2923.13,5089.37,3692.11,1994.0,2009.0,74.11,213.0,,1,15.0,2.13
RAILWAYS,"TARAKESWAR - BISHNUPUR NEW BG LINE (NL), ER - [220100272",1188.91,1619.51,1044.76,2000.0,2019.0,36.22,72.0,,1,19.0,0.72
RAILWAYS,PIRPAINTI-JASIDIH - [N22000219,915.98,2137.81,789.25,2013.0,2022.0,133.39,72.0,,1,9.0,0.72
RAILWAYS,KHARSIA DHARAMJAIGARH WITH SPUR LINE EAST CORRIDOR-PHASE I - [N22000489,3055.0,3438.39,2807.27,2013.0,2018.0,12.55,75.0,,1,5.0,0.75
RAILWAYS,2,4.0,,5.0,,,8.0,9.0,,1,,0.09
RAILWAYS,EAST WEST METRO CORRIDOR KOLKATA - [N22000628,4874.58,10442.41,,2009.0,2016.0,114.22,93.0,,1,7.0,0.93
RAILWAYS,"EXTENSION OF MRTS FROM VELACHERY TO STN. THOMAS, MTP - [N22000028",495.74,734.01,625.57,2006.0,2013.0,48.06,135.0,,1,7.0,1.35
RAILWAYS,BHANDAI - FLYOVER FOR ETAWAH BOUND DOWN TRAINS - [N22000564,187.21,250.17,1.62,2019.0,2025.0,33.63,3.0,,1,6.0,0.03
RAILWAYS,GWALIOR-SEOPURKALA WITH EXTENSION TO KOTA (GC) - [N22000148,2912.96,3845.6,1024.32,2011.0,2022.0,32.02,33.0,,1,11.0,0.33
RAILWAYS,NEW BG LINE FROM BALURGHAT TO HILLY NFR - [N22000206,242.22,1208.73,386.56,2010.0,2020.0,399.02,84.0,,1,10.0,0.84
RAILWAYS,MURKONGSELEK-PASIGHAT NL - [N22000208,414.84,1220.25,506.04,2011.0,2020.0,194.15,60.0,,1,9.0,0.6
RAILWAYS,NEW BONGAIGAON-RANGIA-KAMAKGHYA DOUBLING - [N22000183,1798.0,2832.35,2760.4,2013.0,2019.0,57.53,63.0,,1,6.0,0.63
RAILWAYS,BONGAIGAON-GOALPARA-GUWAHATI (176 KM) - [N22000388,2232.32,4155.65,3342.93,2015.0,2022.0,86.16,48.0,,1,7.0,0.48
RAILWAYS,"NEW B.G. LINE FROM ARARIA TO GALGALIA (THAKURGUNG), NEFR - [N22000087",532.87,4359.32,2522.93,2006.0,2019.0,718.08,69.0,,1,13.0,0.69
RAILWAYS,NEW LINE FROM DIMAPUR TO ZUBZA(KOHIMA) NATIONAL PROJECT (NEFR) - [N22000124,2326.52,6663.0,3390.46,2006.0,2015.0,186.39,132.0,,1,9.0,1.32
RAILWAYS,"BHAIRABI SAIRONG, NL, NEFR - [N22000100",2393.47,8605.0,7306.77,2008.0,2014.0,259.52,136.0,,1,6.0,1.36
RAILWAYS,JIRIBAM TO IMPHAL (TUPUI)(NL)(NEFR) - [220100288,4454.17,19602.68,14499.92,2003.0,2011.0,340.1,189.0,,1,8.0,1.89
RAILWAYS,DOMINGARH - GORAKHPUR - GORAKHPUR CANTT - KUSUMHI - 3RD RUNNING LINE (21.15 KM) - [N22000613,186.85,457.68,406.56,2016.0,2024.0,144.95,8.0,,1,8.0,0.08
RAILWAYS,CHHAPRA-BALLIA UP - [N22000134,295.0,954.0,958.58,2013.0,2019.0,223.39,73.0,,1,6.0,0.73
RAILWAYS,"SHAHGANJ-BHATNI-PHEPHNA-INDARA, MAU- SHAHGANJ (EXCL. MAU-INDARA) PATCH DOUBLING. - [N22000470",1177.96,1777.39,1730.87,2016.0,2019.0,50.89,60.0,,1,3.0,0.6
RAILWAYS,CHANDIGARH-BADDI - [N22000467,328.14,1540.14,482.67,2007.0,2023.0,369.35,27.0,,1,16.0,0.27
RAILWAYS,"NANGALDAM-TALWARA(NL),NR - [220100188",450.0,2017.96,1190.75,1981.0,2012.0,348.44,148.0,,1,31.0,1.48
RAILWAYS,2,4.0,,5.0,,,8.0,9.0,,1,,0.09
RAILWAYS,"UDHAMPUR-SRINAGAR-BARAMULLA (NL),NR - [220100133",2500.0,41931.0,39605.0,1995.0,2002.0,1577.24,261.0,,1,7.0,2.61
RAILWAYS,VARANASI-MODHOSINGH-ALLAHABAD DOUBLING - [N22000401,943.6,2018.23,1779.61,2015.0,2022.0,113.89,33.0,,1,7.0,0.33
RAILWAYS,BHATNI - AUNRIHAR WITH ELECTRIFICATION (125 KM) (EXCL INDARA - MAU (116.95 KM)) - [N22000598,1177.96,2529.46,1574.9,2018.0,2024.0,114.73,11.0,,1,6.0,0.11
RAILWAYS,NEW WORK FOR CONSTRUCTION OF METRO RAILWAY FROM BARANAGAR TO BARRACKPORE AND DAKSHINESHWAR (MTP) - [N22000109,2298.42,2733.86,392.84,2010.0,2014.0,18.95,141.0,,1,4.0,1.41
RAILWAYS,HOSPET-HUBLI-LONDA-VASCODAGAMA DL - [N22000297,2127.0,3692.6,3481.82,2010.0,2023.0,73.61,45.0,,1,13.0,0.45
RAILWAYS,VIZIANAGARAM -SAMABALPUR 3RD LINE - [N22000409,2335.67,4803.16,4620.71,1991.0,2024.0,105.64,24.0,,1,33.0,0.24
RAILWAYS,NEW WORK FOR CONSTRUCTION OF METRO RAILWAY FROM JOKA TO BINOY BADAL DINESH BAGH. - [N22000111,2913.51,4834.54,3869.56,2010.0,2016.0,65.94,129.0,,1,6.0,1.29
RAILWAYS,MATHURA-JHANSI-3RD LINE (273.80 KM) - [N22000501,3677.76,5190.26,4969.16,2016.0,2023.0,41.13,12.0,,1,7.0,0.12
RAILWAYS,VIJAYAWADA-GUDUR - [N22000369,3246.26,6238.67,5614.6,2015.0,2023.0,92.18,12.0,,1,8.0,0.12
RAILWAYS,NEW WORK FOR CONSTRUCTION OF METRO RAILWAY FROM NSCB AIRPORT TO NEW GARIA VIA RAJARHAT (MTP) - [N22000110,3951.98,8964.35,6817.2,2010.0,2016.0,126.83,120.0,,1,6.0,1.2
RAILWAYS,RISHIKESH - KARNAPRAYAG NEW LINE - [N22000406,16216.0,24659.0,18267.0,2011.0,2024.0,52.07,3.0,,1,13.0,0.03
RAILWAYS,KAZIPET-VIJAYAWADA 3RD LINE WITH ELECTRIFICATION - [N22000261,1856.95,1952.68,1144.19,2012.0,2023.0,5.16,24.0,,1,11.0,0.24
RAILWAYS,KOTLPALLI-NARASAPUR (NL) (SCR) - [220100265,1045.2,2500.98,1141.44,2001.0,2009.0,139.28,216.0,,1,8.0,2.16
RAILWAYS,KAZIPET-BALHRSHA - [N22000367,2063.03,2909.0,2461.7,2015.0,2021.0,41.01,46.0,,1,6.0,0.46
RAILWAYS,MANOHARABAD-KOTHPALL NEW LINE(SCR) - [N22000032,1160.48,3014.0,1190.58,2006.0,2010.0,159.72,180.0,,1,4.0,1.8
RAILWAYS,NADIKUDE-SRI KALAHASTI - [N22000286,2288.7,3122.35,1579.6,2011.0,2021.0,36.42,74.0,,1,10.0,0.74
RAILWAYS,GUNTUR-GUNTAKAL - [N22000368,3631.0,3887.48,2926.55,2016.0,2022.0,7.06,45.0,,1,6.0,0.45
RAILWAYS,WADSA-GADHCHIROLI NEW LINE (52.36 KM) - [N22000480,229.0,1886.05,405.86,2018.0,2021.0,723.6,60.0,,1,3.0,0.6
RAILWAYS,JHARSUGUDA-BILASPUR 4TH LINE - [N22000484,1973.0,2135.34,1875.15,2015.0,2021.0,8.23,43.0,,1,6.0,0.43
RAILWAYS,ANUPPUR-KATNI - [N22000485,1370.0,2311.02,1459.96,2015.0,2021.0,68.69,36.0,,1,6.0,0.36
RAILWAYS,2,4.0,,5.0,,,8.0,9.0,,1,,0.09
RAILWAYS,RAJNANDGAON - NAGPUR - 3RD LINE (SECR) - [N22000420,1908.51,3544.25,2596.2,2016.0,2023.0,85.71,21.0,,1,7.0,0.21
RAILWAYS,PURULIA TO KOTSHILA DOUBLING (39.1 KM) - [N22000510,338.0,393.83,139.09,2018.0,2022.0,16.52,30.0,,1,4.0,0.3
RAILWAYS,LODHMA TO PISKA LINK LINE BY PASSING HATIA/RANCHI WITH Y CONNECTION (17.2 KM) - [N22000508,428.65,472.5,265.82,2018.0,2022.0,10.23,48.0,,1,4.0,0.48
RAILWAYS,BONDAMUNDA RANCHI DOUBLING - [N22000396,1724.2,3029.04,2022.68,2016.0,2021.0,75.68,63.0,,1,5.0,0.63
RAILWAYS,MARIKUPPAM - KUPPAM - [N22000308,279.54,296.72,89.12,2012.0,2016.0,6.15,123.0,,1,4.0,1.23
RAILWAYS,MALUGUR-PALASAMUDRAM (17.98 KM) (PB#29/NR/2022-23) - [N22000556,323.14,342.41,39.46,2022.0,2025.0,5.96,12.0,,1,3.0,0.12
RAILWAYS,WHITEFIELD-KOLAR (52.9 KM) - [N22000560,162.13,348.85,0.36,2011.0,2028.0,115.17,32.0,,1,17.0,0.32
RAILWAYS,KADUR CHIKMAGALUR SAKLESHPUR NEW LINE (93 KM) - [N22000486,644.78,825.31,564.07,1996.0,2017.0,28.0,105.0,,1,21.0,1.05
RAILWAYS,BAGALKOT-KUDACHI NL - [N22000258,986.3,1649.31,502.0,2010.0,2016.0,67.22,129.0,,1,6.0,1.29
RAILWAYS,HOTGI-KUDGI-GADAG - [N22000333,1614.59,2458.87,2243.71,2015.0,2019.0,52.29,75.0,,1,4.0,0.75
RAILWAYS,Chinnasalem-Kallakurichi New Line (MM of cuddalore- Salem 191 KM) - [N22000567,417.5,419.44,191.46,2006.0,2025.0,0.46,9.0,,1,19.0,0.09
RAILWAYS,NAGAPATTINAM- THIRUTURAIPUNDI VIA THIRUKUVALAI NEW LINE (MM OF TIRUCHCHIRAPPALLI-NAGORE-KARAIKAL) - [N22000626,677.12,788.05,165.0,2008.0,2026.0,16.38,12.0,,1,18.0,0.12
RAILWAYS,MADURAI-TUTICORIN VIA ARUPPUKKOTTAI - [N22000215,120.7,2053.39,334.97,2011.0,2019.0,1601.23,105.0,,1,8.0,1.05
RAILWAYS,MAYLADUTHURAI-THIRUVARUR-KARAIKUDI-THIRU 'PONDI'-AGASTIYAMPALLI - [N22000079,724.69,3118.34,1917.34,2007.0,2019.0,330.3,97.0,,1,12.0,0.97
RAILWAYS,KATNI GRADE SEPARATOR/BYE PASS - [N22000416,582.13,1247.64,1080.04,2016.0,2022.0,114.32,30.0,,1,6.0,0.3
RAILWAYS,KATNI - SINGRAULI DOUBLING PROJECT - [N22000351,1763.93,2445.3,2830.45,2015.0,2020.0,38.63,55.0,,1,5.0,0.55
RAILWAYS,KATNI-BINA 3RD LINE (263 KM) - [N22000415,2478.23,2938.0,1279.35,2016.0,2022.0,18.55,27.0,,1,6.0,0.27
RAILWAYS,"RAMGANJMUNDI-BHOPAL (NL),WCR - [220100314",424.6,5125.16,2596.43,2001.0,2021.0,1107.06,57.0,,1,20.0,0.57
RAILWAYS,"LALITPUR-SATNA-REWA-SINGRULI NL, (NCR) - [220100232",247.66,8248.5,2500.34,1998.0,2008.0,3230.57,202.0,,1,10.0,2.02
RAILWAYS,2,4.0,,5.0,,,8.0,9.0,,1,,0.09
RAILWAYS,ANAND GODHRA DOUBLING PROJECT 79 KMS - [N22000504,692.25,692.26,384.31,2017.0,2020.0,0.0,57.0,,1,3.0,0.57
RAILWAYS,BHUJ-NALIYA(GC) WITH EXTENSION FROM NALIYA TO VAYOR (WR) - [N22000123,318.24,1531.55,748.79,2008.0,2012.0,381.26,174.0,,1,4.0,1.74
RAILWAYS,CHOTTAUDEPUR-DHAR(NL) - [N22000138,1347.26,1793.63,1395.03,2007.0,2022.0,33.13,57.0,,1,15.0,0.57
RAILWAYS,"DAHOD-INDORE VIA SARDARPUR, JHABUA AND DHAR (NL) - [N22000139",1640.04,2873.11,1726.34,2007.0,2022.0,75.19,71.0,,1,15.0,0.71
RAILWAYS,RATLAM-MHOW-KHANDWA-AKOLA (GC) - [N22000120,3503.69,6203.51,3510.08,2008.0,2022.0,77.06,48.0,,1,14.0,0.48
ROAD TRANSPORT AND HIGHWAYS,CONSTRUCTION OF MAJOR BRIDGE AT KM 180.865 ACROSS RIVER KRISHNA ON NH-167 HAGARI – JADERCELA SECTION - [N24001173,157.32,187.61,43.16,2017.0,2019.0,19.25,66.0,,1,2.0,0.66
ROAD TRANSPORT AND HIGHWAYS,CONSTRUCTION OF ROB AND ITS APPROACHES IN LIEU OF UNMANNED LEVEL CROSSING AT KM 303.9 ON NH-60 (PAND - [N24000885,160.27,213.97,144.31,2016.0,2023.0,33.51,9.0,,1,7.0,0.09
ROAD TRANSPORT AND HIGHWAYS,UPGRADATION TO TWO LANE WITH PAVED SHULDER CONFIGUARATION FROM KM 00 TO 47 OF NH 351 MAHUVA TO BADHA - [N24002118,173.06,219.0,0.15,2022.0,2024.0,26.55,18.0,,1,2.0,0.18
ROAD TRANSPORT AND HIGHWAYS,IMPROVEMENTS AND RECONSTRUCTION TO TWO LANE WITH PAVED SHOULDERS FROM KM 243.20 TO KM 290.20 OF NH - [N24001157,175.5,241.6,178.73,2016.0,2017.0,37.66,89.0,,1,1.0,0.89
ROAD TRANSPORT AND HIGHWAYS,CONSTRUCTION OF TWINS 2-LANE ROB AND ITS APPROACHES IN REPLACEMENT OF EXISTING LEVEL CROSSING GATE N - [N24000887,236.78,263.26,211.51,2016.0,2021.0,11.18,34.0,,1,5.0,0.34
ROAD TRANSPORT AND HIGHWAYS,CONSTRUCTION OF REHABILITATION AND UPGRADING TO 2 LANES/2 LANE(FOR LOT-I-KM 40.00 TO KM 65.400 AND K - [N24000576,178.85,278.54,232.61,2016.0,2016.0,55.74,97.0,,1,0.0,0.97
ROAD TRANSPORT AND HIGHWAYS,UPGRADATION OF DHORAJI JAMKANDORNA KALAVAD SECTION OF NH 927D FROM DESIGN CHAINAGE KM 00 TO KM 58.11 - [N24002117,246.6,291.0,29.33,2022.0,2024.0,18.0,24.0,,1,2.0,0.24
ROAD TRANSPORT AND HIGHWAYS,CONSTRUCTION OF NEW ROAD AT THE MISSING LINK PORTION OF NH-81 ALONG THE APPROVED ALIGNMENT BETWEEN H - [N24000874,271.17,291.2,175.0,2016.0,2024.0,7.39,71.0,,1,8.0,0.71
ROAD TRANSPORT AND HIGHWAYS,WIDENING AND PAVED SHOULDER OF TOHANA (IN HARYANA) PUNJAB/HARYANA BORDER TO MOONAK-JAKHAL-BUDHLADA - [N24000907,293.1,315.0,306.6,2018.0,2020.0,7.47,47.0,,1,2.0,0.47
ROAD TRANSPORT AND HIGHWAYS,CONSTRUCTION OF RING ROAD FOR RAEBARELI CITY (PHASE -I) ON EASTERN SIDE OF NH 24B - [N24000331,282.41,319.96,269.08,2019.0,2022.0,13.3,26.0,,1,3.0,0.26
ROAD TRANSPORT AND HIGHWAYS,2,4.0,,5.0,,,8.0,9.0,,1,,0.09
ROAD TRANSPORT AND HIGHWAYS,WIDENING EXISTING 2 LANE TO 4 LANE WITH PAVED SHOULDER INCLUDING STRENGTHENING CARRIAGEWAY FROM KM 8 - [N24001380,302.62,345.62,324.68,2020.0,2021.0,14.21,39.0,,1,1.0,0.39
ROAD TRANSPORT AND HIGHWAYS,REHABILITATION AND UPGRADATION OF EXISTING NH-565 FROM KM.86.057 TO 133.922 OF NAGARJUNASAGAR DAM T - [N24000282,195.45,385.97,294.95,2014.0,2014.0,97.48,114.0,,1,0.0,1.14
ROAD TRANSPORT AND HIGHWAYS,REHABILITATION AND UPGRADING TO 2 LANES/2 LANE WITH PAVED SHOULDERS (KM 40 TO KM 219.945) OF NH-104 - [N24000531,319.68,503.28,430.14,1991.0,2008.0,57.43,187.0,,1,17.0,1.87
ROAD TRANSPORT AND HIGHWAYS,REHABILITATION AND UPGRADATION OF NH 200 FROM KM 178.944 TO 241.553 BANARI VILLAGE TO MASANIA KALA V - [N24001219,476.2,543.73,501.42,2016.0,2016.0,14.18,93.0,,1,0.0,0.93
ROAD TRANSPORT AND HIGHWAYS,REHABILITATION AND UPGRADATION OF NH 43 KANKER TO BEDMA SECTION KM. 130 TO 180 - [N24001217,497.14,572.66,351.76,2016.0,2016.0,15.19,100.0,,1,0.0,1.0
ROAD TRANSPORT AND HIGHWAYS,"PROCUREMENT, AND CONSTRUCTION OF REHABILITATION AND UPGRADING TO 2 LANES/2 LANE(FOR LOT-III-KM 156.5 - [N24000578",553.3,706.39,604.73,2016.0,2016.0,27.67,97.0,,1,0.0,0.97
ROAD TRANSPORT AND HIGHWAYS,REHABILITATION AND UPGRADATION OF NH 78 FROM KM 373.505 TO 469.300 AMBIKAPUR TO PATHALGAON SECTION - [N24001221,624.98,731.5,601.11,2016.0,2016.0,17.04,92.0,,1,0.0,0.92
ROAD TRANSPORT AND HIGHWAYS,REHABILITATION AND UPGRADING TO 2 LANES/2 LANE WITH PAVED SHOULDERS CONFIGURATION OF BIRPUR - BIHPUR - [N24000382,675.0,780.77,616.26,1991.0,2019.0,15.67,66.0,,1,28.0,0.66
ROAD TRANSPORT AND HIGHWAYS,FOUR LANING OF GAYA-HISUA-RAJGIRI-NALANDA- BIHARSHARIF SECTION (KM0.00 TO 92.935) ON NH- 82 IN BIHAR - [N24000579,1408.85,2138.16,1687.62,2014.0,2016.0,51.77,94.0,,1,2.0,0.94
ROAD TRANSPORT AND HIGHWAYS,KAILASHAHAR TO KHOWAI PKG-4 - [N24001309,159.13,171.5,79.43,2020.0,2022.0,7.77,25.0,,1,2.0,0.25
ROAD TRANSPORT AND HIGHWAYS,CONSTRUCTION OF TWO LANE WITH PAVED SHOULDER OF SELLING-DULTE SECTION OF NH-06 (PKG-I) - [N24001278,206.88,219.33,256.29,2020.0,2022.0,6.02,23.0,,1,2.0,0.23
ROAD TRANSPORT AND HIGHWAYS,CONSTRUCTION AND UPGRADATION OF EXISTING ROAD TO 2-LANE WITH PAVED SHOULDER FROM KM27.200 (END OF RO - [N24001336,230.45,244.91,198.49,2020.0,2023.0,6.27,23.0,,1,3.0,0.23
ROAD TRANSPORT AND HIGHWAYS,2-LANING FROM JOLAIBARI - BELONIA - [N24001317,201.99,287.47,139.41,2020.0,2022.0,42.32,30.0,,1,2.0,0.3
ROAD TRANSPORT AND HIGHWAYS,REHABILITATION AND UPGRADATION OF ROAD FROM KM 0.00 TO KM 18.600 OF KUMARGHAT- KAILASHAHAR SECTION - [N24001263,277.5,302.02,252.1,2020.0,2022.0,8.84,30.0,,1,2.0,0.3
ROAD TRANSPORT AND HIGHWAYS,CONSTRUCTION OF TWO LANE WITH PAVED SHOULDER OF SELLING-DULTE SECTION OF NH-06 (PKG-III) - [N24001281,292.24,331.17,275.8,2020.0,2022.0,13.32,23.0,,1,2.0,0.23
ROAD TRANSPORT AND HIGHWAYS,2 LANING OF KOHIMA - JESSAMI SECTION (PACKAGE III) - [N24001284,361.53,365.42,189.26,2020.0,2022.0,1.08,24.0,,1,2.0,0.24
ROAD TRANSPORT AND HIGHWAYS,2,4.0,,5.0,,,8.0,9.0,,1,,0.09
ROAD TRANSPORT AND HIGHWAYS,(I) CONSTRUCTION OF FOUR/SIX LANING FROM KM 132.375 TO KM 158.058 (TOTAL NEW ALIGNMENT LENGTH OF 20. - [N24000752,387.0,391.02,386.81,2017.0,2020.0,1.04,45.0,,1,3.0,0.45
ROAD TRANSPORT AND HIGHWAYS,CONSTRUCTION AND UPGRADATION OFEXISTINGROAD TO 2-LANE WITH PAVED SHOULDER INCLUDING GEOMETRIC IMPROV - [N24001262,345.38,395.59,352.31,2020.0,2023.0,14.54,16.0,,1,3.0,0.16
ROAD TRANSPORT AND HIGHWAYS,CONSTRUCTION OF 2-LANE SPECIFICATION ROAD WITH PAVED SHOULDER AS REALIGNMENT (GREENFIELD ALIGNMENT) - [N24001325,262.84,414.2,216.21,2020.0,2023.0,57.59,20.0,,1,3.0,0.2
ROAD TRANSPORT AND HIGHWAYS,CONSTRUCTION OF 2-LANE ROAD WITH PAVED SHOULDER (GREENFIELD ALIGNMENT) OF EXISTING STRETCH BETWEEN L - [N24001322,183.31,439.56,346.67,2020.0,2022.0,139.79,34.0,,1,2.0,0.34
ROAD TRANSPORT AND HIGHWAYS,WIDENING AND UP-GRADATION TO 2-LANE WITH PAVED SHOULDER CONFIGURATION AND GEOMETRIC IMPROVEMENTS FRO - [N24000861,473.18,688.25,508.51,2017.0,2023.0,45.45,20.0,,1,6.0,0.2
ROAD TRANSPORT AND HIGHWAYS,TLABUNG - LUNGLEI PKG-A - [N24001358,698.44,698.45,350.43,2021.0,2022.0,0.0,36.0,,1,1.0,0.36
ROAD TRANSPORT AND HIGHWAYS,(II) CONSTRUCTION OF DIMAPUR BYPASS (ASSAM PORTION) OF 4/6 LANE PAVEMENT ON EPC BASIS FROM EXISTING - [N24000753,500.09,698.81,365.22,2018.0,2022.0,39.74,19.0,,1,4.0,0.19
ROAD TRANSPORT AND HIGHWAYS,WIDENING AND UP-GRADATION TO 2-LANE WITH PAVED SHOULDER CONFIGURATION AND GEOMETRIC IMPROVEMENTS FRO - [N24000865,428.11,746.39,565.65,2017.0,2023.0,74.35,15.0,,1,6.0,0.15
ROAD TRANSPORT AND HIGHWAYS,WIDENING AND UP-GRADATION TO 2-LANE WITH PAVED SHOULDER CONFIGURATION AND GEOMETRIC IMPROVEMENTS FRO - [N24000864,404.29,750.32,567.59,2017.0,2024.0,85.59,8.0,,1,7.0,0.08
ROAD TRANSPORT AND HIGHWAYS,WIDENING AND UP-GRADATION TO 2-LANE WITH PAVED SHOULDER CONFIGURATION AND GEOMETRIC IMPROVEMENTS FRO - [N24000857,519.09,785.65,640.68,2017.0,2023.0,51.35,19.0,,1,6.0,0.19
ROAD TRANSPORT AND HIGHWAYS,WIDENING AND UP-GRADATION TO 2-LANE WITH PAVED SHOULDER CONFIGURATION AND GEOMETRIC IMPROVEMENTS FRO - [N24000862,537.82,789.05,729.36,2017.0,2023.0,46.71,20.0,,1,6.0,0.2
ROAD TRANSPORT AND HIGHWAYS,WIDENING AND UP-GRADATION TO 2-LANE WITH PAVED SHOULDER CONFIGURATION AND GEOMETRIC IMPROVEMENTS FRO - [N24000863,518.53,906.76,762.6,2017.0,2023.0,74.87,18.0,,1,6.0,0.18
ROAD TRANSPORT AND HIGHWAYS,WIDENING AND UP-GRADATION TO 2-LANE WITH PAVED SHOULDER CONFIGURATION AND GEOMETRIC IMPROVEMENTS FRO - [N24000858,640.07,1286.35,1140.04,2017.0,2023.0,100.97,12.0,,1,6.0,0.12
ROAD TRANSPORT AND HIGHWAYS,BALANCE WORKS OF 4-LANNING OF RAMPUR- KATHGODAM SECTION OF NH-87 (NEW NH NO. 09) FROM KM. 0.000 (KM 1 - [N24001992,199.31,199.38,86.84,2022.0,2024.0,0.04,4.0,,1,2.0,0.04
ROAD TRANSPORT AND HIGHWAYS,THOPPUR METTUR BHAVANI ERODE SECTION OF NH 544H FOR A LENGTH OF 85 KM - [N24001716,186.5,210.81,12.92,2022.0,2023.0,13.03,16.0,,1,1.0,0.16
ROAD TRANSPORT AND HIGHWAYS,6L MINOR BRIDGE (PALOLI PALAM) AT KM. 203.160 and MAJOR BRIDGE (MORAD) AT KM. 204.895 AND ALLIED WOR - [N24001652,210.37,214.36,198.01,2020.0,2022.0,1.9,24.0,,1,2.0,0.24
ROAD TRANSPORT AND HIGHWAYS,2,4.0,,5.0,,,8.0,9.0,,1,,0.09
ROAD TRANSPORT AND HIGHWAYS,FOUR LANING OF BARHI - KODERMA SECTION OF NH - 31 - [N24000725,273.46,276.17,244.92,2018.0,2021.0,0.99,33.0,,1,3.0,0.33
ROAD TRANSPORT AND HIGHWAYS,4L SPUR OF PANIPAT - SHAMLI CONNECTING NH- 709AD (PANIPAT – SHAMLI – MUZAFFARNAGAR) AND NH-709A (KARN - [N24001729,326.79,329.79,87.78,2022.0,2024.0,0.92,1.0,,1,2.0,0.01
ROAD TRANSPORT AND HIGHWAYS,CONSTRUCTION OF SIX LANING OF DEDICATED PORT ROAD TO KRISHNAPATNAM PORT (PACKAGE- I) KM 0+000 TO KM 1 - [N24000811,314.43,348.72,85.61,2018.0,2020.0,10.91,48.0,,1,2.0,0.48
ROAD TRANSPORT AND HIGHWAYS,DEVELOPMENT OF NEWLY DECLARED NH-527C FROM MAJHAULI TO CHAROUT SECTION TO 2 LANE WITH PAVED SHOULDER - [N24000813,496.2,537.17,366.24,2018.0,2021.0,8.26,37.0,,1,3.0,0.37
ROAD TRANSPORT AND HIGHWAYS,SIX LANNING OF AURANGABAD TO BIHAR/JHARKHAND BORDER SECTION OF NH-19 (OLD NH-2) FROM KM. 209.827 TO - [N24001700,552.55,553.0,21.0,2021.0,2024.0,0.08,9.0,,1,3.0,0.09
ROAD TRANSPORT AND HIGHWAYS,REHABILITATION AND UP-GRADATION TO 4-LANING OF RAJAMUNDA-BARKOTE SECTION OF NH-23 (NEW NH NO. 143) ( - [N24000739,503.88,609.03,327.05,2018.0,2021.0,20.87,42.0,,1,3.0,0.42
ROAD TRANSPORT AND HIGHWAYS,4L OF BARAMATI TO INDAPUR (PKG-II) FROM KM. 41.400 TO KM. 84.550 OF NH-965G (SAINT TUKARAM MARG) - [N24001502,624.45,627.79,398.06,2021.0,2023.0,0.53,10.0,,1,2.0,0.1
ROAD TRANSPORT AND HIGHWAYS,CONSTRUCTION OF 4 LANE ACCESS CONTROLLED NEW GREENFIELD HIGHWAY SECTION OF NH 365BG FROM RECHARLA VI - [N24001476,517.05,655.06,473.67,2021.0,2022.0,26.69,28.0,,1,1.0,0.28
ROAD TRANSPORT AND HIGHWAYS,SANCHORE - SANTALPUR FROM KM 4.888 - KM 35.000 OF NH-754K (AJ-RGBS-PACKAGE-1) - [N24001791,606.51,657.0,453.89,2020.0,2023.0,8.32,11.0,,1,3.0,0.11
ROAD TRANSPORT AND HIGHWAYS,REHABILITATION AND UPGRADATION OF TWO LANING OF MAHESHKHUNT - SAHARSA - PURNEA SECTION PKG - I - [N24000723,573.7,726.99,452.2,2018.0,2021.0,26.72,32.0,,1,3.0,0.32
ROAD TRANSPORT AND HIGHWAYS,BALANCE WORK OF 4- LANING OF PATNA-GAYA- DOBHI SECTION (KM. 39.00 TO KM. 83.00) OF NH-83 IN THE STATE - [N24001304,446.97,740.5,638.8,2013.0,2020.0,65.67,49.0,,1,7.0,0.49
ROAD TRANSPORT AND HIGHWAYS,BALANCE WORK OF 4- LANING OF PATNA-GAYA- DOBHI SECTION (KM. 0.00 TO KM. 127.217) OF NH-83 IN THE STAT - [N24001303,649.9,750.0,711.53,2013.0,2020.0,15.4,48.0,,1,7.0,0.48
ROAD TRANSPORT AND HIGHWAYS,REHABILITATION AND UP-GRADATION OF EXISTING 2-LANE TO FOUR LANE FROM TALCHAR TO END OF KAMAKHYANAG - [N24000734,614.48,757.12,664.48,2018.0,2021.0,23.21,36.0,,1,3.0,0.36
ROAD TRANSPORT AND HIGHWAYS,BALANCE WORK OF 4- L ANING OF PATNA-GAYA- DOBHI SECTION (KM.83.00 TO KM. 127.217) OF NH- 83 IN THE STA - [N24001305,464.09,765.12,698.25,2013.0,2020.0,64.86,49.0,,1,7.0,0.49
ROAD TRANSPORT AND HIGHWAYS,SANCHORE - SANTALPUR FROM KM 67.000- KM 99.000 OF NH-754K (AJ-RGBS-PACKAGE-3) - [N24001790,752.3,766.2,451.11,2020.0,2023.0,1.85,10.0,,1,3.0,0.1
ROAD TRANSPORT AND HIGHWAYS,KARAIPETTAI TO WALAJAPET FROM KM 71.015 TO 107.091 - [N24001723,707.9,766.51,401.98,2018.0,2021.0,8.28,46.0,,1,3.0,0.46
ROAD TRANSPORT AND HIGHWAYS,6L JAKKUVA – KORLAM SECTION OF NH-130CD ROAD FROM KM 396.800 TO KM 421.100 (PKG 2) - [N24001837,663.6,768.0,305.44,2021.0,2024.0,15.73,4.0,,1,3.0,0.04
ROAD TRANSPORT AND HIGHWAYS,2,4.0,,5.0,,,8.0,9.0,,1,,0.09
ROAD TRANSPORT AND HIGHWAYS,SANCHORE - SANTALPUR FROM KM 99.000- KM 130.073 OF NH-754K (AJ-RGBS-PACKAGE-4) - [N24001794,778.15,785.67,511.14,2020.0,2023.0,0.97,15.0,,1,3.0,0.15
ROAD TRANSPORT AND HIGHWAYS,CONSTRUCTION OF PARTIALLY ACESS CONTROLLED FOUR LANE ELEVATED HIGHWAY BETWEEN SAMRALA CHOWK (DESIGN - [N24000662,754.54,808.6,800.29,2017.0,2020.0,7.16,51.0,,1,3.0,0.51
ROAD TRANSPORT AND HIGHWAYS,CONSTRUCTION OF 4 LANE ACCESS CONTROLLED NEW GREENFIELD HIGHWAY SECTION OF NH- 365BG (KHAMMAM-DEVARAP - [N24001477,622.0,817.91,440.55,2021.0,2022.0,31.5,30.0,,1,1.0,0.3
ROAD TRANSPORT AND HIGHWAYS,TWO-LANNING WITH PAVED SHOULDER OF MAHSHKUNT-SAHARSA-PURNEA SECTION FROM EXISTING KM.89.020 (DESIGN - [N24000665,672.89,830.31,304.68,2017.0,2020.0,23.39,57.0,,1,3.0,0.57
ROAD TRANSPORT AND HIGHWAYS,CONSTRUCTION OF EIGHT LANE ACCESS CONTROLLED EXPRESSWAY CARRIAGEWAY FROM BANI VILLAGE TO BARDAWADI V - [N24001212,656.98,840.0,812.0,2017.0,2022.0,27.86,25.0,,1,5.0,0.25
ROAD TRANSPORT AND HIGHWAYS,CONSTRUCTION OF EIGHT LANE ACCESS CONTROLLED EXPRESSWAY CARRIAGEWAY FROM RAJASTHAN/MP BORDER TO JODM - [N24001214,217.96,884.0,2248.0,2017.0,2022.0,305.58,24.0,,1,5.0,0.24
ROAD TRANSPORT AND HIGHWAYS,4L OF HARDA - BETUL (PKG-I) FROM KM.0 TO KM.30 [HARDA - TEMAGAON] - [N24001763,774.16,893.08,464.84,2021.0,2023.0,15.36,9.0,,1,2.0,0.09
ROAD TRANSPORT AND HIGHWAYS,4L FROM KM 196.87 (SANKHA) TO KM 219.6 (KHAJURI) ON NH-75 [REHLA / GARHWA BYPASS] - [N24001590,748.99,903.0,799.08,2020.0,2023.0,20.56,14.0,,1,3.0,0.14
ROAD TRANSPORT AND HIGHWAYS,DELHI-AMRITSAR-KATRA EXPRESSWAY (PHASE-I PKG-VI) FROM JUNCTION WITH PATIALA-SAMANA- PATRAN ROAD (SH-1 - [N24001414,733.0,908.28,863.78,2020.0,2024.0,23.91,6.0,,1,4.0,0.06
ROAD TRANSPORT AND HIGHWAYS,6L OF SRIPERUMBUDUR TO KARAIPETTAI FROM KM 37.000 TO KM 71.015 OF NH 48 - [N24001725,819.89,922.85,361.98,2019.0,2021.0,12.56,55.0,,1,2.0,0.55
ROAD TRANSPORT AND HIGHWAYS,SIX-LANNING OF GREENFIELD PROPOSED UDAIPUR BYPASS PKG-IV - [N24000691,894.0,929.32,915.67,2017.0,2020.0,3.95,50.0,,1,3.0,0.5
ROAD TRANSPORT AND HIGHWAYS,4L OF HARDA - BETUL (PKG-III) FROM KM. 81.00 TO KM.121.248 [CHICHOLI - BETUL] - [N24001764,814.04,947.29,431.27,2021.0,2023.0,16.37,9.0,,1,2.0,0.09
ROAD TRANSPORT AND HIGHWAYS,CONSTRUCTION OF PROPOSED REWARI BYPASS (DESIGN LENGTH 14.4 KM) NH-11 AS A FEEDER ROUTE IN THE STATE - [N24001775,808.31,958.0,803.78,2020.0,2023.0,18.52,23.0,,1,3.0,0.23
ROAD TRANSPORT AND HIGHWAYS,4-LANNING OF BODHRE-DHULE SECTION(KM 390.000 TO 452.800) - [N24000656,744.64,1007.0,362.98,2017.0,2020.0,35.23,52.0,,1,3.0,0.52
ROAD TRANSPORT AND HIGHWAYS,REHABILITATION AND UPGRADATION OF CUTTACK- ANGUL SECTION TO 4 LANE (KM 60.20) TO (KM 112.0) PKG II ON - [N24000736,686.65,1015.16,435.85,2018.0,2020.0,47.84,51.0,,1,2.0,0.51
ROAD TRANSPORT AND HIGHWAYS,HARIHARGANJ TO PARWA MODE SECTION FROM KM 23.284 TO KM 57.049 OF NH-98 - [N24001589,755.26,1039.0,534.87,2020.0,2024.0,37.57,9.0,,1,4.0,0.09
ROAD TRANSPORT AND HIGHWAYS,2,4.0,,5.0,,,8.0,9.0,,1,,0.09
ROAD TRANSPORT AND HIGHWAYS,BANGALORE CHENNAI EXPRESSWAY PHASE-III PACKAGE II (WALAJAHPET TO ARAKKONAM) FROM KM 180.000 TO KM 2 - [N24001718,843.48,1051.36,347.02,2020.0,2024.0,24.65,4.0,,1,4.0,0.04
ROAD TRANSPORT AND HIGHWAYS,4-LANNING OF WARANGA-MAHAGAON SECTION(KM 253.7000 TO 320.580) - [N24000659,1059.73,1071.0,878.19,2017.0,2017.0,1.06,91.0,,1,0.0,0.91
ROAD TRANSPORT AND HIGHWAYS,4-LANING OF LOHA - WARANGA SECTION OF NH- 361 FROM KM. 187.800 TO KM. 244.369 (DESIGN LENGTH 56.569 K - [N24000854,1005.08,1073.1,699.05,2018.0,2021.0,6.77,45.0,,1,3.0,0.45
ROAD TRANSPORT AND HIGHWAYS,BAKHTIYARPUR RAJAULI PKG-II FROM KM 54.405 TO KM 101.630 NH20 - [N24001709,897.45,1090.0,1037.63,2020.0,2023.0,21.46,20.0,,1,3.0,0.2
ROAD TRANSPORT AND HIGHWAYS,6L ALURU - JAKKUVA SECTION OF NH-130CD ROAD FROM KM 365.033 TO KM 396.800 (PKG. 1) - [N24001838,922.5,1128.68,329.01,2021.0,2024.0,22.35,9.0,,1,3.0,0.09
ROAD TRANSPORT AND HIGHWAYS,FOUR LANNING OF RAMPUR- KATHGODAM SECTION OF NH-87 FROM KM 42.791 (DESIGN CHAINAGE 43.446) TO KM 88 - [N24000559,720.0,1150.0,557.04,2016.0,2019.0,59.72,56.0,,1,3.0,0.56
ROAD TRANSPORT AND HIGHWAYS,REHABILITATION AND UPGRADATION OF SIX LANING OF BHADRAK BALESHWAR SECTION (KM 136.50) TO (KM 199.141 - [N24000738,999.0,1152.7,339.23,2018.0,2021.0,15.39,42.0,,1,3.0,0.42
ROAD TRANSPORT AND HIGHWAYS,SIX LANNING OF AUNTA-SIMARIA(GANGA BRIDGE WITH APPROACH ROADS) SECTION OF NH-31 - [N24000696,950.64,1168.33,932.99,2017.0,2022.0,22.9,32.0,,1,5.0,0.32
ROAD TRANSPORT AND HIGHWAYS,CONSTRUCTION OF 8 LANING OF EXISTING 4 LANE VADAPE TO THANE FROM KM 539.202 TO KM 563.000 SECTION OF - [N24000851,1162.92,1182.87,371.48,2018.0,2021.0,1.72,38.0,,1,3.0,0.38
ROAD TRANSPORT AND HIGHWAYS,FOUR LANING OF BAKHTIYARPUR - MOKAMA SECTION OF NH-31 - [N24000507,1167.45,1182.94,707.88,2015.0,2019.0,1.33,53.0,,1,4.0,0.53
ROAD TRANSPORT AND HIGHWAYS,CONSTRUCTION OF NH-24 EXTENSION 4-LANE BYPASS STARTING FROM BEHTA ROAD AND TERMINATING AT SITAPUR RO - [N24000796,1117.84,1203.92,1165.5,2018.0,2021.0,7.7,30.0,,1,3.0,0.3
ROAD TRANSPORT AND HIGHWAYS,HOSPET-BELLARY-KARNATAKA AP BORDER - [N24000603,1167.42,1224.01,742.18,2016.0,2019.0,4.85,74.0,,1,3.0,0.74
ROAD TRANSPORT AND HIGHWAYS,4L OF NAGPUR-KATOL SECTION FROM KM. 13.00 TO KM. 62.900 OF NH-353J - [N24001799,1166.96,1251.0,981.91,2021.0,2023.0,7.2,10.0,,1,2.0,0.1
ROAD TRANSPORT AND HIGHWAYS,BANGALORE CHENNAI EXPRESSWAY PHASE-III – PACKAGE I (GUDIPALA TO WALAJAJHPET) FROM KM 156.000 TO KM 1 - [N24001720,1023.91,1341.51,489.07,2020.0,2024.0,31.02,5.0,,1,4.0,0.05
ROAD TRANSPORT AND HIGHWAYS,FOUR LANING OF VILUPPURAM TO PUDHUCHERRY (DESIGN CH. KM. 00/000 TO KM. 29/000) SECTION OF NH-45A ON - [N24001428,998.7,1358.32,866.81,2018.0,2021.0,36.01,37.0,,1,3.0,0.37
ROAD TRANSPORT AND HIGHWAYS,FOUR LANING OF MAMALLAPURAM TO MUGAIYUR SECTION OF NH332A FROM KM 0.000 TO KM 31.000 - [N24001721,1008.99,1360.53,159.66,2019.0,2024.0,34.84,6.0,,1,5.0,0.06
ROAD TRANSPORT AND HIGHWAYS,SIX LANNING FROM KM. 401.200 TO 494.410 OF NH-8 ON HYBRID ANNUITY MODE UNDER NHDP-V(PKG VI)REG. - [N24000649,1251.11,,682.44,2017.0,2020.0,8.78,45.0,,1,3.0,0.45
ROAD TRANSPORT AND HIGHWAYS,2,4.0,,5.0,,,8.0,9.0,,1,,0.09
ROAD TRANSPORT AND HIGHWAYS,CONSTRUCTION OF EIGHT LANE VADODARA KIM EXPRESSWAY FROM KM 254.430 TO KM 279.000 (KIM TO ANKLESHWAR - [N24000834,1161.39,1404.0,418.51,2018.0,2021.0,20.89,35.0,,1,3.0,0.35
ROAD TRANSPORT AND HIGHWAYS,FOUR LANING OF BANAVARA TO BETTADAHALLI SECTION FROM KM. 119+790 (DESIGN KM. 121+900) TO KM. 166+100 - [N24001686,1065.06,1444.5,151.25,2021.0,2023.0,35.63,16.0,,1,2.0,0.16
ROAD TRANSPORT AND HIGHWAYS,BANGALORE CHENNAI EXPRESSWAY PHASE-III PACKAGE III (ARAKKONAM TO KANCHEEPURAM) FROM KM 204.500 TO K - [N24001717,1155.49,1458.45,424.27,2020.0,2024.0,26.22,5.0,,1,4.0,0.05
ROAD TRANSPORT AND HIGHWAYS,FOUR LANNING OF NERCHOWK-PANDOH BYPASS SECTION OF NH-21(PACKAGE-I KM 190.000 TO KM 221.305) UNDER NH - [N24000613,1273.71,1478.61,1351.62,2016.0,2020.0,16.09,49.0,,1,4.0,0.49
ROAD TRANSPORT AND HIGHWAYS,TWO/FOUR LANNING OF BRT TIGER RESERVE BOUNDARY TO BANGALORE SECTION OF NH- 209(EXISTING CHAINAGE FROM - [N24000622,950.69,1487.46,1607.58,2016.0,2019.0,56.46,58.0,,1,3.0,0.58
ROAD TRANSPORT AND HIGHWAYS,"CONSTRUCTION OF 4-LANE NH-344P-PACKAGE-4 (FROM KM 0+000 TO KM 29+600, 29.6KM), STARTING FROM BAWANA - [N24001532",694.0,1500.0,1398.08,2021.0,2023.0,116.14,6.0,,1,2.0,0.06
ROAD TRANSPORT AND HIGHWAYS,FOUR LANING OF KARADI TO BANAVARA SECTION FROM KM. 66+540 (DESIGN KM. 65+195) TO KM. 119+790 (DESIGN - [N24001691,1225.24,1505.85,68.58,2019.0,2021.0,22.9,33.0,,1,2.0,0.33
ROAD TRANSPORT AND HIGHWAYS,"FOUR LANING OF SOLAN-KAITHLIGHAT SECTION OF NH-22 (NOW NH-5) FROM KM 106.139 TO KM 129.050, ON EPC M - [N24000852",478.74,1514.46,1172.11,2018.0,2021.0,216.34,43.0,,1,3.0,0.43
ROAD TRANSPORT AND HIGHWAYS,6-LANING OF VIJAYAWADA BYPASS FROM CHINNA AVUTUPALLI (DESIGN CH.0+000) TO GOLLAPUDI (DESIGN CH. 30+0 - [N24001300,1226.88,1581.24,1419.23,2019.0,2021.0,28.88,43.0,,1,2.0,0.43
ROAD TRANSPORT AND HIGHWAYS,FOUR LANÌNG OF PUDUCHERRY (KM.29/000) TO POONDIYANKUPPAM (KM.67/000) SECTION OF NH- 45A ON HAM UNDER - [N24001429,1294.47,1588.4,786.77,2018.0,2021.0,22.71,37.0,,1,3.0,0.37
ROAD TRANSPORT AND HIGHWAYS,VARANASI RING ROAD (PKG-II) CONNECTING SANDAHA VILLAGE (KM 11.70 / NH-29) WITH REVASA VILLAGE (KM 81 - [N24001826,927.77,1603.0,1202.77,2019.0,2022.0,72.78,34.0,,1,3.0,0.34
ROAD TRANSPORT AND HIGHWAYS,FOUR LANING OF JIND GOHANA GREENFIELD ALIGNMENT PACKAGE 1 IN THE STATE OF HARYANA UNDER HYBRID ANNUI - [N24001536,817.0,1605.0,929.61,2020.0,2022.0,96.45,22.0,,1,2.0,0.22
ROAD TRANSPORT AND HIGHWAYS,FOUR LANNING OF RAMPUR- KATHGODAM SECTION OF NH-87 FROM KM 0.000 (KM. 190.000 OF NH-24) TO KM 42.791 - [N24000556,899.0,1623.88,1058.84,2016.0,2019.0,80.63,62.0,,1,3.0,0.62
ROAD TRANSPORT AND HIGHWAYS,4-LANNING OF HARIDWAR-NAGINA SECTION OF NH 74 FROM (KM 204.300 OF NH 58) TO KM 73.00 - [N24000564,1408.0,1659.12,1157.85,2016.0,2020.0,17.84,47.0,,1,4.0,0.47
ROAD TRANSPORT AND HIGHWAYS,4L OF PALMA TO GUMLA SECTION OF NH23 FROM KM. 26.00 TO KM. 89.170 ON HAM MODE IN THE STATE OF JHARKH - [N24001595,1034.0,1699.48,41.5,2020.0,2024.0,64.36,7.0,,1,4.0,0.07
ROAD TRANSPORT AND HIGHWAYS,6-LANING OF KOZHIKODE BYPASS (CALICUT BYPASS) (I.E. VENGALAM JN. TO RAMANATTUKARA JN.) SECTION OF NH - [N24000784,1424.77,1862.77,665.38,2018.0,2023.0,30.74,22.0,,1,5.0,0.22
ROAD TRANSPORT AND HIGHWAYS,2,4.0,,5.0,,,8.0,9.0,,1,,0.09
ROAD TRANSPORT AND HIGHWAYS,4 LANE OF BILASPUR TO URGA PROJECT (KM 0.00 TO KM 70.2) OF NH-130A - [N24001611,1855.59,1869.85,368.32,2020.0,2024.0,0.77,15.0,,1,4.0,0.15
ROAD TRANSPORT AND HIGHWAYS,4-LANING OF GOHANA-SONIPAT (PKG-2) SECTION FROM KM 40.601 TO KM 78.837 (LENGTH = 38.236KM) OF NH-352 - [N24001535,899.0,1882.46,987.25,2020.0,2022.0,109.39,22.0,,1,2.0,0.22
ROAD TRANSPORT AND HIGHWAYS,CONSTRUCTION OF STAND ALONE RING ROAD/ BYPASS AROUND JAMMU CITY IN THE STATE OF J AND K ON EPC MODE - [N24000717,1471.75,1903.98,1557.5,2017.0,2021.0,29.37,37.0,,1,4.0,0.37
ROAD TRANSPORT AND HIGHWAYS,CONSTRUCTION OF EIGHT LANE ACCESS CONTROLLED EXPRESSWAY FROM KM 103.400 TO KM 128.000 OF VADODARA MU - [N24001786,1259.0,1910.0,137.93,2021.0,2024.0,51.71,12.0,,1,3.0,0.12
ROAD TRANSPORT AND HIGHWAYS,CONSTRUCTION OF EIGHT LANE EXPRESSWAY FROM KM 190.000 TO KM 217.500 GANDEVA TO ENA SECTION OF VADODA - [N24001789,1710.3,1927.0,362.81,2020.0,2023.0,12.67,10.0,,1,3.0,0.1
ROAD TRANSPORT AND HIGHWAYS,DELHI-AMRITSAR-KATRA EXPRESSWAY (PHASE-II PKG-XVI) EXISTING JAKH (VIJAYPUR)-KUNJWANI SECTION OF NH-4 - [N24001550,1821.72,1945.32,1635.74,2021.0,2024.0,6.78,15.0,,1,3.0,0.15
ROAD TRANSPORT AND HIGHWAYS,CONSTRUCTION OF 4-LANE GREEN FIELD DELHI- AMRITSAR-KATRA EXPRESSWAY (NE-05) FROM JUSSUR KHERI ON KMP - [N24001533,1690.23,2010.17,917.09,2020.0,2023.0,18.93,6.0,,1,3.0,0.06
ROAD TRANSPORT AND HIGHWAYS,FOUR LANING OF BETTADAHALLI TO SRIRAMPURA SECTION FROM KM. 166+100 (DESIGN KM. 170+415) TO KM. 217+0 - [N24001687,1331.77,2082.98,273.23,2021.0,2023.0,56.41,17.0,,1,2.0,0.17
ROAD TRANSPORT AND HIGHWAYS,8L OF DWARKA EXPRESSWAY PKG-II (RUB NEAR DWARKA SECTOR 21-DL/HR BORDER) FROM 5.300 KM.TO 9.500 KM. O - [N24001781,2067.67,2160.0,1496.49,2018.0,2021.0,4.47,32.0,,1,3.0,0.32
ROAD TRANSPORT AND HIGHWAYS,GARHMUKTESHWAR (KM. 83.200 OF NH-24) TO MEERUT (KM. 9.860 OF NH-235) INCLUDING CONNECTOR TO NH-119 - [N24002073,2068.99,2171.0,209.6,2019.0,2023.0,4.93,8.0,,1,4.0,0.08
ROAD TRANSPORT AND HIGHWAYS,REHABILITATION and UPGRADATION FROM 2 LANE TO 4 LANE OF NH STRETCH UNDER BHARATMALA PARIYOJANA FOR U - [N24001739,1779.83,2200.0,983.0,2019.0,2023.0,23.61,13.0,,1,4.0,0.13
ROAD TRANSPORT AND HIGHWAYS,RENIGUNTA - POYYA - NAIDUPETA KM 124.60 TO KM 183.4 OF NH 71 - N/04027/06001/AP - [N24001824,1863.09,2238.0,1051.65,2020.0,2024.0,20.12,11.0,,1,4.0,0.11
ROAD TRANSPORT AND HIGHWAYS,SIX LANING OF CHAKERI TO ALLAHABAD SECTION OF NH-2 FROM KM 483.687 TO KM 628.753 (DESIGN LENGTH – 14 - [N24001185,2159.0,2262.0,2245.43,2017.0,2021.0,4.77,41.0,,1,4.0,0.41
ROAD TRANSPORT AND HIGHWAYS,6L ACCESS CONTROLLED HIGHWAY FROM JN WITH JAITPUR PUSHTA ROAD TO JN WITH SECTOR 62/65 DIVIDING ROAD - [N24002047,1328.07,2346.0,1014.69,2020.0,2023.0,76.65,13.0,,1,3.0,0.13
ROAD TRANSPORT AND HIGHWAYS,4-LANING OF MEERUT NAJIBABAD SECTION FROM KM. 11.500 TO KM 39.250 AND KM 86.590 TO KM. 112.545.IN TH - [N24001755,1936.68,2458.03,1380.9,2019.0,2023.0,26.92,21.0,,1,4.0,0.21
ROAD TRANSPORT AND HIGHWAYS,4 LANING FROM KM. 34.600 TO KM. 79.970 and 2LPS FROM KM. 79.970 TO KM. 82.000 OF NARENPUR - PURNEA S - [N24001710,2334.68,2494.2,704.32,2020.0,2023.0,6.83,15.0,,1,3.0,0.15
ROAD TRANSPORT AND HIGHWAYS,2,4.0,,5.0,,,8.0,9.0,,1,,0.09
ROAD TRANSPORT AND HIGHWAYS,FOUR LANING OF POONDIYANKUPPAM (KM.67/000) TO SATTANATHAPOURAM (KM.123/800) SECTION OF NH-45A ON HAM - [N24001430,2120.4,2565.63,1429.17,2018.0,2022.0,21.0,35.0,,1,4.0,0.35
ROAD TRANSPORT AND HIGHWAYS,4-LANING OF GOA/KARNATAKA BORDER- KUNDAPUR SECTION - [N24000462,1655.01,2639.0,1822.06,2014.0,2016.0,59.46,100.0,,1,2.0,1.0
ROAD TRANSPORT AND HIGHWAYS,FOUR LANING OF UDHAMBUR - RAMBAN SECTION OF NH-1A - [N24000488,2136.97,2644.0,2362.99,2015.0,2018.0,23.73,67.0,,1,3.0,0.67
ROAD TRANSPORT AND HIGHWAYS,FOUR LANING OF SATTANATHAPURAM (KM.123/800) TO NAGAPATTINAM (KM.179/555) SECTION OF NH- 45A ON HAM UN - [N24001431,1872.68,2756.09,1066.8,2018.0,2020.0,47.17,58.0,,1,2.0,0.58
ROAD TRANSPORT AND HIGHWAYS,FOUR LANING OF BAL. WORKS OF BARASAT- KRISHNAGAR FROM KM.48.553 TO KM.115.272 - [N24001752,2375.87,2843.79,2360.81,2018.0,2023.0,19.69,15.0,,1,5.0,0.15
ROAD TRANSPORT AND HIGHWAYS,DWARKA EXPRESSWAY FROM KM -0.600 TO KM 5.300 - PKG-I (SHIVMURTI CHOWK-RUB NEAR DWARKA SECTOR 21) - [N24001779,2507.0,3030.73,1155.7,2018.0,2022.0,20.89,21.0,,1,4.0,0.21
ROAD TRANSPORT AND HIGHWAYS,VARANASI-AURANGABAD KM.786 TO KM.978.40 - [N24000182,2848.0,3241.56,3901.66,2011.0,2014.0,13.82,123.0,,1,3.0,1.23
ROAD TRANSPORT AND HIGHWAYS,4-LANNING OF VARANASI GORAKHPUR SECTION OF NH-29 FROM 148.00 208.300 KM [PACKAGE-IV] - [N24000551,1587.49,3500.0,3157.0,2016.0,2019.0,120.47,64.0,,1,3.0,0.64
ROAD TRANSPORT AND HIGHWAYS,4L BANGALORE-CHENNAI EXPRESSWAY FROM KM. 230.000 TO KM. 261.705 OF KANCHEPURAM TO SRIPERUMBUDUR SECT - [N24001719,2948.31,3516.83,659.75,2021.0,2024.0,19.28,5.0,,1,3.0,0.05
ROAD TRANSPORT AND HIGHWAYS,6L OF AZHIYUR-VENGALAM FROM KM. 189.200 TO KM. 230.400 OF NH-66 - [N24001661,3219.47,3713.14,2067.11,2020.0,2024.0,15.33,13.0,,1,4.0,0.13
ROAD TRANSPORT AND HIGHWAYS,CONSTRUCTION OF EIGHT LANE ACCESS CONTROLLED EXPRESSWAY FROM KM 217.500 TO KM 254.430 OF VADODARA MU - [N24001788,2271.86,3916.0,518.25,2020.0,2023.0,72.37,6.0,,1,3.0,0.06
ROAD TRANSPORT AND HIGHWAYS,4-LANNING OF VARANASI GORAKHPUR SECTION OF NH-29 FROM 88.00 148.00 KM 4-LANNING OF VARANASI GORAKHPU - [N24000549,1396.74,4300.0,3983.38,2016.0,2019.0,207.86,58.0,,1,3.0,0.58
ROAD TRANSPORT AND HIGHWAYS,SIX-LANING OF BARWA ADDA-PANAGARH - [N24000515,1665.0,4860.41,4878.1,2014.0,2016.0,191.92,98.0,,1,2.0,0.98
STEEL,SCREENING PLANT-III AT KIRANDUL - [N12000127,2092.97,2718.84,1090.01,2021.0,2024.0,29.9,17.0,,1,3.0,0.17
TELECOMMUNICATIONS,2,4.0,,5.0,,,8.0,9.0,,1,,0.09
TELECOMMUNICATIONS,SUPER EDGE ROUTERS FOR BSNL INTERNET PROTOCOL - MULTI PROTOCOL LEBEL SWITCHING (IPMPLS) NETWORK and - [N26000115,185.27,239.6,146.93,2023.0,2024.0,29.32,4.0,,1,1.0,0.04
TELECOMMUNICATIONS,NETWORK FOR SPECTRUM - [N26000101,13334.0,34953.45,22626.69,2012.0,2015.0,162.14,109.0,,1,3.0,1.09
URBAN DEVELOPMENT,AHMEDABAD METRO RAIL PROJECT PHASE 1 - [N28000122,10773.0,12924.55,12210.21,2014.0,2018.0,19.97,66.0,,1,4.0,0.66
URBAN DEVELOPMENT,PUNE METRO RAIL PROJECT (PHASE 1) - [N28000121,11420.0,13656.22,12138.13,2016.0,2021.0,19.58,31.0,,1,5.0,0.31
URBAN DEVELOPMENT,PATNA METRO RAIL CORPORATION LIMITED - [N28000148,13365.77,13925.5,2188.95,2019.0,2024.0,4.19,3.0,,1,5.0,0.03
WATER RESOURCES,INTERCEPTION DIVERSION TREATMENT WORKS AT TOLLYS NULLAH ADI GANGA - [N30000034,307.12,653.67,,2017.0,2022.0,112.84,51.0,,1,5.0,0.51
Unknown,2,4.0,5.0,6.0,,,,0,,0,,0.0
CIVIL AVIATION,HUBBALI AIRPORT - CONSTRUCTION OF NEW DOMESTIC TERMINAL BUILDING AND MISCELLANEOUS WORKS - [N04000108,320.47,320.47,4.1,2023.0,2026.0,,0,,0,3.0,0.0
COAL,SIARMAL OCP (40.00MTY) - [N06000113,5194.96,3756.36,3385.29,2021.0,2029.0,,0,,0,8.0,0.0
DEPARTMENT OF HIGHER EDUCATION,"CONSTRUCTION OF SIKKIM UNIVERSITY CAMPUS PHASE-I, PACKAGE -II AT YANGANG SOUTH SIKKIM - [N44000002",314.06,303.55,121.42,2020.0,2025.0,,0,,0,5.0,0.0
POWER,TRANSMISSION SYSTEM FOR EVACUATION OF POWER FROM RAJASTHAN REZ PHASE-IV PART-I (BIKANER COMPLEX) PAR - [N18000372,202.39,202.39,0.84,2023.0,2025.0,,0,,0,2.0,0.0
RAILWAYS,PACHORA-JAMNER WITH EXTENSION UPTO MALKAPUR NG TO BG - [N22000511,955.0,955.39,56.34,2022.0,2027.0,,0,,0,5.0,0.0
RAILWAYS,KALYAN-MURBAD VIA ULHASNAGAR (UMBRELLA WORK) - [N22000515,836.12,836.12,5.28,2023.0,2027.0,,0,,0,4.0,0.0
RAILWAYS,SOLAPUR-TULJAPUR-OSMANABAD (UMBRELLA WORK) - [N22000513,904.92,904.92,954.11,2019.0,2028.0,,0,,0,9.0,0.0
RAILWAYS,BARAMATI - LONAND - [N22000615,736.44,736.44,518.52,1999.0,2027.0,,0,,0,28.0,0.0
RAILWAYS,2,4.0,5.0,6.0,,,,0,,0,,0.0
RAILWAYS,DARBHANGA - BYPASS LINE CONNECTING SHISHO HALT AND KAKARGHATI EXCL DARBHANGA YARD (7.64 KM) - [N22000523,983.62,415.0,331.16,2019.0,2025.0,,0,,0,6.0,0.0
RAILWAYS,JHAJHA - BATIA (UMBRELLA WORK PB#23/2018-19/NR) - [N22000526,496.47,496.47,2.07,2019.0,2028.0,,0,,0,9.0,0.0
RAILWAYS,BARAUNI- BACHWARA 3RD AND 4TH LINE - [N22000524,486.0,486.0,54.87,2022.0,2027.0,,0,,0,5.0,0.0
RAILWAYS,SONENAGAR BYE PASS LINE FROM CHIRALAPOTHU TO BAGHA BISHUNPUR - [N22000528,234.0,223.69,6.82,2022.0,2027.0,,0,,0,5.0,0.0
RAILWAYS,SAHJANWA - DOHRIGHAT - [N22000565,371.77,1319.75,363.37,2019.0,2029.0,,0,,0,10.0,0.0
RAILWAYS,BAHRAICH SRAVASTI BALRAMPUR (TULSIPUR) - [N22000569,1600.0,4939.78,726.83,2018.0,2030.0,,0,,0,12.0,0.0
RAILWAYS,TARANGA HILL ABU ROAD VIA AMBAJI NEW LINE - [N22000592,1695.82,2798.16,590.63,2022.0,2030.0,,0,,0,8.0,0.0
RAILWAYS,DOUBLING BETWEEN CHURU-RATANGARH (42.81 KM) - [N22000605,422.6,422.6,51.12,2023.0,2028.0,,0,,0,5.0,0.0
RAILWAYS,DEDICATED TEST TRACK FOR RDSO (PHASE II) - [N22000594,466.42,466.42,439.02,2021.0,2026.0,,0,,0,5.0,0.0
RAILWAYS,DOUBLING BETWEEN BHIWANI-DOBH BAHALI - [N22000604,471.06,471.06,14.38,2023.0,2028.0,,0,,0,5.0,0.0
RAILWAYS,DOUBLING BETWEEN REWARI-KATHUWAS (27.73 KM) - [N22000606,352.41,352.41,6.07,2023.0,2027.0,,0,,0,4.0,0.0
RAILWAYS,GC OF NATHDWARA - DEVGARH MADARIYA (82.5KM) - [N22000608,968.92,968.92,110.81,2023.0,2028.0,,0,,0,5.0,0.0
RAILWAYS,SAWAIMADHOPUR - BYPASS LINE (6.98 KM) (UMBRELLA WORK PB#57/2019-20/NR) - [N22000607,304.0,239.54,57.86,2022.0,2026.0,,0,,0,4.0,0.0
RAILWAYS,BHANUPALI-BILASPUR BERI NL - [N22000273,2966.99,6753.42,5190.99,2008.0,2026.0,,0,,0,18.0,0.0
RAILWAYS,KHARAGPUR-ADITYAPUR - 3RD LINE (132 KM) - [N22000595,1116.0,3270.07,2875.04,2015.0,2025.0,,0,,0,10.0,0.0
RAILWAYS,ROURKELA-BONDAMUNDA A-CABIN 5TH LINE (10 KM) (UMBRELLA WORK PB#57/2019-20/NR) - [N22000571,209.75,244.99,18.18,2022.0,2026.0,,0,,0,4.0,0.0
RAILWAYS,"PENUKONDA-DHARMAVARAM, EXCL. DHARMAVARAM (41.5 KM) - [N22000555",294.67,307.66,97.36,2019.0,2026.0,,0,,0,7.0,0.0
RAILWAYS,HASSAN (ALUR) - BELUR (32 KM) (UMBRELLA WORK PB#23/2018- 19/NR) - [N22000558,663.03,748.85,0.34,2019.0,2028.0,,0,,0,9.0,0.0
RAILWAYS,PETLAD-BHADRAN (22.5 KM) - [N22000538,202.5,307.12,31.3,2022.0,2030.0,,0,,0,8.0,0.0
RAILWAYS,SAMLAYA-TIMBA ROAD (53.53 KM) - [N22000540,401.48,670.17,67.94,2023.0,2030.0,,0,,0,7.0,0.0
RAILWAYS,NADIAD-PETLAD (37.26 KM) - [N22000539,335.34,461.91,31.79,2022.0,2030.0,,0,,0,8.0,0.0
RAILWAYS,2,4.0,5.0,6.0,,,,0,,0,,0.0
ROAD TRANSPORT AND HIGHWAYS,WIDENING TO 2 LANE WITH PAVED SHOULDERS FROM DESIGN KM 103.200 (EXISTING KM 103.200) TO DESIGN KM 11 - [N24001940,166.58,166.58,,2023.0,2026.0,,0,,0,3.0,0.0
ROAD TRANSPORT AND HIGHWAYS,JORAM – KOLORIANG ROAD FROM EXISTING KM 50.050 TO KM 70.00 (PKG-3) - [N24001390,228.71,228.71,95.36,2020.0,2022.0,,0,,0,2.0,0.0
ROAD TRANSPORT AND HIGHWAYS,SIX LANING OF THURAVOOR (DESIGN KM. 378+612) TO PARAVOOR (DESIGN KM.417+000) SECTION OF NEW NH-66 (O - [N24001651,2878.97,2878.97,46.57,2021.0,2024.0,,0,,0,3.0,0.0
ROAD TRANSPORT AND HIGHWAYS,4L OF KHEDAKHAJURIYA TO SUHAGADI FROM KM. 41.400 TO KM. 89.200 OF NH-148NG (PKG-II) - [N24001757,876.37,876.37,353.57,2020.0,2024.0,,0,,0,4.0,0.0
ROAD TRANSPORT AND HIGHWAYS,4L OF SUHAGADI TO BARDIYA AMRA FROM KM. 89.200 TO KM. 135.351 OF NH-752D (PKG-III) - [N24001758,823.05,823.05,337.6,2020.0,2024.0,,0,,0,4.0,0.0
ROAD TRANSPORT AND HIGHWAYS,SANCHORE - SANTALPUR FROM KM 67.000- KM 99.000 OF NH-754K (AJ-RGBS-PACKAGE-3) - [N24001790,752.3,766.2,451.11,2020.0,2023.0,,0,,0,3.0,0.0
ROAD TRANSPORT AND HIGHWAYS,SANCHORE - SANTALPUR FROM KM 99.000- KM 130.073 OF NH- 754K (AJ-RGBS-PACKAGE-4) - [N24001794,778.15,785.67,511.14,2020.0,2023.0,,0,,0,3.0,0.0
ROAD TRANSPORT AND HIGHWAYS,2,4.0,5.0,6.0,,,,0,,0,,0.0
ATOMIC ENERGY,KUDANKULAM NUCLEAR POWER PROJECT 5 AND 6 - [N02000029,49621.0,49621.0,15934.0,2017.0,2027.0,,0,,0,10.0,0.0
CIVIL AVIATION,KADAPPA AIRPORT- CONSTRUCTION OF NEW DOMESTIC TERMINAL BUILDING AND MISCELLANEOUS WORKS INCLUDING MA - [N04000106,265.91,265.91,3.11,2023.0,2026.0,,0,,0,3.0,0.0
CIVIL AVIATION,"DEVELOPMENT OF NEW GREENFIELD AIRPORT AT DHOLERA, AHMEDABAD (GUJARAT). PHASE-1. - [N04000099",1305.0,1143.95,162.39,2022.0,2025.0,,0,,0,3.0,0.0
CIVIL AVIATION,UDAIPUR AIRPORT- CONSTRUCTION OF NEW INTEGRATED PASSENGER TERMINAL BUILDING - [N04000104,887.0,887.0,47.31,2023.0,2026.0,,0,,0,3.0,0.0
CIVIL AVIATION,JAMMU - CONSTRUCTION OF NEW CIVIL ENCLAVE - [N04000107,861.37,861.37,17.44,2022.0,2026.0,,0,,0,4.0,0.0
CIVIL AVIATION,CONSTRUCTION OF NEW TERMINAL BUILDING AT JODHPUR AIRPORT - [N04000101,480.0,480.0,76.6,2022.0,2024.0,,0,,0,2.0,0.0
CIVIL AVIATION,"PRAYAGRAJ AIRPORT - CONSTRUCTION OF NEW TERMINAL BUILDING, SECOND LINK TAXI TRACK, APRON EXPANSION, - [N04000102",185.75,232.52,28.26,2023.0,2024.0,,0,,0,1.0,0.0
CIVIL AVIATION,BELAGAVI AIRPORT- EXPANSION OF TERMINAL BUILDING AND ASSOCIATED WORKS - [N04000105,322.45,322.45,17.82,2023.0,2026.0,,0,,0,3.0,0.0
CIVIL AVIATION,CALICUT AIRPORT - DEVELOPMENT OF ADDITIONAL RESA ON EITHER END ON RUNWAY 10-28 AT CALICUT AIRPORT - [N04000111,323.98,323.98,,2023.0,2025.0,,0,,0,2.0,0.0
CIVIL AVIATION,"NSCBI AIRPORT KOLKATA: RE-CONSTRUCTION OF RIGID POSITIONS OF SECONDARY RUNWAY, 'K' AND 'A' TAXIWAY - [N04000109",328.3,328.3,22.35,2023.0,2025.0,,0,,0,2.0,0.0
CIVIL AVIATION,RAJAHMUNDRY AIRPORT: CONSTRUCTION OF NEW DOMESTIC TERMINAL BUILDING AND MISCELLANEOUS WORKS INCLUD - [N04000103,347.15,347.15,27.93,2022.0,2025.0,,0,,0,3.0,0.0
CIVIL AVIATION,PAKYONG AIRPORT- WIDENING OF BASIC STRIP AT WESTERN SIDE OF RUNWAY CHAINAGE 80M TO 920M I/C SLOPE ST - [N04000110,323.26,323.26,6.01,2023.0,2026.0,,0,,0,3.0,0.0
COAL,REVISED PROJECT REPORT MAGADH EXPANSION OCP - [N06000216,7254.37,7254.37,1100.19,2020.0,2028.0,,0,,0,8.0,0.0
COAL,2,4.0,5.0,6.0,,,,0,,0,,0.0
COAL,EXPANSION OF KARO OCP - [N06000246,908.47,908.47,145.14,2022.0,2026.0,,0,,0,4.0,0.0
COAL,EXPANSION PROJECT AMRAPALI OCP - [N06000217,5136.15,5136.15,671.43,2020.0,2028.0,,0,,0,8.0,0.0
COAL,SIRKA OCP - [N06000239,222.82,222.82,139.31,2020.0,2025.0,,0,,0,5.0,0.0
COAL,JHARKHAND LAIYO OCP - [N06000240,764.57,764.57,145.8,2020.0,2031.0,,0,,0,11.0,0.0
COAL,EXPANSION OF KONAR OCP - [N06000245,799.34,799.34,349.47,2022.0,2032.0,,0,,0,10.0,0.0
COAL,EXPANSION OF ASHOK OCP - [N06000247,2898.28,2898.28,175.01,2021.0,2028.0,,0,,0,7.0,0.0
COAL,EPR ROHINI KARKATA OCP - [N06000243,1020.42,1020.42,82.92,2021.0,2028.0,,0,,0,7.0,0.0
COAL,EPR PUNDI OCP - [N06000242,713.35,713.35,236.57,2020.0,2027.0,,0,,0,7.0,0.0
COAL,UCE OF EPR OF NORTH URIMARI OCP - [N06000218,778.8,778.8,671.23,2021.0,2026.0,,0,,0,5.0,0.0
COAL,EPR TAPIN SOUTH OCP - [N06000241,230.41,230.41,18.14,2020.0,2025.0,,0,,0,5.0,0.0
COAL,KOTRE BASANTPUR PACHMO OCP - [N06000237,861.06,625.4,362.06,2020.0,2032.0,,0,,0,12.0,0.0
COAL,CHANDRAGUPT OCP - [N06000238,973.5,973.5,7.95,2020.0,2032.0,,0,,0,12.0,0.0
COAL,EXPANSION PR OF JHANJRA UG (5.00 MTY) - [N06000223,1210.12,1210.12,371.21,2020.0,2029.0,,0,,0,9.0,0.0
COAL,SIDULI MINE (OC AND UG) - [N06000165,535.18,535.17,3.91,2018.0,2026.0,,0,,0,8.0,0.0
COAL,SONEPUR BAZARI EXPANSION OC - [N06000220,5365.88,5365.88,470.08,2021.0,2029.0,,0,,0,8.0,0.0
COAL,NAKRAKONDA KUMARDIH B OCP - [N06000170,502.68,502.67,56.46,2018.0,2029.0,,0,,0,11.0,0.0
COAL,BHUBANESWARI EXPANSION OCP - [N06000227,6321.73,3145.45,1209.27,2024.0,2031.0,,0,,0,7.0,0.0
COAL,SUBHADRA OCP - [N06000249,1693.81,1693.81,1129.52,2021.0,2029.0,,0,,0,8.0,0.0
COAL,GOPALJI-KANIHA OCP - [N06000229,6107.87,8416.19,1566.44,2022.0,2028.0,,0,,0,6.0,0.0
COAL,INTEGRATED LAKHANPUR-BELPAHAR-LILARI OCP - [N06000167,2434.75,2434.75,1767.1,2018.0,2027.0,,0,,0,9.0,0.0
COAL,BALARAM EXPANSION OCP - [N06000230,3504.21,3504.21,894.77,2020.0,2029.0,,0,,0,9.0,0.0
COAL,REORGANISATION OF BHARATPUR OCP EXPANSION - [N06000171,2838.87,2838.87,1562.29,2018.0,2029.0,,0,,0,11.0,0.0
COAL,RPR OF HINGULA -II EXPANSION PH-III - [N06000261,2264.68,2264.68,997.96,2022.0,2029.0,,0,,0,7.0,0.0
COAL,2,4.0,5.0,6.0,,,,0,,0,,0.0
COAL,PACHWARA SOUTH COAL BLOCK - [N06000193,2242.92,2242.9,168.84,2013.0,2028.0,,0,,0,15.0,0.0
COAL,TALABIRA II AND III OCP - [N06000189,2401.07,2401.07,1258.77,2017.0,2027.0,,0,,0,10.0,0.0
COAL,NLCIL 300 MW SOLAR POWER PROJECT (PART OF 510 MW CPSU SCHEME) - [N06000269,1813.0,1813.0,298.62,2023.0,2024.0,,0,,0,1.0,0.0
COAL,NLC TALABIRA THERMAL POWER PROJECT (PHASE-1: 3 X 800 MW) - [N06000270,27213.0,27213.0,954.95,2024.0,2029.0,,0,,0,5.0,0.0
COAL,NIGAHI EXPANSION OCP (15 TO 25 MTPA) - [N06000196,1729.68,1729.68,596.1,2020.0,2025.0,,0,,0,5.0,0.0
COAL,JAWAHAR KHANI OPENCAST (JK OC) MINE - [N06000259,297.88,297.88,45.15,2021.0,2025.0,,0,,0,4.0,0.0
COAL,GOLETI OPENCAST MINE - [N06000258,345.6,345.6,50.25,2021.0,2026.0,,0,,0,5.0,0.0
COAL,VIJAY WEST OPENCAST PROJECT - [N06000158,976.95,976.95,90.89,2017.0,2026.0,,0,,0,9.0,0.0
COAL,RAMPUR BATURA OC (4.0 MTY) - [N06000233,1248.93,1248.93,415.92,2019.0,2026.0,,0,,0,7.0,0.0
COAL,BAROUD OC EXPANSION (3-10 MTY) - [N06000197,2309.8,2309.8,815.2,2020.0,2029.0,,0,,0,9.0,0.0
COAL,DIPKA OC EXPANSION 40 MTY - [N06000200,5241.4,5241.4,2607.21,2020.0,2029.0,,0,,0,9.0,0.0
COAL,MAHAMAYA OPENCAST PROJECT - [N06000164,410.26,410.26,178.39,2018.0,2026.0,,0,,0,8.0,0.0
COAL,PORDA CHIMTAPANI OCP (10 MTY) - [N06000199,2310.12,2310.12,71.99,2020.0,2029.0,,0,,0,9.0,0.0
COAL,GHONSA EXPANSION DEEP OC - [N06000205,241.72,241.72,58.79,2021.0,2028.0,,0,,0,7.0,0.0
COAL,SAONER UG MINE I EXPANSION - [N06000251,253.51,253.51,103.5,2022.0,2028.0,,0,,0,6.0,0.0
COAL,SASTI EXPANSION OC - [N06000206,371.59,371.59,104.34,2020.0,2026.0,,0,,0,6.0,0.0
COAL,GANDHIGRAM UG MINE - [N06000183,414.16,414.16,24.98,2019.0,2026.0,,0,,0,7.0,0.0
COAL,GOKUL EXPANSION OC - [N06000264,456.95,456.95,147.9,2021.0,2026.0,,0,,0,5.0,0.0
COAL,RPR PAUNI II EXPANSION OC 3/2023 - [N06000263,464.45,464.45,178.76,,2027.0,,0,,0,,0.0
COAL,MAKARDHOKDA I EXPANSION OC - [N06000253,497.06,497.06,144.2,2022.0,2026.0,,0,,0,4.0,0.0
COAL,URDHAN OC - [N06000265,228.42,228.42,23.96,2022.0,2031.0,,0,,0,9.0,0.0
COAL,DINESH (MAKARDHOKDA-III) OC (8.0 MTY) - [N06000222,1184.33,1184.33,846.03,2020.0,2027.0,,0,,0,7.0,0.0
COAL,2,4.0,5.0,6.0,,,,0,,0,,0.0
COAL,TAWA III UG MINE - [N06000250,324.25,324.25,12.31,2021.0,2027.0,,0,,0,6.0,0.0
COAL,DHUPTALA OC(SASTI UG TO OC) - [N06000209,720.87,720.87,179.54,2019.0,2028.0,,0,,0,9.0,0.0
COAL,MUNGOLI NIRGUDA EXTENSION (DEEP) OC - [N06000231,826.8,826.8,462.32,2020.0,2026.0,,0,,0,6.0,0.0
COAL,VISHNUPURI UG TO OC - [N06000260,227.65,227.65,7.02,2022.0,2029.0,,0,,0,7.0,0.0
COAL,SHARDA UG - [N06000266,200.16,200.16,34.27,2022.0,2028.0,,0,,0,6.0,0.0
COAL,BHANEGAON OC (1.15MTY) - [N06000256,494.6,494.6,98.36,2022.0,2028.0,,0,,0,6.0,0.0
COAL,BHATADI EXPANSION OC - [N06000254,729.86,729.86,158.97,2020.0,2028.0,,0,,0,8.0,0.0
COAL,NEW MAJARI UG TO OC (3.0 MTY) - [N06000255,496.38,496.38,143.72,2019.0,2027.0,,0,,0,8.0,0.0
COAL,RPR GAURI PAUNI EXPANSION OC - [N06000268,497.23,497.23,40.5,2023.0,2031.0,,0,,0,8.0,0.0
COAL,SINGHORI DEEP OC - [N06000252,421.84,421.84,115.89,2022.0,2029.0,,0,,0,7.0,0.0
COAL,AMALGAMATED DHANKASA JAMUNIA UG (1.84 MTY) - [N06000257,497.01,497.01,157.83,2022.0,2027.0,,0,,0,5.0,0.0
COAL,KOLGAON EXPANSION (DEEP) OC - [N06000267,206.19,206.19,7.75,2023.0,2027.0,,0,,0,4.0,0.0
COAL,AMALGAMATED YEKONA-I YEKONA-II - [N06000132,727.28,727.28,531.54,2015.0,2025.0,,0,,0,10.0,0.0
DPIIT,NATIONAL INDUSTRIAL CORRIDOR PROJECT - [N40000001,20084.0,20084.0,9718.22,2011.0,2027.0,,0,,0,16.0,0.0
PETROLEUM,REPLACEMENT AND EXTENSION OF JETTY PIPELINES AT KOCHI REFINERY - [N16000508,621.87,621.87,35.5,2023.0,2026.0,,0,,0,3.0,0.0
PETROLEUM,INSTALLATION OF INDEPENDENT DE- AROMATIZED SOLVENTS PRODUCTION FACILITIES AT MUMBAI REFINERY - [N16000507,405.0,405.0,19.48,2023.0,2025.0,,0,,0,2.0,0.0
PETROLEUM,SETTING UP A COMMON USER PETROLEUM TERMINAL AT JAMMU FOR RE-SITEMENT OF EXISTING DEPOTS OF PSU OMCS - [N16000500,676.89,676.89,438.97,2021.0,2025.0,,0,,0,4.0,0.0
PETROLEUM,2,4.0,5.0,6.0,,,,0,,0,,0.0
PETROLEUM,ETHYLENE CRACKER PROJECT AT BINA REFINERY INCLUDING DOWNSTREAM PETROCHEMICAL PLANTS AND EXPANSION OF - [N16000518,43367.0,43367.0,21.67,2023.0,2028.0,,0,,0,5.0,0.0
PETROLEUM,CITY GAS DISTRIBUTION PROJECTS AT ALIPURDUAR AND COOCH BEHAR - [N16000522,1017.0,1017.0,59.58,2022.0,2030.0,,0,,0,8.0,0.0
PETROLEUM,"CITY GAS DISTRIBUTION PROJECTS AT LAKHIMPUR KHERI , SITAPUR, BAHRAICH, SHRAVASTI,BALRAMPUR, - [N16000525",16654.0,16654.0,242.03,2022.0,2030.0,,0,,0,8.0,0.0
PETROLEUM,CGD PROJECTS AT FAZILKA (EXCEPT AREA ALREADY AUTHORIZED) GANGANAGAR AND HANUMANGARH DISTRICTS - [N16000520,3207.0,3207.0,153.42,2022.0,2030.0,,0,,0,8.0,0.0
PETROLEUM,"CITY GAS DISTRIBUTION PROJECTS AT DARBHANGA, MADHUBANI, SUPAUL, SITAMARHI AND SHEOHAR DISTRICTS - [N16000524",3638.0,3638.0,185.19,2022.0,2030.0,,0,,0,8.0,0.0
PETROLEUM,CGD PROJECTS AT THE NILGIRIS AND ERODE DISTRICTS - [N16000521,3685.0,3685.0,69.58,2022.0,2030.0,,0,,0,8.0,0.0
PETROLEUM,CITY GAS DISTRIBUTION PROJECTS AT GOPALGANJ SIWAN WEST CHAMPARAN EAST CHAMPARAN AND DEORIA DISTRICTS - [N16000523,3919.0,3919.0,157.3,2022.0,2030.0,,0,,0,8.0,0.0
PETROLEUM,CBR 9 MMTPA PROJECT - [N16000434,31580.0,36354.0,1133.11,2021.0,2025.0,,0,,0,4.0,0.0
PETROLEUM,"SETTING UP OF NEW RAIL FED POL FACILITY AT KAMARDANGA, ASSAM - [N16000494",384.04,384.04,28.4,2023.0,2026.0,,0,,0,3.0,0.0
PETROLEUM,CGD PROJECT IN BIHAR JHARKHAND - [N16000497,1377.0,1377.0,154.63,2022.0,2030.0,,0,,0,8.0,0.0
PETROLEUM,SETTING UP OF PETROCHEMICAL EVACUATION MARKETING TERMINAL (PEMT) AT BARMER - [N16000512,461.05,461.05,2.21,2023.0,2026.0,,0,,0,3.0,0.0
PETROLEUM,HALDIA PANAGARH PIPELINE PROJECT - [N16000478,1010.0,1010.0,218.11,2022.0,2025.0,,0,,0,3.0,0.0
PETROLEUM,CGD PROJECT IN WEST BENGAL 11TH ROUND - [N16000498,2628.0,2628.0,88.5,2022.0,2030.0,,0,,0,8.0,0.0
PETROLEUM,"CGD PROJECT IN TONK, SAWAI MADHOPUR, DAUSA, KARAULI - [N16000496",1751.0,1751.0,137.61,2022.0,2030.0,,0,,0,8.0,0.0
PETROLEUM,"CONSTRUCTION OF LPG FACILITIES AT KAMARDANGA, ASSAM - [N16000484",156.36,156.36,1.08,2023.0,2026.0,,0,,0,3.0,0.0
PETROLEUM,CBR ASANUR PIPELINE AND ITS HOOK UP WITH EXISTING CHENNAI TRICHY MADURAI PRODUCT PIPELINE - [N16000451,564.0,564.0,138.45,2022.0,2024.0,,0,,0,2.0,0.0
PETROLEUM,"CGD PROJECT AT JHUNJHUNU, SIKAR AND NAGAUR DISTRICTS - [N16000489",575.0,575.0,75.54,2022.0,2030.0,,0,,0,8.0,0.0
PETROLEUM,"CGD PROJECT AT MADURAI, THENI AND VIRUDHNAGAR DISTRICTS - [N16000490",1328.0,1328.0,79.13,2022.0,2030.0,,0,,0,8.0,0.0
PETROLEUM,CGD PROJECT AT DHARMAPURI AND KRISHNAGIRI DISTRICTS - [N16000486,501.0,501.0,62.29,2022.0,2030.0,,0,,0,8.0,0.0
PETROLEUM,CGD PROJECT AT PATHANKOT DISTRICT - [N16000488,151.0,151.0,7.77,2022.0,2030.0,,0,,0,8.0,0.0
PETROLEUM,2,4.0,5.0,6.0,,,,0,,0,,0.0
PETROLEUM,"CGD PROJECT AT KANYAKUMARI, TUTICORIN, TIRUNVELI KATTABO AND TENKASI DISTRICTS - [N16000492",1295.0,1295.0,86.59,2022.0,2030.0,,0,,0,8.0,0.0
PETROLEUM,"CGD PROJECT AT KURNOOL, GUNTUR AND PRAKASAM DISTRICTS - [N16000485",1420.0,1420.0,84.45,2022.0,2030.0,,0,,0,8.0,0.0
PETROLEUM,POLY BUTADIENE RUBBER PLANT AT PANIPAT - [N16000458,1459.0,2102.79,222.33,2022.0,2025.0,,0,,0,3.0,0.0
PETROLEUM,INSTALLATION OF BITUMEN MANUFACTURING UNIT ALONG WITH ALLIED FACILITIES AT BARAUNI - [N16000453,389.0,389.0,20.19,2022.0,2025.0,,0,,0,3.0,0.0
PETROLEUM,"CGD PROJECT AT BEED, JALGAON AND JALNA DISTRICTS - [N16000487",865.0,865.0,18.09,2022.0,2030.0,,0,,0,8.0,0.0
PETROLEUM,CGD PROJECT AT JAMMU DISTRICTS - [N16000527,538.0,538.0,,2022.0,2032.0,,0,,0,10.0,0.0
PETROLEUM,EXTENSION OF ASANUR-SANKARI SECTION OF CHENNAI- TRICHY-MADURAI PIPELINE UPTO COIMBATORE (IRUGUR) - [N16000479,346.7,346.7,0.72,2023.0,2025.0,,0,,0,2.0,0.0
PETROLEUM,"CGD PROJECT AT EAST MEDNIPORE, WEST MEDNIPORE AND JHARGRAM DISTRICTS - [N16000491",609.0,609.0,23.49,2022.0,2030.0,,0,,0,8.0,0.0
PETROLEUM,ATF PIPELINE FROM JAWAHARLAL NEHRU PORT TRUST (JNPT) TO NAVI MUMBAI INTERNATIONAL AIRPORT (NMIA) - [N16000456,165.0,165.0,35.11,2022.0,2025.0,,0,,0,3.0,0.0
PETROLEUM,LAYING OF NATURAL GAS PIPELINE FROM HAZARIBAGH TO RANCHI - [N16000480,202.07,202.07,1.52,2023.0,2026.0,,0,,0,3.0,0.0
PETROLEUM,"AUGMENTATION OF DIMAPUR DEPOT, DIMAPUR - [N16000529",227.62,227.62,,2023.0,2027.0,,0,,0,4.0,0.0
PETROLEUM,ANDHERI RESIDENTIAL TOWERS MUMBAI - [N16000503,281.35,281.35,71.74,2017.0,2025.0,,0,,0,8.0,0.0
PETROLEUM,POWER SYSTEM UPGRADATION PROJECT - [N16000509,385.0,385.0,44.67,2023.0,2026.0,,0,,0,3.0,0.0
PETROLEUM,POWER RECOVERY TURBINE IN PFCCU - [N16000510,293.5,293.5,18.59,2023.0,2025.0,,0,,0,2.0,0.0
PETROLEUM,DCU REVAMP PROJECT - [N16000511,370.0,370.0,115.28,2021.0,2025.0,,0,,0,4.0,0.0
PETROLEUM,REDEVELOPMENT OF SANTHAL FIELD - [N16000279,1162.56,1162.56,1093.53,2017.0,2026.0,,0,,0,9.0,0.0
PETROLEUM,PIPELINE NETWORK PROJECT RUDRASAGAR - [N16000528,344.99,344.99,66.51,2023.0,2026.0,,0,,0,3.0,0.0
PETROLEUM,REDEVELOPMENT OF SOBHASAN COMPLEX - [N16000431,885.63,1286.67,353.5,2021.0,2026.0,,0,,0,5.0,0.0
PETROLEUM,"REVAMPING OF SV STATIONS, GAS TERMINAL AND KRIBHCO TERMINAL - [N16000514",837.34,837.34,14.82,2022.0,2026.0,,0,,0,4.0,0.0
PETROLEUM,KALOL REDEVELOPMENT PROJECT - [N16000481,1487.41,1487.41,680.25,2022.0,2027.0,,0,,0,5.0,0.0
PETROLEUM,CONSTRUCTION OF TWO PRODUCED WATER TREATMENT PLANTS (PWTP) AT BECHARAJI AND SOBHASAN INSTALLATION OF - [N16000482,320.2,187.61,111.52,2021.0,2024.0,,0,,0,3.0,0.0
PETROLEUM,2,4.0,5.0,6.0,,,,0,,0,,0.0
PETROLEUM,MHN TCPP PGC BGC PROJECT (MTPBP) - [N16000526,2329.45,2329.45,,2024.0,2026.0,,0,,0,2.0,0.0
PETROLEUM,"RESTORATION OF GAS TERMINAL, PHASE-I (PART-A), HAZIRA PLANT - [N16000477",249.43,249.43,62.35,2022.0,2025.0,,0,,0,3.0,0.0
PETROLEUM,OLD PIPE LINE REPLACEMENT (OPRP) GROUP-A - [N16000483,173.03,169.84,105.72,2021.0,2025.0,,0,,0,4.0,0.0
PETROLEUM,COMMERCIAL POLYMER FLOODING PROJECT IN BECHRAJI FIELD - [N16000444,621.4,621.4,85.84,2022.0,2024.0,,0,,0,2.0,0.0
PETROLEUM,UPGRADATION OF FACILITIES OF NUMALIGARH-SILIGURI PRODUCT PIPELINE (NSPL) FOR TRANSPORTATION OF ADDIT - [N16000449,860.0,860.0,234.6,2021.0,2024.0,,0,,0,3.0,0.0
POWER,TS FOR EVACUATION OF POWER FROM REZ IN RAJASTHAN (20GW) UNDER PH-III PART D [SIKAR KHETRI TRANSMISSI - [N18000389,2000.0,2000.0,,2024.0,2025.0,,0,,0,1.0,0.0
POWER,"SINGRAULI SUPER THERMAL POWER PROJECT, STAGE-III (2X800 MW) - [N18000382",17195.31,17195.31,531.0,2024.0,2030.0,,0,,0,6.0,0.0
POWER,"LARA SUPER THERMAL POWER PROJECT, STAGE-II (2X800 MW) - [N18000381",15530.0,15530.0,709.38,2023.0,2028.0,,0,,0,5.0,0.0
POWER,DIBANG MULTIPURPOSE PROJECT 2880 MW ARUNACHAL PRADESH - [N18000362,31876.39,31876.39,2397.93,2023.0,2032.0,,0,,0,9.0,0.0
POWER,DAYAPAR WIND ENERGY PROJECT 200MW - [N18000345,1316.02,1316.02,190.59,2022.0,2025.0,,0,,0,3.0,0.0
POWER,KHAWDA 1255MW SOLAR PROJECT (KHAWDA SOLAR PARK) - [N18000346,7179.54,7179.54,854.13,2022.0,2024.0,,0,,0,2.0,0.0
POWER,KHAVDA 1200MW (4X300MW) IN KHAVDA RE PARK - [N18000365,6283.81,6283.81,244.77,2023.0,2024.0,,0,,0,1.0,0.0
POWER,TALCHER THERMAL POWER PROJECT STAGE III(2X660 MW) - [N18000364,11844.0,11844.0,1405.09,2022.0,2027.0,,0,,0,5.0,0.0
POWER,BADAM COAL MINING PROJECT - [N18000367,501.79,501.79,40.35,2019.0,2024.0,,0,,0,5.0,0.0
POWER,TRANSMISSION SYSTEM STRENGTHENING FOR SRINAGAR- LEH TRANSMISSION SYSTEM - [N18000330,288.71,288.71,26.79,2022.0,2024.0,,0,,0,2.0,0.0
POWER,TS FOR EVACUATION OF POWER FROM PAKALDUL HEP IN CHENAB VALLEY HEPS - LTA SYSTEM - [N18000328,318.12,318.12,132.27,2022.0,2025.0,,0,,0,3.0,0.0
POWER,TS FOR EVACUATION OF ADDITIONAL 7GW RE POWER FROM KHAVDA RE PARK UNDER PHASE-III PART B [VATAMAN TRA - [N18000384,3752.0,3752.0,76.02,2023.0,2025.0,,0,,0,2.0,0.0
POWER,2,4.0,5.0,6.0,,,,0,,0,,0.0
POWER,TS FOR EVACUATION OF 7GW RE INJECTION AT KHAVDA PS UNDER PHASE-IV PART E4 - [N18000377,224.0,224.0,,2023.0,2025.0,,0,,0,2.0,0.0
POWER,SYSTEM STRENGTHENING SCHEME FOR EASTERN AND NORTH EASTERN REGION - [N18000343,307.87,307.87,46.31,2022.0,2025.0,,0,,0,3.0,0.0
POWER,"TS FOR SOLAR ENERGY ZONE IN BIDAR (2500MW), KARNATAKA [BIDAR TRANSMISSION LTD] - [N18000388",2148.0,2148.0,,2024.0,2026.0,,0,,0,2.0,0.0
POWER,TS FOR EVACUATION POWER FROM REZ IN RAJASTHAN (20GW) UNDER PHASE-III PART J - [N18000378,331.0,331.0,4.66,2022.0,2025.0,,0,,0,3.0,0.0
POWER,ER WR TRANSMISSION LIMITED - [N18000353,281.16,281.16,0.11,2023.0,2025.0,,0,,0,2.0,0.0
POWER,TRANSMISSION NETWORK EXPANSION IN GUJARAT TO INCREASE ATC FROM ISTS: PART C - [N18000338,186.19,186.19,15.31,2022.0,2025.0,,0,,0,3.0,0.0
POWER,TRANSMISSION SYSTEM FOR KURNOOL WIND ENERGY ZONE SOLAR ENERGY ZONE (AP) PART-A PART B - [N18000352,3546.94,3546.94,589.03,2023.0,2024.0,,0,,0,1.0,0.0
POWER,TS FOR EVACUATION POWER FROM REZ IN RAJASTHAN (20GW) UNDER PHASE-III PART E2 - [N18000379,428.0,428.0,,2023.0,2025.0,,0,,0,2.0,0.0
POWER,TS FOR EVACUATION OF POWER FROM RAJASTHAN REZ PH- IV (PART-1) [BIKANER COMPLEX] PART D [NEEMRANA II B - [N18000387,2056.0,2056.0,110.42,2023.0,2025.0,,0,,0,2.0,0.0
POWER,EASTERN REGION EXPANSION SCHEME XXIX - [N18000351,524.04,524.04,240.01,2023.0,2025.0,,0,,0,2.0,0.0
POWER,TRANSMISSION SYSTEM ASSOCIATED WITH WESTERN REGION EXPANSION SCHEME-XXVIII AND XXIX - [N18000355,260.3,260.3,40.74,2023.0,2025.0,,0,,0,2.0,0.0
POWER,TS FOR EVACUATION OF POWER FROM RAJASTHAN REZ PH- IV (PART-1) [BIKANER COMPLEX] PART A [BIKANER III N - [N18000386,2998.0,2998.0,72.72,2023.0,2025.0,,0,,0,2.0,0.0
POWER,"KHAVDA PHASE-II-PART C, GUJARAT- TRANSMISSION SCHEME FOR EVACUATION OF 4.5 GW RE INJECTION AT KHAVDA - [N18000361",2820.99,2820.99,,2023.0,2025.0,,0,,0,2.0,0.0
POWER,"TS FOR EVACUATION OF POWER FROM REZ IN RAJASTHAN (20GW) UNDER PHASE-III, PART E1 - [N18000373",688.74,688.74,,2023.0,2025.0,,0,,0,2.0,0.0
POWER,TS FOR EVACUATION POWER FROM REZ IN RAJASTHAN (20GW) UNDER PHASE-III PART C1 - [N18000375,1796.0,1796.0,158.45,2023.0,2025.0,,0,,0,2.0,0.0
POWER,TS FOR EVACUATION POWER FROM REZ IN RAJASTHAN (20GW) UNDER PHASE-III PART H - [N18000374,2211.0,2211.0,109.74,2023.0,2025.0,,0,,0,2.0,0.0
POWER,TRANSMISSION SYSTEM ASSOCIATED WITH WESTERN REGION EXPANSION SCHEME XXVII - [N18000354,271.69,271.69,25.35,2023.0,2024.0,,0,,0,1.0,0.0
POWER,TS FOR EVACUATION POWER FROM REZ IN RAJASTHAN (20GW) UNDER PHASE-III PART B1 - [N18000376,2191.0,2191.0,147.99,2023.0,2025.0,,0,,0,2.0,0.0
POWER,TRANSMISSION NETWORK EXPANSION IN GUJARAT ASSOCIATED WITH INTEGRATION OF RE PROJECTS FROM KHAVDA POT - [N18000358,815.12,815.12,2.99,2023.0,2025.0,,0,,0,2.0,0.0
POWER,TS FOR EVACUATION OF POWER FROM POTENTIAL RE ZONE IN KHAVDA AREA OF GUJARAT UNDER PH-IV PART E3 - [N18000383,334.0,334.0,,2023.0,2025.0,,0,,0,2.0,0.0
POWER,2,4.0,5.0,6.0,,,,0,,0,,0.0
POWER,TS FOR INTRGRATION OF RE ZONE (PHASE II) IN KOPPAL II (PHASE A&B) AND GADAG II (PHASE A) IN KARNATAK - [N18000385,2889.0,2889.0,,2023.0,2025.0,,0,,0,2.0,0.0
POWER,"KHAVDA PHASE-II-PART B, GUJARAT- TRANSMISSION SCHEME FOR EVACUATION OF 4.5 GW RE INJECTION AT KHAVDA - [N18000360",1167.55,1167.55,205.35,2023.0,2025.0,,0,,0,2.0,0.0
POWER,TRANSMISSION SYSTEM SCHEME FOR EVACUATION OF POWER FROM REZ RAJASTHAN (8.1 GW) UNDER PHASE-II PART - [N18000356,1433.28,1433.28,359.47,2023.0,2024.0,,0,,0,1.0,0.0
POWER,"KHAVDA-2, GUJARAT- ESTABLISHMENT OF KHAVDA POOLING STATION-2 (KPS2) IN KHAVDA RE PARK - [N18000359",966.79,966.79,26.0,2023.0,2024.0,,0,,0,1.0,0.0
POWER,ESTABLISHMENT OF KHAVDA POOLING STATION 3 (KPS3) IN KHAVDA RE PARK - [N18000357,922.3,922.3,107.23,2023.0,2024.0,,0,,0,1.0,0.0
POWER,LUHRI HYDROELECTRIC PROJECT (STAGE1) - [N18000279,1810.56,1810.56,1466.02,2020.0,2026.0,,0,,0,6.0,0.0
POWER,DHAULASIDH HYDROELECTRIC PROJECT (66 MW) - [N18000291,687.97,687.97,630.46,2020.0,2025.0,,0,,0,5.0,0.0
POWER,SUNNI DAM HYDRO ELECTRIC PROJECT - [N18000344,2614.51,2614.51,689.99,2023.0,2028.0,,0,,0,5.0,0.0
RAILWAYS,PARASNATH-MADHUBAN-GIRIDIH - [N22000527,816.03,902.86,3.08,2019.0,2030.0,,0,,0,11.0,0.0
RAILWAYS,SURFACE TRIANGLE LINE BETWEEN BHADURA STATION AND NEW CROSSING STN KARMA DOUBLING - [N22000525,199.96,199.96,55.09,2022.0,2027.0,,0,,0,5.0,0.0
RAILWAYS,GOMOH - FLYOVER FOR DOWN TRAINS - [N22000611,487.73,487.73,245.45,2018.0,2025.0,,0,,0,7.0,0.0
RAILWAYS,DOUBLING OF PRADHANKHUNTA JN -PATHERDIH BAZAR- BHOJUDIH - [N22000529,202.0,349.22,,2022.0,2027.0,,0,,0,5.0,0.0
RAILWAYS,KODINGAMALI BAUXITE MINES TO SINGARAM RAILWAY STATION - [N22000519,190.9,190.9,10.0,2022.0,2027.0,,0,,0,5.0,0.0
RAILWAYS,JEYPORE NABARANGPUR NEWLINE - [N22000517,499.99,747.91,,2017.0,2028.0,,0,,0,11.0,0.0
RAILWAYS,GANDHAMARDAN IRON ORE MINES TO GOALDIH STATION - [N22000520,189.93,189.93,,2022.0,2027.0,,0,,0,5.0,0.0
RAILWAYS,BAGHUAPAL FLY OVER (20 KM) - [N22000522,183.0,183.0,,2019.0,2027.0,,0,,0,8.0,0.0
RAILWAYS,BRUNDAMAL-JHARSUGUDA- FLYOVER CONNECTION FOR JOINING DN LINE - [N22000521,48.44,297.0,,2009.0,2026.0,,0,,0,17.0,0.0
RAILWAYS,JEYPORE MALKANGIRI NEW LINE - [N22000516,642.69,642.69,150.72,2018.0,2033.0,,0,,0,15.0,0.0
RAILWAYS,TALCHER - ANGUL NEW LINE WITH Y CONNECTION AT TALCHER - [N22000518,278.96,494.62,,2018.0,2026.0,,0,,0,8.0,0.0
RAILWAYS,2,4.0,5.0,6.0,,,,0,,0,,0.0
RAILWAYS,NAGPUR- NAGBHIR RAILWAY LINE GAUGE CONVERSION PROJECT - [N22000629,1400.0,1400.0,,2019.0,2024.0,,0,,0,5.0,0.0
RAILWAYS,YESHVANTHPUR-CHANNASANDRA (21.7 KM) - [N22000543,169.65,169.65,71.75,2019.0,2026.0,,0,,0,7.0,0.0
RAILWAYS,BAIYYAPPANAHALLI-HOSUR (48 KM) - [N22000542,375.67,375.67,,2019.0,2026.0,,0,,0,7.0,0.0
RAILWAYS,ALLAHABAD-BAMHRAULI - 4TH LINE (10 KM) WITH FLY-OVER AT SUBEDARGANJ - [N22000563,494.11,494.11,,2019.0,2026.0,,0,,0,7.0,0.0
RAILWAYS,MATHURA - VRINDAVAN (11 KM) - [N22000612,402.88,402.88,,2022.0,2025.0,,0,,0,3.0,0.0
RAILWAYS,MUGHALSARAI - ALLAHABAD - 3RD LINE - [N22000544,2390.0,2390.0,,2019.0,2026.0,,0,,0,7.0,0.0
RAILWAYS,ALIGARH-HARDUAGANJ FLYOVER (22 KM) - [N22000545,1456.89,1456.89,,2020.0,2026.0,,0,,0,6.0,0.0
RAILWAYS,ALIGARH-DAUD KHAN - 3RD LINE (6.9 KM) & CONSTRUCTION OF FLYOVER AT DAUD KHAN - [N22000562,451.99,451.99,,2019.0,2025.0,,0,,0,6.0,0.0
RAILWAYS,LALITPUR - BIRARI WITH FLYOVER AT LALITPUR - [N22000546,260.0,260.0,,2017.0,2024.0,,0,,0,7.0,0.0
RAILWAYS,KATIHAR-KUMEDPUR & KATIHAR-MUKURIA (64.5 KM) (UMBRELLA WORK PB#57/2019-20/NR) - [N22000570,745.0,745.0,,2022.0,2027.0,,0,,0,5.0,0.0
RAILWAYS,GUDHA THATHANA MITHRI TEST TRACK FOR RDSO - [N22000593,528.48,528.48,307.66,2019.0,2025.0,,0,,0,6.0,0.0
RAILWAYS,JAUNPUR AKBARPUR (TANDA) DOUBLING - [N22000582,515.5,676.0,,2017.0,2025.0,,0,,0,8.0,0.0
RAILWAYS,BARABANKI-MALHAUR - 3RD & 4TH LINE (32.84 KM) - [N22000590,323.85,323.85,,2019.0,2025.0,,0,,0,6.0,0.0
RAILWAYS,DOUBLING BETWEEN JAUNPUR JN-ZAFFARABAD (6.28 KM) - [N22000591,177.33,177.33,,2023.0,2026.0,,0,,0,3.0,0.0
RAILWAYS,FEROZPUR - PATTI (25.72 KM) - [N22000614,299.74,299.74,,2017.0,2027.0,,0,,0,10.0,0.0
RAILWAYS,JANGHAI PRATAPGARH AMETHI DOUBLING - [N22000583,701.98,1100.0,,2017.0,2025.0,,0,,0,8.0,0.0
RAILWAYS,BARABANKI AKBARPUR DOUBLING - [N22000578,1200.0,1700.0,,2017.0,2025.0,,0,,0,8.0,0.0
RAILWAYS,LUDHIANA MULLANPUR DOUBLING - [N22000589,82.99,235.0,,2020.0,2025.0,,0,,0,5.0,0.0
RAILWAYS,LUDHIANA KILA RAIPUR (19 KMS) WITH FREIGHT LINE AT GILL STATION ON LDH-JHL SECTION - [N22000584,235.72,235.72,,2019.0,2025.0,,0,,0,6.0,0.0
RAILWAYS,2,4.0,5.0,6.0,,,,0,,0,,0.0
RAILWAYS,DALLIRAJHARA - ROWGHAT (95 KM) {PART OF DALLIRAJHARA- JAGDALPUR (235 KM)} - [N22000602,631.78,1627.56,1323.64,2008.0,2025.0,,0,,0,17.0,0.0
RAILWAYS,3RD LINE BETWEEN DHANBAD SONNAGAR - [N22000599,8975.0,7906.38,4630.47,2016.0,2026.0,,0,,0,10.0,0.0
RAILWAYS,JANGHAI-PHAPHAMAU - DOUBLING WITH ELECTRIFICATION (46.79 KM) - [N22000596,357.48,409.38,312.07,2018.0,2025.0,,0,,0,7.0,0.0
RAILWAYS,JUNAGARH -VISAVADAR (42.28) KM - [N22000600,492.83,492.83,,2022.0,2026.0,,0,,0,4.0,0.0
RAILWAYS,INDORE BUDNI (INDORE JABALPUR) - [N22000601,4340.0,7393.75,1004.86,2018.0,2030.0,,0,,0,12.0,0.0
RAILWAYS,RENIGUNTA WADI GOOTY - BYPASS - [N22000587,302.0,302.0,98.83,2016.0,2025.0,,0,,0,9.0,0.0
RAILWAYS,VIJAYAWADA KAZIPET BYEPASS LINE - [N22000586,226.72,226.72,107.76,2016.0,2025.0,,0,,0,9.0,0.0
RAILWAYS,DOUBLING BETWEEN GOOTY-PENDAKALLU (29.225) - [N22000585,351.83,351.83,,2023.0,2027.0,,0,,0,4.0,0.0
RAILWAYS,DOUBLING OF BORIDAND - AMBIKAPUR ( SURAJPUR) - [N22000580,1376.2,775.82,33.55,2022.0,2030.0,,0,,0,8.0,0.0
RAILWAYS,Gauge conversion of Raipur(Kendri)-Dhamtari and Abhanpur-Rajim branch (67.20 km) - [N22000572,1171.3,1171.3,209.98,2011.0,2024.0,,0,,0,13.0,0.0
RAILWAYS,NIPANIA-BHATAPRA (14.4 KM) 4TH LINE (PB#72/NR/2022-23) - [N22000573,170.49,170.49,0.1,2022.0,2026.0,,0,,0,4.0,0.0
RAILWAYS,4TH LINE - RAJNANDGAON-DONGARHGARH (31.2 KM) (PB#72/NR/2022-23) - [N22000577,328.34,328.34,0.37,2022.0,2026.0,,0,,0,4.0,0.0
RAILWAYS,4TH LINE - DADHAPARA-BELHA (9.2 KM) (PB#72/NR/2022-23) - [N22000576,169.06,169.06,0.22,2022.0,2026.0,,0,,0,4.0,0.0
RAILWAYS,4TH LINE - BHILAI-BHILAI NAGAR (8.8 KM) (PB#72/NR/2022-23) - [N22000575,169.06,177.34,0.02,2022.0,2026.0,,0,,0,4.0,0.0
RAILWAYS,3RD AND 4TH LINE - SARAGBUNDIA AND MADWARANI - [N22000579,167.64,167.64,,2022.0,2026.0,,0,,0,4.0,0.0
RAILWAYS,CHIRIMIRI-NAGPUR HALT - [N22000616,241.0,241.0,,2018.0,2030.0,,0,,0,12.0,0.0
RAILWAYS,4TH LINE - BHATAPARA-HATHBAND (8.8 KM) (PB#72/NR/2022- 23) - [N22000574,177.03,177.03,0.21,2022.0,2026.0,,0,,0,4.0,0.0
RAILWAYS,SHIMOGA-SHIKARIPURA-RANEBENNUR (UMBRELLA WORK PB#23/2018-19/NR) - [N22000559,1453.73,994.47,53.8,2019.0,2027.0,,0,,0,8.0,0.0
RAILWAYS,SATNA - REWA (50 KM) - [N22000554,500.0,500.0,,2015.0,2026.0,,0,,0,11.0,0.0
RAILWAYS,NEW BG LINE INTERSECTION (5 NOS) BETWEEN GERATPUR- SANAND & BOTAD-AHMEDABAD (16.51 KM) (PB#29/NR/202 - [N22000551,437.21,437.21,,2022.0,2027.0,,0,,0,5.0,0.0
RAILWAYS,ADRAJ MOTI-VIAJAPUR (39.75 KM) - [N22000548,296.54,296.54,,2022.0,2030.0,,0,,0,8.0,0.0
RAILWAYS,2,4.0,5.0,6.0,,,,0,,0,,0.0
RAILWAYS,NATHDWARA-NEW NATHDWARA NEW LINE ( MM OF AJMER- CHITTAURGARH-UDAIPUR) - [N22000623,166.33,166.33,32.28,2013.0,2025.0,,0,,0,12.0,0.0
ROAD TRANSPORT AND HIGHWAYS,"CONSTRUCTION OF 4 LANE WITH PAVED SHOULDER FROM (DESIGN CH. 14+200 TO 24+400), (DESIGN CH. 35+300 TO - [N24001998",832.46,823.46,252.09,2022.0,2025.0,,0,,0,3.0,0.0
ROAD TRANSPORT AND HIGHWAYS,REHABILITATION AND UPGRADATION TO 2 LANE WITH PAVED SHOULDER FROM EXISTING CHAINAGE KM 134.95 TO KM - [N24001899,395.25,395.25,165.41,2021.0,2024.0,,0,,0,3.0,0.0
ROAD TRANSPORT AND HIGHWAYS,REHABILITATION AND UPGRADATION TO 2 LANE WITH PAVED SHOULDER FROM EXISTING CHAINAGE KM 49.150 TO KM - [N24001900,796.97,796.97,353.94,2020.0,2024.0,,0,,0,4.0,0.0
ROAD TRANSPORT AND HIGHWAYS,REHABILITATION AND UPGRADATION TO 2 LANE WITH PAVED SHOULDER FROM DESIGN CHAINAGE KM 162.800 TO KM - [N24002119,562.45,562.45,8.68,2022.0,2026.0,,0,,0,4.0,0.0
ROAD TRANSPORT AND HIGHWAYS,IMPROVEMENT/CONSTRUCTION OF EXISTING CLASS 5 ROAD TO NH INTERMEDIATE LANE SPECIFICATION WITH HARD SH - [N24001916,314.67,314.67,,2021.0,2026.0,,0,,0,5.0,0.0
ROAD TRANSPORT AND HIGHWAYS,IMPROVEMENT/CONSTRUCTION OF EXISTING CLASS-5 ROAD TO NH INTERMEDIATE LANE SPECIFICATION WITH HARD SH - [N24001915,230.54,230.54,,2021.0,2026.0,,0,,0,5.0,0.0
ROAD TRANSPORT AND HIGHWAYS,REHABILITATION AND UPGRADATION TO 2 LANE WITH PAVED SHOULDER FROM EXISTING CHAINAGE KM 102 TO KM 13 - [N24001897,642.24,642.24,370.71,2021.0,2024.0,,0,,0,3.0,0.0
ROAD TRANSPORT AND HIGHWAYS,REHABILITATION AND UPGRADATION TO 2 LANE WITH PAVED SHOULDER FROM EXISTING CHAINAGE KM 30.000 TO K - [N24001898,272.49,272.49,146.77,2020.0,2024.0,,0,,0,4.0,0.0
ROAD TRANSPORT AND HIGHWAYS,CONSTRUCTION OF REALIGNMENT BETWEEN PANDRASS- PASHKYUN (TOTAL LENGTH 27.10 KM) ON ROAD ZOZILA- KARGIL - [N24001999,426.14,426.14,27.99,2021.0,2025.0,,0,,0,4.0,0.0
ROAD TRANSPORT AND HIGHWAYS,4 LANE WITH PAVED SHOULDER FROM KM 0.000 TO KM 51.119 OF TADIPATRI TO MUDDANUR OF NH67 - [N24001935,724.17,724.17,321.81,2022.0,2025.0,,0,,0,3.0,0.0
ROAD TRANSPORT AND HIGHWAYS,REHABILITATION AND UPGRADATION TO 2-LANE CONFIGURATION OF KALWAHAN-MANDI SECTION (KM 208.950 TO KM 2 - [N24001470,314.32,314.32,9.45,2020.0,2025.0,,0,,0,5.0,0.0
ROAD TRANSPORT AND HIGHWAYS,REHABLITATION AND UPGRADATION OF AMBOLI JUNCTION (DESIGN CH. 71+530) TO AJARA (DESIGN CH.100+835) SE - [N24001881,574.0,574.0,574.0,2021.0,2024.0,,0,,0,3.0,0.0
ROAD TRANSPORT AND HIGHWAYS,CONSTRUCTION OF 2 LANE ROAD OF POTIN TO PANGIN SECTION OF NH 13 FROM KM 77.95 TO KM 117.56 (PACKAGE - [N24001291,421.48,421.48,365.83,2019.0,2027.0,,0,,0,8.0,0.0
ROAD TRANSPORT AND HIGHWAYS,WIDENING TO 4 LANE FROM KM 51.60 TO 76.20 (HEBRI TO PARKALA) AND FROM KM 85.20 TO 88.90 (KARAVALI JU - [N24001948,355.72,355.72,,2022.0,2024.0,,0,,0,2.0,0.0
ROAD TRANSPORT AND HIGHWAYS,2,4.0,5.0,6.0,,,,0,,0,,0.0
ROAD TRANSPORT AND HIGHWAYS,WIDENING AND STRENGTHENING OF SECTION FROM BHARTHANA CHOWK TO KODARKOOT (KM. 0.00 TO KM. 40.00) OF - [N24001587,262.37,343.77,193.78,2020.0,2024.0,,0,,0,4.0,0.0
ROAD TRANSPORT AND HIGHWAYS,REHABILITATION AND UPGRADATION OF JAMKHED TO SAUTADA SECTION OF NH548 D (FROM KM 195.375 TO KM 208.7 - [N24001910,157.62,157.62,13.86,2022.0,2024.0,,0,,0,2.0,0.0
ROAD TRANSPORT AND HIGHWAYS,WIDENING AND STRENGTHENING TO TWO LANE WITH PAVED SHOULDER/TWO LANE+ PAVED SHOULDER WITH SERVICE ROA - [N24001924,514.22,514.22,,2022.0,2025.0,,0,,0,3.0,0.0
ROAD TRANSPORT AND HIGHWAYS,44 LANE DIVIDED CARRIAGEWAY OF BARMER BYPASS OF NH- 15 (NEW NH-68) IN THE STATE OF RAJASTHAN ON EPC M - [N24001529,451.66,451.66,401.78,2021.0,2024.0,,0,,0,3.0,0.0
ROAD TRANSPORT AND HIGHWAYS,DEVELOPMENT TO 4/6-LANNING OF NH-31 (NEW NH-10) WITH BOTH SIDE SERVICE ROADS FROM KM 569.258 TO KM 5 - [N24001850,995.04,995.04,194.48,2022.0,2025.0,,0,,0,3.0,0.0
ROAD TRANSPORT AND HIGHWAYS,CONSTRUCTION OF 4-LANE GREEN FIELD HIGHWAY FROM KM. 35.000 TO KM. 49.155 OF NH-731A WITH PAVED SHOUL - [N24001929,697.66,697.66,213.01,2022.0,2025.0,,0,,0,3.0,0.0
ROAD TRANSPORT AND HIGHWAYS,CONSTRUCTION OF 4-LANE HIGHWAY WITH PAVED SHOULDERS FROM KM 49.155 TO KM 74.700 OF NH-731A ON HYBRID - [N24002032,1156.72,1156.72,119.26,2022.0,2026.0,,0,,0,4.0,0.0
ROAD TRANSPORT AND HIGHWAYS,REHABILITATION AND UP-GRADATION OF JINTUR- SHIRAD SHAHAPUR SECTION KM 258.300 TO KM 306.300 [DESIGN - [N24001885,414.81,414.81,,2023.0,2024.0,,0,,0,1.0,0.0
ROAD TRANSPORT AND HIGHWAYS,CONSTRUCTION OF BYPASS TO KHORDHA TOWN FROM KM 294/000 TO 300/300 ON NH-57 INCLUDING LA IN THE STATE - [N24001861,157.49,157.49,59.2,2022.0,2024.0,,0,,0,2.0,0.0
ROAD TRANSPORT AND HIGHWAYS,CONSTRUCTION OF 2 LANE ROAD OF POTIN TO PANGIN SECTION OF NH 13 FROM KM 117.56 TO KM 163.59 (PACKAGE - [N24001292,543.05,543.05,567.92,2019.0,2027.0,,0,,0,8.0,0.0
ROAD TRANSPORT AND HIGHWAYS,IMPROVEMENT AND UPGRADATION TO TWO LANE WITH PAVED SHOULDER CONFIGURATION FROM EXISTING KM 90.00 TO - [N24002015,403.36,403.36,37.5,2021.0,2025.0,,0,,0,4.0,0.0
ROAD TRANSPORT AND HIGHWAYS,CONSTRUCTION OF BYPASS TO GUDIYATHAM TOWN IN KM 23/100 – 29/250 INCLUDING LA AND SHIFTING OF NH-234 - [N24001828,221.03,243.95,114.24,2022.0,2024.0,,0,,0,2.0,0.0
ROAD TRANSPORT AND HIGHWAYS,2L+PS FOR WORK OF NH-325 (BALOTRA TO SANDERAO VIA JALORE) BY CONSTRUCTION OF BYPASSES:(1) ASOTRA- BR - [N24001527,411.4,411.4,143.61,2021.0,2024.0,,0,,0,3.0,0.0
ROAD TRANSPORT AND HIGHWAYS,"REHABILITATION AND UPGRADATION OF KURWAI– MUNGAOLI–CHANDERI ROAD SECTION OF NH-346, FROM DESIGN CHAIN - [N24001965",386.49,386.49,86.72,2022.0,2025.0,,0,,0,3.0,0.0
ROAD TRANSPORT AND HIGHWAYS,2L+PS FROM KM. 0+000 TO KM. 32+000 (MUDIGUBBA TO PUTTAPARTHI) OF NH-342 - [N24001932,401.72,401.72,161.11,2022.0,2024.0,,0,,0,2.0,0.0
ROAD TRANSPORT AND HIGHWAYS,CONSTRUCTION OF 2-LANE MAJOR BRIDGE INCLUDING APPROACHESOVER BRAHMAPUTRA BETWEEN MAJULI ON NORTH BAN - [N24001408,925.47,925.47,321.15,2021.0,2025.0,,0,,0,4.0,0.0
ROAD TRANSPORT AND HIGHWAYS,R/U TO 2-LANE WITH PS OF BEWAR TO ALLAHGANJ SECTION OF NH-730C FROM KM.0.00 TO 52.770 UNDER GNHCP - [N24001471,325.24,325.24,171.46,2020.0,2024.0,,0,,0,4.0,0.0
ROAD TRANSPORT AND HIGHWAYS,2,4.0,5.0,6.0,,,,0,,0,,0.0
ROAD TRANSPORT AND HIGHWAYS,REHABILITATION AND UPGRADATION OF BHOKARDAN TO KUMBHARI FATA DESIGN CH. (KM 13+500 TO 17+00) AND RAJ - [N24001887,291.37,291.37,102.94,2022.0,2024.0,,0,,0,2.0,0.0
ROAD TRANSPORT AND HIGHWAYS,CONSTRUCTION OF 2 LANE WITH PAVED SHOULDER NORTHERN BYPASS PHASE-II OF KOTA CITY FROM DESIGN CHAINAG - [N24001928,317.74,317.74,136.23,2022.0,2025.0,,0,,0,3.0,0.0
ROAD TRANSPORT AND HIGHWAYS,REHABILITATION AND UPGRADATION OF PARLI TO SIRSALA SECTION OF NH-361F (KM 136+700 TO 115+000) (LENGT - [N24001890,261.82,261.82,70.59,2023.0,2024.0,,0,,0,1.0,0.0
ROAD TRANSPORT AND HIGHWAYS,WIDENING AND STRENGTHENING OF EXISTING PAVEEMNT TO TWO LANE WITH PAVED SHOULDERS FROM KM 116.00 TO K - [N24001923,315.21,315.21,59.59,2022.0,2024.0,,0,,0,2.0,0.0
ROAD TRANSPORT AND HIGHWAYS,UPGRADATION and WIDENING OF JHARKHEDA- BERASIA - DHOLKHEDI FROM DESIGN KM 0+000 TO KM 87+900 (DESIGN - [N24001964,365.21,365.21,136.44,2022.0,2025.0,,0,,0,3.0,0.0
ROAD TRANSPORT AND HIGHWAYS,4 LANING OF BATHALAPALLI TO MUDIGUBBA SECTION (DESIGN CHAINAGE KM. 96.300 TO 129.300) INCLUDING BATH - [N24001931,536.0,536.0,393.48,2022.0,2025.0,,0,,0,3.0,0.0
ROAD TRANSPORT AND HIGHWAYS,UP-GRADATION TO 2 LANE WITH PAVED SHOULDER FROM CHARBHUJA AT DESIGN KM 0.00 (EXISTING KM 150.00) TO - [N24001927,838.43,838.43,142.87,2022.0,2025.0,,0,,0,3.0,0.0
ROAD TRANSPORT AND HIGHWAYS,4-LANING OF ITANAGAR TO BANDARDEWA SECTION OF NH- 415 FROM KM 51+700 TO KM 59+199 (PACKAGE-C) ON EPC - [N24001374,437.6,437.6,345.59,2020.0,2027.0,,0,,0,7.0,0.0
ROAD TRANSPORT AND HIGHWAYS,KOPARGAON TO SAVALI VIHIR SECTION - [N24001904,195.38,195.38,29.59,2022.0,2024.0,,0,,0,2.0,0.0
ROAD TRANSPORT AND HIGHWAYS,WIDENING AND IMPROVEMENT OF EXISTING CARRIAGE WAY TO 2 LANE WITH PAVED SHOULDERS FROM KM. 86/160 TO - [N24002002,423.48,423.48,198.05,2022.0,2024.0,,0,,0,2.0,0.0
ROAD TRANSPORT AND HIGHWAYS,NH-30-BHADRACHALAM TO KONTA SECTION 2LPS - [N24001953,388.71,388.71,108.69,2021.0,2024.0,,0,,0,3.0,0.0
ROAD TRANSPORT AND HIGHWAYS,WIDENING OF EXISTING SINGLE LANE ROAD TO INTERMEDIATE LANE ROAD FROM MOKOKCHUNG TO CHARE VIA DIKHU I - [N24001855,192.93,192.93,41.69,2021.0,2025.0,,0,,0,4.0,0.0
ROAD TRANSPORT AND HIGHWAYS,REHABILITATION AND UPGRADATION TO 2-LANE WITH PAVED SHOULDER CONFIGURATION OF JIRAPUR-SUSNER-MP-RJ B - [N24002018,239.72,232.22,110.11,2022.0,2025.0,,0,,0,3.0,0.0
ROAD TRANSPORT AND HIGHWAYS,UPGRADATION OF EXHISTING 2 LANE FLEXIBLE PAVEMENT TO 2 LANE PAVED SHOULDERS RIGID PAVEMENT FROM DESI - [N24001908,167.97,167.97,35.28,2021.0,2024.0,,0,,0,3.0,0.0
ROAD TRANSPORT AND HIGHWAYS,"WIDENING AND STRENGTHENING FROM KM.15.000 TO KM, 58.600 (BHADEWARA -DRAMANDGANJ SECTION) OF NATIONAL - [N24001478",257.97,257.97,132.48,2021.0,2024.0,,0,,0,3.0,0.0
ROAD TRANSPORT AND HIGHWAYS,WIDENING TO EXISTING SINGLE LANE /INTERMEDIATE LANE TO 2 LANE FROM KM185.00 TO KM 220.00 OF NH-61 (N - [N24001466,297.24,297.24,99.24,2021.0,2024.0,,0,,0,3.0,0.0
ROAD TRANSPORT AND HIGHWAYS,CONSTRUCTION OF TWO LANE WITH PAVED SHOULDER HIGHWAY FROM DESIGN CH.0.000 TO CH.49.2OO OF NH-731B ON - [N24001996,640.18,640.18,253.09,2022.0,2025.0,,0,,0,3.0,0.0
ROAD TRANSPORT AND HIGHWAYS,CONSTRUCTION OF 2 LANE ROAD OF POTIN TO PANGIN SECTION OF NH 13 FROM KM 206.66 TO KM 247.05 (PACKAGE - [N24001293,486.7,486.7,474.23,2019.0,2027.0,,0,,0,8.0,0.0
ROAD TRANSPORT AND HIGHWAYS,2,4.0,5.0,6.0,,,,0,,0,,0.0
ROAD TRANSPORT AND HIGHWAYS,FOUR LANING OF OTTANCHATRAM TO PALANI SECTION FROM KM 30/700 TO KM 55/000 OF NH 209(NEW NH-83) INCLU - [N24001829,172.15,172.15,43.59,2022.0,2024.0,,0,,0,2.0,0.0
ROAD TRANSPORT AND HIGHWAYS,WIDENING OF PACHPADRA-BAGUNDI SECTION TO 4 LANE FROM KM 73/60 TO 95/70 OF NH-25 ON EPC MODE IN THE - [N24001528,194.88,194.88,104.69,2022.0,2024.0,,0,,0,2.0,0.0
ROAD TRANSPORT AND HIGHWAYS,CONSTRUCTION OF 4 LANE ELEVATED VIADUCT AT KM. 7.500 MUNSHI PULIA OF NH-24A - [N24001460,170.6,170.6,153.04,2021.0,2024.0,,0,,0,3.0,0.0
ROAD TRANSPORT AND HIGHWAYS,CONSTRUCTION OF SHOHRATGARH BYPASS ON NH-730 UNDER EPC MODE IN THE STATE OF UTTAR PRADESH - [N24001997,189.31,189.31,46.36,2022.0,2025.0,,0,,0,3.0,0.0
ROAD TRANSPORT AND HIGHWAYS,UPGRADATION TO TWO LANE PAVED SHOULDER OF KOTHUN-LALSOT-KAROLI-DHOLPUR ROAD NH-23 (OLD NH- 11B) IN TH - [N24001530,150.11,150.11,56.33,2021.0,2024.0,,0,,0,3.0,0.0
ROAD TRANSPORT AND HIGHWAYS,REHABILITATION AND UPGRADATION OF SHIRAPUR JUNCTION TO SHIVAJI CHOWK (DESIGN CHAINAGE KM. 130+00 TO - [N24001892,245.61,245.61,43.39,2023.0,2024.0,,0,,0,1.0,0.0
ROAD TRANSPORT AND HIGHWAYS,4 LANE FROM KM 56.400 TO KM 120.300 FROM B.KOTHAPALLI JUNCTION TO GORANTLA OF NH 716G - [N24001959,839.98,839.98,173.32,2022.0,2025.0,,0,,0,3.0,0.0
ROAD TRANSPORT AND HIGHWAYS,CONSTRUCTION OF MARIAHU BYPASS WITH FOUR LANE PAVED SHOULDER CONFIGURATION (KM.53.540 TO KM.59.200) - [N24002115,438.24,438.24,151.35,2023.0,2025.0,,0,,0,2.0,0.0
ROAD TRANSPORT AND HIGHWAYS,UPGRADATION AND REHABILITATION TO TWO LANE WITH PAVED SHOULDER OF BARMER GHAGARIYA SECTION FROM KM 0 - [N24001531,304.87,304.87,289.31,2022.0,2024.0,,0,,0,2.0,0.0
ROAD TRANSPORT AND HIGHWAYS,Sagwara Bypass and Garhi- Partapur Bypass of NH- 927A in the State of Rajasthan. - [N24001868,187.65,187.65,66.57,2022.0,2025.0,,0,,0,3.0,0.0
ROAD TRANSPORT AND HIGHWAYS,WIDENING TO TWO LANE WITH PAVED SHOULDERS FROM KM 0/000 TO KM 79/300 OF KALWAKURTHY - KOLLAPUR SECTI - [N24002007,886.69,886.69,90.46,2022.0,2025.0,,0,,0,3.0,0.0
ROAD TRANSPORT AND HIGHWAYS,IMPROVEMENT OF 2 LANE WITH PAVED SHOULDER OF STRETCH FROM BIKRAMGANJ DAWATH MELAYABAGH NAWANAGR -DUM - [N24002133,178.63,178.63,34.1,2021.0,2025.0,,0,,0,4.0,0.0
ROAD TRANSPORT AND HIGHWAYS,CONSTRUCTION OF 2 LANE ROAD OF POTIN TO PANGIN SECTION OF NH 13 FROM KM 163.59 TO KM 206.66 (PACKAGE - [N24001297,450.65,450.65,361.48,2019.0,2027.0,,0,,0,8.0,0.0
ROAD TRANSPORT AND HIGHWAYS,CONSTRUCTION OF JASRA BYPASS WITH FOUR LANE PAVED SHOULDER CONFIGURATION FROM KM. 379.670 ON NH-76 ( - [N24002120,274.06,274.06,41.24,2023.0,2025.0,,0,,0,2.0,0.0
ROAD TRANSPORT AND HIGHWAYS,WIDENING TO TWO LANE WITH PAVED SHOULDERS FROM KM 40.00 TO KM 75.00 (EXISTING CHAINAGES) OF MANGALOR - [N24002012,718.52,718.52,,2023.0,2025.0,,0,,0,2.0,0.0
ROAD TRANSPORT AND HIGHWAYS,UPGRADATION OF NASRULLAGANI-REHTI-BUDHNI SCCTION TO 2-LANE WITH PAVED SHOULDER FROM KM 0+150 TO KM - [N24001963,305.12,305.12,73.56,2021.0,2024.0,,0,,0,3.0,0.0
ROAD TRANSPORT AND HIGHWAYS,WIDENING AND STRENGTHENING/RECONSTRUCTION TO TWO LANE WITH PAVED SHOULDER/ TWO LANE WITH PAVED SHOUL - [N24001925,423.18,423.18,0.11,2022.0,2025.0,,0,,0,3.0,0.0
ROAD TRANSPORT AND HIGHWAYS,UPGRADATION OF DINDORI-SAGARTOLA-KABICHABUTRA (MP-CG BORDER) SECTION OF NH -45 FROM KM 0+00(DESIGN) - [N24002019,329.14,319.09,87.66,2022.0,2025.0,,0,,0,3.0,0.0
ROAD TRANSPORT AND HIGHWAYS,2,4.0,5.0,6.0,,,,0,,0,,0.0
ROAD TRANSPORT AND HIGHWAYS,"CONSTRUCTION OF TWO LANE WITH PAVED SHOULDER FOR FATEHPUR BYPASS, MANDAWA BYPASS AND JHUNJHUNU BYPAS - [N24001866",186.29,186.29,142.69,2022.0,2024.0,,0,,0,2.0,0.0
ROAD TRANSPORT AND HIGHWAYS,WIDENING AND STRENGTHENING TO 2L+PS INCLUDING LA OF KANDARPUR-BALIKUDA FROM KM 277/500 TO 318/970 OF - [N24001858,499.79,499.79,218.62,2022.0,2025.0,,0,,0,3.0,0.0
ROAD TRANSPORT AND HIGHWAYS,"WIDENING TO 2 LANES WITH PAVED SHOULDERS FROM KM 24.400 TO 27.270, 40.500 TO 41.900, 84.300 TO 88.20 - [N24001946",218.93,218.93,,2022.0,2024.0,,0,,0,2.0,0.0
ROAD TRANSPORT AND HIGHWAYS,REHABILITATION AND UP-GRADATION OF MUDKHED TO NANDED SECTION FROM KM. 372+000 TO KM 388+400 OF NH 16 - [N24001903,206.54,206.54,21.36,2022.0,2025.0,,0,,0,3.0,0.0
ROAD TRANSPORT AND HIGHWAYS,NH167AD FROM MACHERLA TO DACHEPALLI FROM KM.0.000 TO 43.659 TO 2LPS - [N24001951,403.22,403.22,262.08,2022.0,2025.0,,0,,0,3.0,0.0
ROAD TRANSPORT AND HIGHWAYS,REHABILITATION AND UPGRADATION OF SATANA TO MANGRUL (CHANDWAD) SECTION OF NH752 G DESIGN CH: KM 64.0 - [N24001884,428.8,428.8,54.11,2023.0,2025.0,,0,,0,2.0,0.0
ROAD TRANSPORT AND HIGHWAYS,CONSTRUCTION OF BYPASS TO NAYAGARH TOWN FROM KM 235.469 TO 252.482 OF NH-57 INCLUDING LAND ACQUISITI - [N24001860,300.33,300.33,159.82,2022.0,2025.0,,0,,0,3.0,0.0
ROAD TRANSPORT AND HIGHWAYS,UPGRADATION AND REHABILITATION TO TWO LANE WITH PAVED SHOULDER OF GHAGARIYA- MUNABAO SECTION FROM KM - [N24001869,235.15,235.15,92.29,2022.0,2025.0,,0,,0,3.0,0.0
ROAD TRANSPORT AND HIGHWAYS,2LPS OF KOYYURU TO CHAPRATHIPALEM SECTION OF NH 516E - [N24001957,349.29,349.29,138.22,2020.0,2024.0,,0,,0,4.0,0.0
ROAD TRANSPORT AND HIGHWAYS,WIDENING TO 2LPS OF RAMPACHODAVARAM - KOYYURU SECTION OF NH516E FROM KM.43.700 TO KM 113.820 - [N24001954,568.12,568.12,255.54,2022.0,2025.0,,0,,0,3.0,0.0
ROAD TRANSPORT AND HIGHWAYS,CONSTRUCTION OF TWO LANE WITH PAVED SHOULDER FROM EXISTING KM.0.000 TO KM.55.610 (DESIGN KM. 0.000 T - [N24002031,840.93,840.93,337.24,2021.0,2026.0,,0,,0,5.0,0.0
ROAD TRANSPORT AND HIGHWAYS,NH440 RAYACHOTY TOVEMPALLI 2LPS - [N24001934,439.82,439.82,193.63,2021.0,2024.0,,0,,0,3.0,0.0
ROAD TRANSPORT AND HIGHWAYS,4 LANING OF ITANAGAR TO BANDARDEWA SECTION OF NH- 415 FROM KM 40+430 TO KM 51+735 (PACKAGE B) ON EPC - [N24001375,496.47,496.47,131.33,2020.0,2027.0,,0,,0,7.0,0.0
ROAD TRANSPORT AND HIGHWAYS,WIDENING OF EXISTING SINGLE LANE / INTERMEDIATE LANE ROAD TO 2 LANE FROM KM 101 TO KM 125 OF NH 61 I - [N24001465,252.19,252.19,0.28,2020.0,2024.0,,0,,0,4.0,0.0
ROAD TRANSPORT AND HIGHWAYS,GUDIWADA TOWN 2 LANE ROB AND ROAD IMPROVEMENT OF NH165 IN REPLACEMENT OF LC NO 3ESPL3 AT KM 231.700 - [N24001955,317.22,317.22,67.67,2022.0,2025.0,,0,,0,3.0,0.0
ROAD TRANSPORT AND HIGHWAYS,"CONSTRUCTION OF KAITHI-PADARIA KALA BYPASS, PATNA- TAMOLI BYPASS, JASO BYPASS , NAGOD BYPASS (TOTAL L - [N24002020",158.36,158.36,29.79,2022.0,2025.0,,0,,0,3.0,0.0
ROAD TRANSPORT AND HIGHWAYS,REHABILITATION AND UP-GRADATION TO 4 LANE ROAD WITH PAVED SHOULDER CONFIGURATION OF SECTION FROM UND - [N24001880,778.18,778.18,135.78,2022.0,2025.0,,0,,0,3.0,0.0
ROAD TRANSPORT AND HIGHWAYS,CONSTRUCTION OF PRATAPGARH BYPASS (EXTENSION) CONNECTING NH-31 TO NH-330 - [N24002016,225.17,225.17,66.47,2022.0,2025.0,,0,,0,3.0,0.0
ROAD TRANSPORT AND HIGHWAYS,2,4.0,5.0,6.0,,,,0,,0,,0.0
ROAD TRANSPORT AND HIGHWAYS,WIDENING OF EXISTING ROAD TO 2 LANE WITH PAVED SHOULDER FROM HUKANJURI TO KHONSA SECTION OF NH- 315A - [N24001376,182.55,182.55,119.02,2021.0,2027.0,,0,,0,6.0,0.0
ROAD TRANSPORT AND HIGHWAYS,REHABILITATION AND UPGRADATION TO 2-LANE CONFIGURATION OF HAMIRPUR-KARNOHAL SECTION (KM 141.000 TO K - [N24001447,371.93,371.93,30.75,2020.0,2024.0,,0,,0,4.0,0.0
ROAD TRANSPORT AND HIGHWAYS,WIDENING TO FOUR LANE WITH PAVED SHOULDER FROM DESIGN KM.49.200 TO KM.89.285 OF NH-731B ON EPC MODE - [N24002029,917.91,917.91,423.34,2022.0,2026.0,,0,,0,4.0,0.0
ROAD TRANSPORT AND HIGHWAYS,CONSTRUCTION OF PROPOSED 4_LANE REVELGUNJ BYPASS NH-19 IN THE STATE OF BIHAR ON EPC MODE CONNECTING - [N24001879,295.24,295.24,10.89,2022.0,2025.0,,0,,0,3.0,0.0
ROAD TRANSPORT AND HIGHWAYS,2LPS FROM KM36.400 TO KM. 107.224 OF NH167BG FROM DUTTALUR TO KAVALI SECTION - [N24001942,423.67,423.67,159.74,2021.0,2024.0,,0,,0,3.0,0.0
ROAD TRANSPORT AND HIGHWAYS,CONSTRUCTION OF NEW 4-LANE BRIDGE (PARALLEL TO EXISTING VIKRAMASHILA SETU)FROM KM 8+920 TO KM 13+375 - [N24001877,1110.23,1110.23,95.02,2020.0,2027.0,,0,,0,7.0,0.0
ROAD TRANSPORT AND HIGHWAYS,CONSTRUCTION OF FOUR LANE ROB AND ITS APPROACHES IN LIEU OF EXISTING LEVEL CROSSING NO. RV-71 AT KM - [N24001864,154.49,154.49,38.03,2021.0,2025.0,,0,,0,4.0,0.0
ROAD TRANSPORT AND HIGHWAYS,NH167B FROM KM.143.320 MALAKONDA TO 189.050 SINGARAYAKONDA ON NH 16 TO TWO LANE WITH PAVED SHOULDERS - [N24001950,369.81,369.81,136.23,2021.0,2025.0,,0,,0,4.0,0.0
ROAD TRANSPORT AND HIGHWAYS,WIDENING TO EXISTING 2 LANE WITH PAVED SHOULDER TO 4 LANE WITH PAVED SHOULDER FROM DESIGN KM 153.00 - [N24001947,177.94,177.94,,2023.0,2025.0,,0,,0,2.0,0.0
ROAD TRANSPORT AND HIGHWAYS,WIDENING TO 2 LANE WITH PAVED SHOULDERS OF SIDDIPET-ELKATHURTHY SECTION FROM KM 69/978 TO KM 133/6 - [N24002008,578.85,578.85,172.76,2022.0,2024.0,,0,,0,2.0,0.0
ROAD TRANSPORT AND HIGHWAYS,REHABILITATION AND UPGRADATION FROM KM 51.600 TO KM 75.700 OF NH-321G (NUHKHAS TO ETAH SECTION) TO T - [N24002116,343.54,343.54,28.4,2022.0,2025.0,,0,,0,3.0,0.0
ROAD TRANSPORT AND HIGHWAYS,UPGRADATION OF TWO LANE PAVED SHOULDER FROM SHAHPURA TO THANAGAZI OF NH-248A ON EPC MODE IN THE STAT - [N24001867,174.34,174.34,104.08,2022.0,2024.0,,0,,0,2.0,0.0
ROAD TRANSPORT AND HIGHWAYS,CONSTRUCTION OF NEW FOUR LANE BYPASS TO PARBHANI CITY (PARWA TO ASOLA) KM 463/265 TO KM 481/180 (DES - [N24001882,496.64,496.64,,2022.0,2024.0,,0,,0,2.0,0.0
ROAD TRANSPORT AND HIGHWAYS,2LPS OF CHAPRATHIPALEM TO LAMBASINGI SECTION OF NH 516E - [N24001958,311.22,311.22,100.84,2020.0,2024.0,,0,,0,4.0,0.0
ROAD TRANSPORT AND HIGHWAYS,UPGRADATION OF NH 130A MUNGELI TO PONDI FROM NH KM. 51.600 TO KM. 77.870 KM. 80.970 TO 96.970 TO 2 - [N24001920,218.57,218.57,79.94,2021.0,2024.0,,0,,0,3.0,0.0
ROAD TRANSPORT AND HIGHWAYS,WIDENING TO 4 LANE FROM KM. 133.00 TO 158.04 (DESIGN CHAINAGE KM. 130.88 TO 155.145) (SHIRUR CROSS T - [N24001941,350.69,350.69,,2023.0,2025.0,,0,,0,2.0,0.0
ROAD TRANSPORT AND HIGHWAYS,"CONSTRUCTION OF MIHONA BYPASS, LAHAR BYPASS, DABOH BYPASS and BHANDER BYPASS (TOTAL LENGTH 20.60 KM) - [N24001962",179.19,179.19,75.37,2022.0,2024.0,,0,,0,2.0,0.0
ROAD TRANSPORT AND HIGHWAYS,NH 167 B KADAPA NELLORE BORDER TO CSPURAM I.E. FROM KM 58.635 TO KM 99.409 - [N24001952,285.5,285.5,85.84,2022.0,2025.0,,0,,0,3.0,0.0
ROAD TRANSPORT AND HIGHWAYS,2,4.0,5.0,6.0,,,,0,,0,,0.0
ROAD TRANSPORT AND HIGHWAYS,BALANCE WORK OF CONSTRUCTION OF TWO/FOUR LANE WITH PAVED SHOULDER FROM KM 422.000 TO 523.600 ( CHITR - [N24002011,516.96,516.96,,2021.0,2024.0,,0,,0,3.0,0.0
ROAD TRANSPORT AND HIGHWAYS,MULAKALACHERUVU TO MADANAPALLE SECTION OF NH42 FROM KM 202.050 TO KM 245.640 EXCLUDING RETAINED STRE - [N24001933,480.1,480.1,443.87,2021.0,2024.0,,0,,0,3.0,0.0
ROAD TRANSPORT AND HIGHWAYS,IMPROVEMENT AND UP-GRADATION TO TWO LANE WITH PAVED SHOULDER CONFIGURATION FROM EXISTING KM. 420.00 - [N24002121,509.65,509.65,109.01,2022.0,2025.0,,0,,0,3.0,0.0
ROAD TRANSPORT AND HIGHWAYS,CONSTRUCTION OF MANGALDOI BYPASS (NH-15) STARTING AT CH 26+400 AND TERMINATING AT CH 41+505 UNDER RA - [N24001840,535.03,535.03,,2022.0,2025.0,,0,,0,3.0,0.0
ROAD TRANSPORT AND HIGHWAYS,"STRENGTHING AND WIDINING OF EXISTING CARRIAGEWAY TO 10 M IN KM, 156/160 TO 229/160 (TEMBHURNI - KUSL - [N24001909",157.72,157.72,55.38,2021.0,2024.0,,0,,0,3.0,0.0
ROAD TRANSPORT AND HIGHWAYS,REHABILITATION AND UP-GRADATION OF SABALKHED TO ASHTI SECTION FROM KM 37+900 TO KM 55+100 AND CHINCH - [N24001902,213.32,213.32,20.0,2022.0,2024.0,,0,,0,2.0,0.0
ROAD TRANSPORT AND HIGHWAYS,DEVELOPMENT/WIDENING OF TALEGAON – CHAKAN – SHIKRAPUR – NHAVARA SECTION OF NH 548DG (NHAVARA TO CHOU - [N24001886,304.68,304.68,97.09,2022.0,2024.0,,0,,0,2.0,0.0
ROAD TRANSPORT AND HIGHWAYS,CONSTRUCTION OF 4 LANE ROB WITH APPROACHES IN LIEU OF LC NO. RV-172 AT KM 176.00 OF NH-201 (PRESENT - [N24001865,324.09,324.09,66.7,2021.0,2025.0,,0,,0,4.0,0.0
ROAD TRANSPORT AND HIGHWAYS,UKHRUL TOLOI TADUBI PKG-2 - [N24002131,578.98,578.98,,2023.0,2026.0,,0,,0,3.0,0.0
ROAD TRANSPORT AND HIGHWAYS,4 LANE WITH PAVED SHOULDER AGARTALA BYPASS (WESTERN SIDE) CONNECTING NH-8 - [N24002132,2026.05,2026.05,,2023.0,2027.0,,0,,0,4.0,0.0
ROAD TRANSPORT AND HIGHWAYS,WIDENING AND UPGRADATION TO TWO LANES WITH PAVED SHOULDERS ROAD FROM TAMENGLONG TO MAHUR (NH-137) IN - [N24001970,860.37,860.37,235.45,2023.0,2025.0,,0,,0,2.0,0.0
ROAD TRANSPORT AND HIGHWAYS,IMPROVEMENT AND WIDENING TO 2-LANE WITH EARTHEN PAVED SHOULDER FROM UDAIPUR TO SRIMANTAPUR - [N24001914,195.95,195.95,,2023.0,2024.0,,0,,0,1.0,0.0
ROAD TRANSPORT AND HIGHWAYS,2 LANE WITH PAVED SHOULDER FROM KM 27+150 (GOLAI GAON) TO KM 47+682 (LEDO) ON EXISTING DIBRUGARH TO - [N24002026,643.42,643.42,64.03,2023.0,2025.0,,0,,0,2.0,0.0
ROAD TRANSPORT AND HIGHWAYS,CONSTRUCTION OF 2-LANING WITH HARD SHOULDER ROAD OF UKHRUL - TOLOI - TADUBI SECTION OF NH-102A FROM - [N24001974,315.56,315.56,33.31,2021.0,2025.0,,0,,0,4.0,0.0
ROAD TRANSPORT AND HIGHWAYS,CONSTRUCTION OF 2 LANE WITH HARD SHOULDER FROM DESIGN CHAINAGE KM 283.000 TO KM 325.440 (5- LEGGED J - [N24001475,605.36,605.36,172.28,2022.0,2024.0,,0,,0,2.0,0.0
ROAD TRANSPORT AND HIGHWAYS,DIBRUGARH-LAHOAL-CHABUA BYPASS PACKAGE-3 - [N24001832,458.59,458.59,110.19,2023.0,2025.0,,0,,0,2.0,0.0
ROAD TRANSPORT AND HIGHWAYS,JAMMU - AKHNOOR SECTION OF NH 144A PKG-3B - [N24001833,198.28,198.28,42.85,2022.0,2025.0,,0,,0,3.0,0.0
ROAD TRANSPORT AND HIGHWAYS,2,4.0,5.0,6.0,,,,0,,0,,0.0
ROAD TRANSPORT AND HIGHWAYS,CONSTRUCTION OF (I) CONNECTING ROAD FROM Z-MORH TUNNEL TO ZOJILA TUNNEL AND (II) 14.150 KM LONG BI-D - [N24001256,6808.69,6808.69,3013.84,2020.0,2026.0,,0,,0,6.0,0.0
ROAD TRANSPORT AND HIGHWAYS,2 LANING FROM MANU-SIMLUNG PKG-2 - [N24001542,456.88,456.88,90.15,2022.0,2025.0,,0,,0,3.0,0.0
ROAD TRANSPORT AND HIGHWAYS,WIDENING TO 2 LANE WITH HARD SHOULDER OF AKEGWO- AVANGKHU SECTION OF NH-202K FOR PACKAGE-I (DESIGN CH - [N24001976,430.24,430.24,23.38,2022.0,2026.0,,0,,0,4.0,0.0
ROAD TRANSPORT AND HIGHWAYS,BILASIPURA-GUWAHATI ROAD PKG-9 - [N24002022,1000.27,1000.27,192.38,2023.0,2026.0,,0,,0,3.0,0.0
ROAD TRANSPORT AND HIGHWAYS,BILASIPURA-GUWAHATI ROAD PKG-10 - [N24002023,1264.9,1264.9,245.59,2023.0,2026.0,,0,,0,3.0,0.0
ROAD TRANSPORT AND HIGHWAYS,SILCHAR VAIRENGTE SAIRANG ROAD PKG-1 - [N24002127,1256.9,1256.9,,2023.0,2026.0,,0,,0,3.0,0.0
ROAD TRANSPORT AND HIGHWAYS,WIDENING/IMPROVEMENT TO 4-LANE WITH PAVED SHOULDER FROM KM 27+701 (SIMEN CHAPORI) TO KM 55+000 (NAG - [N24001973,562.05,562.05,117.62,2023.0,2026.0,,0,,0,3.0,0.0
ROAD TRANSPORT AND HIGHWAYS,BILASIPURA-GUWAHATI ROAD PKG-8 - [N24002021,1457.59,1457.59,209.21,2023.0,2026.0,,0,,0,3.0,0.0
ROAD TRANSPORT AND HIGHWAYS,4-L DHUBRI PHULBARI BRIDGE WITH APPROACH ROAD - [N24001326,4997.04,4997.04,1924.72,2020.0,2028.0,,0,,0,8.0,0.0
ROAD TRANSPORT AND HIGHWAYS,2 LANE WITH PAVED SHOULDER FROM KM 16+900 (BOGAPANI) TO KM 27+150 (GOLAI GAON) ON EXISTING DIBRUGARH - [N24002025,356.65,356.65,103.86,2023.0,2025.0,,0,,0,2.0,0.0
ROAD TRANSPORT AND HIGHWAYS,PEREN-DIMAPUR PKG-3 - [N24001912,177.77,199.02,7.98,2021.0,2025.0,,0,,0,4.0,0.0
ROAD TRANSPORT AND HIGHWAYS,WIDENING TO 2 LANE WITH HARD SHOULDER OF AKEGWO- AVANGKHU SECTION OF NH-202K FOR PACKAGE-II (DESIGN C - [N24001977,442.54,442.54,7.11,2022.0,2026.0,,0,,0,4.0,0.0
ROAD TRANSPORT AND HIGHWAYS,FOUR LANNING OF BADARPUR BYPASS FROM DESIGN CHAINAGE KM 27+300 AT CROSSING WITH NH-6 - [N24002129,574.26,574.26,,2023.0,2026.0,,0,,0,3.0,0.0
ROAD TRANSPORT AND HIGHWAYS,AKASH BRIDGE - JESSAMI SECTION PKG-2 - [N24001540,152.11,152.11,35.66,2022.0,2025.0,,0,,0,3.0,0.0
ROAD TRANSPORT AND HIGHWAYS,FOUR LANING OF JAMMU-AKHNOOR PKG-1 - [N24001543,245.34,245.34,37.06,2022.0,2025.0,,0,,0,3.0,0.0
ROAD TRANSPORT AND HIGHWAYS,WIDENING TO 2 LANE WITH HARD SHOULDER OF AKEGWO- AVANGKHU SECTION OF NH-202K FOR PACKAGE-III (DESIGN - [N24001978,497.18,497.18,31.67,2022.0,2026.0,,0,,0,4.0,0.0
ROAD TRANSPORT AND HIGHWAYS,SILCHAR VAIRENGTE SAIRANG ROAD PKG-2 - [N24002128,1716.21,1716.21,,2023.0,2026.0,,0,,0,3.0,0.0
ROAD TRANSPORT AND HIGHWAYS,FOUR LANING OF SRIRAMPUR-DHUBRI PKG-2 - [N24001544,909.02,909.02,342.08,2022.0,2025.0,,0,,0,3.0,0.0
ROAD TRANSPORT AND HIGHWAYS,WIDENING AND UPGRADATION TO TWO LANES WITH PAVED SHOULDERS ROAD FROM TAMENGLONG TO MAHUR (NH-137) I - [N24001969,904.04,904.04,252.66,2023.0,2025.0,,0,,0,2.0,0.0
ROAD TRANSPORT AND HIGHWAYS,WIDENING/IMPROVEMENT TO 4-LANE WITH PAVED SHOULDER FROM KM 0+800 (KANDULIJAN GAON) TO KM 27+701 (SI - [N24001972,609.16,609.16,129.87,2023.0,2026.0,,0,,0,3.0,0.0
ROAD TRANSPORT AND HIGHWAYS,2,4.0,5.0,6.0,,,,0,,0,,0.0
ROAD TRANSPORT AND HIGHWAYS,WIDENING AND UPGRADATION TO TWO LANES WITH PAVED SHOULDERS ROAD FROM TAMENGLONG TO MAHUR (NH-137) IN - [N24001971,890.33,890.33,284.37,2023.0,2025.0,,0,,0,2.0,0.0
ROAD TRANSPORT AND HIGHWAYS,LMPHAL TO JIRIBAM PKG-7 - [N24002028,760.16,760.16,51.71,2023.0,2025.0,,0,,0,2.0,0.0
ROAD TRANSPORT AND HIGHWAYS,DABOKA BYPASS OF DABOKA - PAROKHAOWA PKG -1 - [N24002024,516.88,516.88,99.57,2023.0,2025.0,,0,,0,2.0,0.0
ROAD TRANSPORT AND HIGHWAYS,TAMENGLONG- MAHUR ROAD PKG-7 - [N24002130,846.82,846.82,,2023.0,2026.0,,0,,0,3.0,0.0
ROAD TRANSPORT AND HIGHWAYS,"6L FLYOVER AT BORAGAON, GORCHUK, LOKHRA AND BASISTHA JUNCTION ON GUWAHATI BYPASS SECTION FROM KM 146 - [N24001432",300.0,300.0,294.62,2021.0,2024.0,,0,,0,3.0,0.0
ROAD TRANSPORT AND HIGHWAYS,6L ACCESS CONTROLLED GREENFIELD HIGHWAY FROM NARAYANMPET (CH. 203+500) TO CHANDRASEKHARPURAM (CH. 22 - [N24002122,813.66,813.66,11.72,2024.0,2026.0,,0,,0,2.0,0.0
ROAD TRANSPORT AND HIGHWAYS,4L OF CHANDESARA TO KHEDAKHAJURIYA FROM KM. 0.000 TO (-) 750 AND KM 0.000 TO KM 41.400 OF NH-752D - [N24001759,909.84,909.84,383.81,2020.0,2024.0,,0,,0,4.0,0.0
ROAD TRANSPORT AND HIGHWAYS,4/6L ACCESS CONTROL EXPRESSWAY FROM DESIGN CHAINAGE KM 515.000 TO 528.300 (KUNJWANI TO SIDHRA SECTIO - [N24002061,2474.47,2675.93,578.62,2022.0,2025.0,,0,,0,3.0,0.0
ROAD TRANSPORT AND HIGHWAYS,6-LANE AMRITSAR-BATHINDA GREENFIELD SECTION OF NH- 754A FROM JUNCTION WITH MOGA JALANDHAR ROAD (NH-70 - [N24002092,1801.37,1801.37,653.74,2021.0,2025.0,,0,,0,4.0,0.0
ROAD TRANSPORT AND HIGHWAYS,4L OF MADANAPALLE TO PILERU SECTION FROM KM 0.000 TO KM 55.900 OF NH-71(PACKAGE-I) - N/05060/01002/A - [N24001823,1852.12,1787.0,471.8,2022.0,2025.0,,0,,0,3.0,0.0
ROAD TRANSPORT AND HIGHWAYS,DEVELOPMENT OF SIX LANE BASANWAHI-MARANGPURI OF NH 130 CD FROM KM.99+500 TO 124+661 UNDER RAIPUR VIS - [N24002017,1307.16,1307.16,65.25,2022.0,2025.0,,0,,0,3.0,0.0
ROAD TRANSPORT AND HIGHWAYS,CONSTRUCTION OF SIX LANING OF NAIDUPETA JUNCTION - TURPUKANUPUR SECTION FROM KM.57+046 TO KM.91+927 - [N24001981,1398.84,1398.84,58.68,2022.0,2025.0,,0,,0,3.0,0.0
ROAD TRANSPORT AND HIGHWAYS,4L POANTA SAHEB–MEDNIPUR FROM KM. 435.65 TO KM. 458.65 OF NH-07(PKG-1) - [N24001990,524.54,683.26,74.74,2022.0,2025.0,,0,,0,3.0,0.0
ROAD TRANSPORT AND HIGHWAYS,SIX LANING FROM THALIKULAM TO KODUNGALLUR SECTION OF NH – 66 (OLD NH-17) FROM DESIGN CH.369+015 (EX. - [N24001656,2595.0,3994.6,2916.74,2021.0,2025.0,,0,,0,4.0,0.0
ROAD TRANSPORT AND HIGHWAYS,4L OF MO - SIHUNI FROM KM. 42.00 TO KM. 51.00 OF OLD NH- 20 (NEW NH-154) (PACKAGE-IB) - [N24001811,583.93,653.67,126.12,2021.0,2024.0,,0,,0,3.0,0.0
ROAD TRANSPORT AND HIGHWAYS,6L OF VARADHARAJULA TO KUMARAJAPET FROM KM 0.000 TO KM 43.800 OF NH-716B (PKG-I) - [N24001820,1484.83,1768.0,824.83,2021.0,2024.0,,0,,0,3.0,0.0
ROAD TRANSPORT AND HIGHWAYS,4L FROM MATHURA BYPASS (START) AT EXISTING KM. 154.20 OF NH-44 TO GAJU VILLAGE AT KM 32.982 OF NH-53 - [N24001851,1738.2,1738.2,702.75,2022.0,2025.0,,0,,0,3.0,0.0
ROAD TRANSPORT AND HIGHWAYS,FOUR LANING OF BHOGU TO SANKHA FROM KM 147.450 TO KM 196.870 ON NH-75 PKG SEC-III - [N24002054,1390.77,1600.0,130.88,2022.0,2025.0,,0,,0,3.0,0.0
ROAD TRANSPORT AND HIGHWAYS,CONSTRUCTION OF 6-LANE GREENFIELD KARNAL RING ROAD STARTING FROM NH-44 NEAR VILLAGE SHAMGARH (DESIGN - [N24002038,1691.45,1998.0,590.37,2022.0,2025.0,,0,,0,3.0,0.0
ROAD TRANSPORT AND HIGHWAYS,2,4.0,5.0,6.0,,,,0,,0,,0.0
ROAD TRANSPORT AND HIGHWAYS,6L ACCESS CONTROLLED GREENFIELD HIGHWAY FROM YERRAGUDIPADU 129.000 KM. TO AUDIREDDIPALLE 160.000 KM. - [N24001846,1200.42,1200.42,57.34,2023.0,2025.0,,0,,0,2.0,0.0
ROAD TRANSPORT AND HIGHWAYS,FOUR LANING OF MUGAIYUR TO MARAKKANAM SECTION OF NH-332A FROM KM 31.000 TO KM 62.000 - [N24002111,825.94,1116.13,51.76,2019.0,2025.0,,0,,0,6.0,0.0
ROAD TRANSPORT AND HIGHWAYS,4L OF RATNAGIRI - KOLHAPUR SECTION FROM KM 112.340 TO KM 145.300 OF NH-166 (PKG–III) - [N24001835,986.0,986.0,320.65,2023.0,2025.0,,0,,0,2.0,0.0
ROAD TRANSPORT AND HIGHWAYS,4L OF HP/PUNJAB BO4L OF HP/PUNJAB BORDER - MO FROM KM. 11.00 TO KM. 42.00 OF OLD NH-20 (NEW NH-154) - [N24001812,1002.11,1361.79,159.19,2021.0,2024.0,,0,,0,3.0,0.0
ROAD TRANSPORT AND HIGHWAYS,6L ACCESS CONTROLLED GREENFIELD HIGHWAY FROM POLAVARAM (CH. 260+000) TO MARRIPUDI (CH. 285+500) OF [ - [N24002124,747.29,747.29,42.83,2024.0,2026.0,,0,,0,2.0,0.0
ROAD TRANSPORT AND HIGHWAYS,REHABILITATION AND UP-GRADATION OF EXISTING ROAD TO 2L PS FROM END OF HAMIRPUR BYPASS (NEAR CHILBAHA - [N24002052,1146.19,1146.19,841.69,2022.0,2025.0,,0,,0,3.0,0.0
ROAD TRANSPORT AND HIGHWAYS,COMPLETION OF BALANCE WORKS PENDING IN BIT AND PIECES (INCOMPLETE STRETCH AT 7 LOCATIONS) AND LISTED - [N24002103,166.52,166.52,43.74,2022.0,2025.0,,0,,0,3.0,0.0
ROAD TRANSPORT AND HIGHWAYS,4L GREENFIELD RUDHI TO DESHGAON (PKG V OF BETUL- KHANDWA/DESHGAON) - N/04015/06003/MP - [N24001967,521.21,521.21,52.23,2018.0,2025.0,,0,,0,7.0,0.0
ROAD TRANSPORT AND HIGHWAYS,FOUR LANING OF AURANGABAD-PAITHAN SECTION OF NH- 752E ON EPC MODE IN THE STATE OF MAHARASHTRA . - [N24001795,490.4,289.0,191.13,2022.0,2024.0,,0,,0,2.0,0.0
ROAD TRANSPORT AND HIGHWAYS,CONSTRUCTION OF FOUR LANE HIGHWAY FROM GHAZIPUR BALLIA UP BIHAR STATE BORDER GREENFIELD SECTION OF N - [N24002089,617.87,617.87,21.73,2022.0,2025.0,,0,,0,3.0,0.0
ROAD TRANSPORT AND HIGHWAYS,"6L STANDALONE FLYOVERS AT BONGAIGAON, CHAPAGURI, PATHSALA, SIMLAGURI CHOWK AND BAIHATA BYPASS JUNCTI - [N24001548",457.72,457.72,216.55,2022.0,2024.0,,0,,0,2.0,0.0
ROAD TRANSPORT AND HIGHWAYS,CONSTRUCTION OF FOUR LANE HIGHWAY FORM GHAZIPUR BALLIA UP BIHAR STATE BORDER (GREENFIELD) SECTION OF - [N24002086,1706.47,1706.47,571.79,2022.0,2025.0,,0,,0,3.0,0.0
ROAD TRANSPORT AND HIGHWAYS,6 L OF AURANGABAD TO BIHAR-JHARKHAND BORDER (CHORDAHA) SECTION FROM KM. 180.000 TO KM. 209.827 OF N - [N24001703,786.81,787.0,,2022.0,2025.0,,0,,0,3.0,0.0
ROAD TRANSPORT AND HIGHWAYS,2L NH-1 FROM KM 8.660 TO KM 33.775 (SUMBAL TO WAYUL) TO 4L DUAL CARRIAGEWAY NH STANDARD AS PART OF S - [N24002059,1183.6,1183.6,71.42,2022.0,2026.0,,0,,0,4.0,0.0
ROAD TRANSPORT AND HIGHWAYS,4L OF THIRUMANGALAM TO VADUGAPATTI SECTION FROM KM 0.000 TO KM 36.000 OF NH-744 - [N24002084,1076.97,1076.97,267.12,2022.0,2025.0,,0,,0,3.0,0.0
ROAD TRANSPORT AND HIGHWAYS,6L ACCESS CONTROLLED GREENFIELD HIGHWAY OF JUNCTION OF EPE (VILL.-MAVIKALAN) TO VILL.-LOHADDA FROM K - [N24001733,1602.48,1602.48,300.41,2022.0,2024.0,,0,,0,2.0,0.0
ROAD TRANSPORT AND HIGHWAYS,CONSTRUCTION OF TWIN TUBE TUNNELS ON JAMMU KASHMIR RING ROAD (NH-244A) BETWEEN DESIGN CH. 50+600 TO - [N24001926,939.86,939.86,177.75,2023.0,2025.0,,0,,0,2.0,0.0
ROAD TRANSPORT AND HIGHWAYS,6L OF IT CITY CHOWK TO KURALI CHANDIGARH ROAD - [N24001631,1525.31,1525.31,245.0,2021.0,2024.0,,0,,0,3.0,0.0
ROAD TRANSPORT AND HIGHWAYS,2,4.0,5.0,6.0,,,,0,,0,,0.0
ROAD TRANSPORT AND HIGHWAYS,"4L OF KM.165.092 TO KM.171.855 (NORTH BOUND) AND FROM KM.166.895 TO KM.173.638 (SOUTH BOUND), EXCL. - [N24001621",614.48,614.48,121.18,2021.0,2024.0,,0,,0,3.0,0.0
ROAD TRANSPORT AND HIGHWAYS,2L PS SRIGANGANAGAR TO RAISINGHNAGAR (DESIGN CHAINAGE -0.500 KM TO DESIGN CHAINAGE 101.000 KM) (PACK - [N24001559,672.35,672.35,345.31,2021.0,2024.0,,0,,0,3.0,0.0
ROAD TRANSPORT AND HIGHWAYS,SIX LANE ACCESS CONTROLLED OF DELHI SAHARANPUR HIGHWAY FROM AKSHARDHAM NH 9 JUNCTION TO DELHI UP BOR - [N24001771,1479.22,1479.22,1491.26,2020.0,2024.0,,0,,0,4.0,0.0
ROAD TRANSPORT AND HIGHWAYS,CONSTRUCTION OF NEW DOUBLE TIER 4L ELEVATED CORRIDOR FROM CHENNAI PORT TO MADURAVOYAL IN CHENNAI DIS - [N24002109,1301.37,1301.37,,2023.0,2026.0,,0,,0,3.0,0.0
ROAD TRANSPORT AND HIGHWAYS,CONSTRUCTION OF NEW DOUBLE TIER 4L ELEVATED CORRIDOR FROM CHENNAI PORT TO MADURAVOYAL IN CHENNAI DIS - [N24002110,1207.4,1207.4,,2023.0,2026.0,,0,,0,3.0,0.0
ROAD TRANSPORT AND HIGHWAYS,4L OF EXISTING BEAS – BABA BAKALA - DERA BABA NANAK SECTION FROM START OF BATALA BYPASS TILL INTERSE - [N24002100,1003.38,1003.38,199.03,2021.0,2025.0,,0,,0,4.0,0.0
ROAD TRANSPORT AND HIGHWAYS,4L OF INDORA CHOWK TO PACHPAOLI AND AGRASEN CHOWK - ASHOKA CHOWK - [N24002071,998.27,998.27,58.53,2023.0,2026.0,,0,,0,3.0,0.0
ROAD TRANSPORT AND HIGHWAYS,6L ACCESS CONTROL GREENFIELD HIGHWAY OF VILL- KARAUNDA MAHAJAN TO VILL-KHYAWARI FROM KM. 56.500 TO K - [N24001736,1159.96,1159.96,493.94,2022.0,2024.0,,0,,0,2.0,0.0
ROAD TRANSPORT AND HIGHWAYS,BALANCE WORK OF 2L PS FROM KM 30.800 TO 70.800 AND 2L WITH RIGID CARRIAGEWAY FROM 70.800 TO KM 84.12 - [N24001677,226.76,226.76,14.68,2022.0,2024.0,,0,,0,2.0,0.0
ROAD TRANSPORT AND HIGHWAYS,IMPROVEMENT OF EXISTING ALIGNMENT OF PANDHARPUR TOWN PART BYPASSED SECTION FROM WAKHARI TO LORD VITT - [N24002072,150.21,150.21,7.11,2022.0,2025.0,,0,,0,3.0,0.0
ROAD TRANSPORT AND HIGHWAYS,CONSTRUCTION OF NEW 4 LANE PRAYAGRAJ SOUTHERN BYPASS (PHASE-I) FROM DESIGN KM 43+200 (AT MAHUWARI VI - [N24002105,1378.36,739.0,11.58,2023.0,2026.0,,0,,0,3.0,0.0
ROAD TRANSPORT AND HIGHWAYS,CONSTRUCTION OF 6 LANE ELEVATED CORRIDOR ALONG WITH DEVELOPMENT OF EXISTING 4 LANE ROAD AT GROUND LE - [N24001648,2429.52,2429.52,406.39,2022.0,2026.0,,0,,0,4.0,0.0
ROAD TRANSPORT AND HIGHWAYS,DELHI AMRITSAR KATRA EXPRESSWAY PHASE I SPUR III FROM JUNCTION WITH AMRITSAR JALANDHAR ROAD NH3 NEAR - [N24001641,1641.75,1641.75,164.43,2021.0,2024.0,,0,,0,3.0,0.0
ROAD TRANSPORT AND HIGHWAYS,STRENGTHENING OF EXISTING 4L AYODHYA BYPASS SECTION FROM DESIGN KM.121.600 TO KM. 144.020 OF NH 28 ( - [N24002097,526.45,526.45,78.65,2023.0,2025.0,,0,,0,2.0,0.0
ROAD TRANSPORT AND HIGHWAYS,6L OF AGRA BYPASS (NORTHERN) CONNECTING KM. 174.500 OF NH-2 (NEW NH-19) TO KM. 141.000 OF YAMUNA EXP - [N24001852,957.62,957.62,571.82,2021.0,2025.0,,0,,0,4.0,0.0
ROAD TRANSPORT AND HIGHWAYS,ACCESS ROAD/BRIDGE CONNECTIVITY FROM NH-09 AT KM.40 NEAR JAGBUDA BRIDGE (INDIA) TO BOUNDARY PILLAR - [N24001991,314.31,314.31,121.75,2022.0,2024.0,,0,,0,2.0,0.0
ROAD TRANSPORT AND HIGHWAYS,CONSTRUCTION OF ADDITIONAL 3 LANE WITH PAVED SHOULDER (DESIGN LENGTH 8.87 KM) AS REALIGNMENT OF BAKA - [N24002069,209.29,209.29,86.1,2022.0,2024.0,,0,,0,2.0,0.0
ROAD TRANSPORT AND HIGHWAYS,INDORE - HARDA (PKG-I) [INDORE TO RAGHAV GARH FROM KM. 0.25 TO KM. 26.903] - [N24001766,1011.29,1011.29,121.99,2022.0,2024.0,,0,,0,2.0,0.0
ROAD TRANSPORT AND HIGHWAYS,2,4.0,5.0,6.0,,,,0,,0,,0.0
ROAD TRANSPORT AND HIGHWAYS,4L SUNDER NAGAR BYPASS FROM KM173.900 TO KM 179.600 OF NH-21 IN THE STATE OF HP - [N24001810,190.6,163.0,103.48,2022.0,2024.0,,0,,0,2.0,0.0
ROAD TRANSPORT AND HIGHWAYS,FOUR LANING OF LEFT OVER WORKS OF HOSPET BELLARY KARNATAKA/ AP BORDER FROM KM.280.080 TO KM. 375.450 - [N24001989,830.28,830.28,348.55,2023.0,2025.0,,0,,0,2.0,0.0
ROAD TRANSPORT AND HIGHWAYS,4L OF HARDA - BETUL (PKG-II) FROM KM. 30.00 TO KM.81.00 [TEMAGAON TO CHICHOLI] - [N24001761,520.28,520.28,309.38,2023.0,2025.0,,0,,0,2.0,0.0
ROAD TRANSPORT AND HIGHWAYS,CONSTRUCTION OF RING ROAD AROUND KANPUR FROM KM.000 TO KM. 23.325 (CHACHENDI SACHENDI I TO MAHARAJPU - [N24002104,1754.0,1754.0,180.55,2023.0,2026.0,,0,,0,3.0,0.0
ROAD TRANSPORT AND HIGHWAYS,IMPROVEMENT OF GEOMETRICS OF THONDUPALLY TO KOTHUR FROM KM 22.300 TO KM 34.14 OF NH-44-RCW - [N24002082,541.58,541.58,20.82,2022.0,2024.0,,0,,0,2.0,0.0
ROAD TRANSPORT AND HIGHWAYS,6L ACCESS CONTROL GREENFIELD HIGHWAY OF VILL- KHYAWARI TO VILL-LATIFPUR AT SAHARANPUR BYPASS FROM KM - [N24001735,1428.19,1428.19,368.73,2022.0,2024.0,,0,,0,2.0,0.0
ROAD TRANSPORT AND HIGHWAYS,CONSTRUCTION OF FOUR LANE HIGHWAY FROM GHAZIPUR BALLIA UP BIHAR STATE BORDER (GREENFIELD) SECTION OF - [N24002087,1493.14,1493.14,0.76,2022.0,2025.0,,0,,0,3.0,0.0
ROAD TRANSPORT AND HIGHWAYS,6L OF KAGAL-SATARA SECTION FROM KM 592.240 TO KM 658.000 OF NH-48 (PKG-I) - [N24001546,1025.2,1025.2,619.09,2023.0,2025.0,,0,,0,2.0,0.0
ROAD TRANSPORT AND HIGHWAYS,BALANCE WORKS OF FOUR LANE FROM KM 43+950 (THIRUVALLUR BYPASS) TO KM 61+470 (VEPPAMPATTU BYPASS) PAS - [N24001692,467.99,468.0,18.83,2022.0,2024.0,,0,,0,2.0,0.0
ROAD TRANSPORT AND HIGHWAYS,4L OF END OF PINJORE BYPASS - BADDI - NALAGARH SECTION (KM. 4.200 TO KM. 35.370) OF NH21A - [N24001813,1692.05,1692.05,942.14,2021.0,2024.0,,0,,0,3.0,0.0
ROAD TRANSPORT AND HIGHWAYS,SPUR OF MEERUT-GARH-MUKTESHWAR SECTION(NH-709A) CONNECTING NH-119 AND NH-58 BYPASSING MEERUT TOWN - [N24001754,953.79,953.79,384.66,2022.0,2024.0,,0,,0,2.0,0.0
ROAD TRANSPORT AND HIGHWAYS,CONSTRUCTION OF LEFT OUT PORTION OF AGRA INNER RING ROAD CONNECTING VILLAGE DEORI TO NH-44 VILLAGE B - [N24001853,772.05,772.05,530.57,2021.0,2024.0,,0,,0,3.0,0.0
ROAD TRANSPORT AND HIGHWAYS,WIDENING OF RAEBARELI TO PRAYAGRAJ SECTION FROM KM. 82.650 TO KM. 161.450 OF NH-30 AND LINK ROAD FRO - [N24002085,1470.93,1470.93,69.56,2023.0,2025.0,,0,,0,2.0,0.0
ROAD TRANSPORT AND HIGHWAYS,4L OF LEFT-OVER WORKS INCLUDING ADDITIONAL STRUCTURES FROM KERALA/TAMIL NADU BORDER TO KANYAKUMARI S - [N24002113,1141.78,1141.78,60.29,2023.0,2025.0,,0,,0,2.0,0.0
ROAD TRANSPORT AND HIGHWAYS,PERMANENT RECTIFICATION OF 3 NOS. OF BLACK SPOTS IN PROJECT HIGHWAY NH-27 OF U.P BORDER - DEWAPUR - - [N24002064,381.8,381.8,,2022.0,2025.0,,0,,0,3.0,0.0
ROAD TRANSPORT AND HIGHWAYS,WIDENING/DEVELOPMENT OF EXISTING NH-85 FROM KM 0.000 TO KM 124.636 SECTION TO 2L/@L+PS SECTION IN TH - [N24002074,1231.74,1231.74,65.04,2022.0,2025.0,,0,,0,3.0,0.0
ROAD TRANSPORT AND HIGHWAYS,2- LANE WITH PAVED SHOULDERS OF HINOTIYA TO MEHULWA FROM DESIGN KM 27+000 9OF EXISTING SH-19 KM 26+5 - [N24001921,581.65,581.65,96.3,2021.0,2025.0,,0,,0,4.0,0.0
ROAD TRANSPORT AND HIGHWAYS,6L ACCESS CONTROL GREENFIELD HIGHWAY OF VILL- LOHADDA TO VILL-KARAUNDA MAHAJAN FROM KM. 27.000 TO KM. - [N24001734,1335.45,1335.45,306.0,2022.0,2024.0,,0,,0,2.0,0.0
ROAD TRANSPORT AND HIGHWAYS,2,4.0,5.0,6.0,,,,0,,0,,0.0
ROAD TRANSPORT AND HIGHWAYS,DELHI-AMRITSAR-KATRA EXPRESSWAY (PHASE-I SPUR-I) FROM JN. WITH KAPURTHALA - SULTANPUR LODHI ROAD (NH - [N24002102,2165.23,2165.23,94.12,2020.0,2026.0,,0,,0,6.0,0.0
ROAD TRANSPORT AND HIGHWAYS,BALANCE WORK OF 4L OF NARIMBANGLO–JATINGA JUNCTION- HARANGAJO ROAD SECTION FROM KM 0.000 TO KM 49.23 - [N24001547,1909.98,1909.98,380.63,2022.0,2026.0,,0,,0,4.0,0.0
ROAD TRANSPORT AND HIGHWAYS,4/6L GREENFIELD LUDHIANA RUPNAGAR HIGHWAY FROM JUNCTION WITH NE 05 VILLAGR NEAR TO MANEWAL (LUDHIANA - [N24001630,1501.02,1501.02,247.0,2021.0,2025.0,,0,,0,4.0,0.0
ROAD TRANSPORT AND HIGHWAYS,6L AMRITSAR BATHINDA GREENFIELD SECTION FROM VILLAGE TIBA ON NE 5A TO JN. WITH MOGA JALANDHAR ROAD N - [N24001640,1229.38,1229.38,632.9,2021.0,2024.0,,0,,0,3.0,0.0
ROAD TRANSPORT AND HIGHWAYS,4L OF RATNAGIRI - KOLHAPUR SECTION OF NH-166 FROM KM 0.000 TO KM 19.769 AND KM 31.000 TO KM 67.140 ( - [N24001495,930.0,930.0,507.13,2022.0,2024.0,,0,,0,2.0,0.0
ROAD TRANSPORT AND HIGHWAYS,KHAMMAM-DEVARAPALLE PKG I [4L ACCESS CONTROLLED (GREENFIELD) FROM THALLAMPADU VILLAGE TO SOMAVARAM - [N24001482,772.11,772.11,424.49,2022.0,2024.0,,0,,0,2.0,0.0
ROAD TRANSPORT AND HIGHWAYS,6L OF MH/KN BORDER (NIMBAL VILLAGE) TO KN/TS BORDER (SINGNODI VILLAGE) FROM KM. 162.5 TO KM. 203.100 - [N24001675,1732.73,1732.73,540.34,2022.0,2025.0,,0,,0,3.0,0.0
ROAD TRANSPORT AND HIGHWAYS,REHABILITATION AND UPGRADING FROM 2 L TO 4 L FROM BHANGBAR(NEAR RANITAL) TO KANGRA BYPASS SECTION OF - [N24001808,1322.95,1442.47,656.54,2021.0,2024.0,,0,,0,3.0,0.0
ROAD TRANSPORT AND HIGHWAYS,DELHI-AMRITSAR-KATRA EXPRESSWAY (PHASE-II PKG-XIV) FROM JUNCTION WITH PATHANKOT-GURDASPUR ROAD (NH-5 - [N24001551,3044.02,3299.14,2360.26,2021.0,2024.0,,0,,0,3.0,0.0
ROAD TRANSPORT AND HIGHWAYS,UPGRADATION AND 4L OF HARIDWAR BYPASS FROM KM 0.000 (KM 188.100 OF NH-58) TO KM. 15.100 (KM 5.100 OF - [N24001526,1377.79,1377.79,679.1,2021.0,2024.0,,0,,0,3.0,0.0
ROAD TRANSPORT AND HIGHWAYS,FOUR LANING OF SONAULI GORAKHPUR SECTION OF NH 29E (NEW NH 24) FROM DESIGN CH. 0.000 TO DESIGN CH. 7 - [N24002095,2555.5,2555.5,653.92,2021.0,2025.0,,0,,0,4.0,0.0
ROAD TRANSPORT AND HIGHWAYS,6L OF PONDAVAKKAM TO KANNIGAIPAIR FROM KM 96.040 TO KM 116.100 OF NH 716B (PKG-IV) - [N24001818,818.73,1105.0,240.02,2021.0,2025.0,,0,,0,4.0,0.0
ROAD TRANSPORT AND HIGHWAYS,6L ACCESS CONTROLLED GREENFIELD HIGHWAY FROM MALLAPALLE 176.000 KM. TO KAVULAKUNTLA 196.000 KM. PACK - [N24001848,909.02,909.02,59.96,2023.0,2025.0,,0,,0,2.0,0.0
ROAD TRANSPORT AND HIGHWAYS,CONSTRUCTION OF GREENFIELD CONNECTIVITY TO JEWAR INTERNATIONAL AIRPORT FROM DND FARIDABAD BALLABHGAR - [N24002048,2414.67,2898.0,933.49,2022.0,2025.0,,0,,0,3.0,0.0
ROAD TRANSPORT AND HIGHWAYS,4L AMBALA - KALAAMB FROM KM. -0.800 TO KM. 33.015 OF OLD NH-72 - [N24002044,629.16,629.16,76.0,2023.0,2025.0,,0,,0,2.0,0.0
ROAD TRANSPORT AND HIGHWAYS,6L ACCESS CONTROLLED GREENFIELD HIGHWAY OF NANDINNE VILLAGE TO JULEKAL VILLAGE FROM KM 202.900 TO KM - [N24001626,972.06,972.06,8.38,2022.0,2025.0,,0,,0,3.0,0.0
ROAD TRANSPORT AND HIGHWAYS,6L ACCESS CONTROLLED GREENFIELD HIGHWAY OF JULEKAL VILLAGE TO DINNEDEVARAPADU VILLAGE FROM KM 242.20 - [N24001625,1227.57,1227.57,4.98,2022.0,2025.0,,0,,0,3.0,0.0
ROAD TRANSPORT AND HIGHWAYS,4L GREENFIELD ALIGNMENT OF SHIVRAMPUR TO RAMNAGAR FROM KM. 55.002 TO KM. 109.300 OF NH 119 D (PKG-I - [N24002066,1494.31,1494.31,38.28,2022.0,2025.0,,0,,0,3.0,0.0
ROAD TRANSPORT AND HIGHWAYS,2,4.0,5.0,6.0,,,,0,,0,,0.0
ROAD TRANSPORT AND HIGHWAYS,SIX LANING OF RAMANATTUKARA JUNCTION TO START OF VALANCHERY BYPASS SECTION OF NH-66 (OLD NH-17) FROM - [N24001658,4265.42,4708.42,3171.31,2021.0,2024.0,,0,,0,3.0,0.0
ROAD TRANSPORT AND HIGHWAYS,REHABILITATION AND UP GRADATION FROM 4 TO 8 LANING OF CHANDIKHOLE PARADIP SECTION OF NH 53 FROM KM. - [N24002078,711.0,711.0,35.6,2023.0,2025.0,,0,,0,2.0,0.0
ROAD TRANSPORT AND HIGHWAYS,CONSTRUCTION OF 6-LANE GREENFIELD AMBALA RING ROAD STARTING FROM JUNCTION WITH SHAMLI-AMBALA SECTION - [N24002039,1088.64,1178.0,257.03,2023.0,2025.0,,0,,0,2.0,0.0
ROAD TRANSPORT AND HIGHWAYS,6L ACCESS CONTROLLED GREENFIELD HIGHWAY FROM MARRIPUDI (CH. 285+500) TO SOMAVARAPPADU (CH. 314+600) - [N24002125,976.4,976.4,55.64,2024.0,2026.0,,0,,0,2.0,0.0
ROAD TRANSPORT AND HIGHWAYS,6L ACCESS CONTROLLED GREENFIELD HIGHWAY FROM VANKARAKUNTA 45.700 KM. TO ODULAPALLE 72.000 KM. OF NH - [N24001843,992.89,992.89,28.78,2022.0,2025.0,,0,,0,3.0,0.0
ROAD TRANSPORT AND HIGHWAYS,KANPUR LUCKNOW EXPRESSWAY PKG-1 CONSTRUCTION OF 6-LANE TO EIGHT LANE OF KANPUR LUCKNOW EXPRESSWAY (N - [N24001745,1972.1,1936.0,415.21,2021.0,2025.0,,0,,0,4.0,0.0
ROAD TRANSPORT AND HIGHWAYS,4L PS FROM KURNOOL (EXISTING KM. 5.400 OF NH-40/DESIGN KM.0.000) TO MANDLEM (EXISTING KM.38.000/DESI - [N24001982,827.39,827.39,185.65,2023.0,2025.0,,0,,0,2.0,0.0
ROAD TRANSPORT AND HIGHWAYS,4 LANING OF NH 544D FROM EXISTING KM 346.300 OF NH 44 (DESIGN CHAINAGE KM 0.000) TO KM 39.380 (DESIG - [N24001980,907.76,907.76,214.67,2022.0,2025.0,,0,,0,3.0,0.0
ROAD TRANSPORT AND HIGHWAYS,6L ACCESS CONTROLLED GREENFIELD HIGHWAY FROM CHANDRASEKHARAPURAM (CH. 228+000) TO POLAVARAM (CH. 260 - [N24002123,1292.65,1292.65,27.33,2024.0,2026.0,,0,,0,2.0,0.0
ROAD TRANSPORT AND HIGHWAYS,SIX LANING FROM KODUNGALLUR TO EDAPALLY SECTION OF NH –66 (OLD NH-17) FROM DESIGN CHAINAGE 397+750 ( - [N24001653,3565.82,3064.11,1817.56,2021.0,2025.0,,0,,0,4.0,0.0
ROAD TRANSPORT AND HIGHWAYS,BAKHTIYARPUR RAJAULI PKG-III FROM KM 101.630 TO KM 152.520 NH20 - [N24001708,2156.22,2156.22,2134.67,2020.0,2024.0,,0,,0,4.0,0.0
ROAD TRANSPORT AND HIGHWAYS,6L OF VEERA KAVERI RAJA PURAM TO PONDAVAKKAM FROM KM 61.380 TO KM 96.040 OF NH 716B (PKG-III) - [N24001819,1102.63,1303.0,626.36,2021.0,2025.0,,0,,0,4.0,0.0
ROAD TRANSPORT AND HIGHWAYS,6L OF CHITTOOR TO THATCHUR FROM KUMARAJAPET TO VEERA KAVERI RAJA PURAM FROM KM 43.800 TO KM 61.380 O - [N24001988,591.99,703.0,128.44,2021.0,2025.0,,0,,0,4.0,0.0
ROAD TRANSPORT AND HIGHWAYS,6L ACCESS CONTROLLED GREENFIELD HIGHWAY FROM ODULAPALLE 72.000 KM. TO NALLACHERUVUPALLI 96.300 KM. - [N24001844,1058.9,1058.9,55.89,2022.0,2025.0,,0,,0,3.0,0.0
ROAD TRANSPORT AND HIGHWAYS,BANGALORE CHENNAI EXPRESSWAY (PHASE-II PKG-III) FROM KM.127.000 TO KM 156.000 (BANGARUPALEM TO GUDIP - [N24001821,1137.74,1289.0,760.64,2020.0,2024.0,,0,,0,4.0,0.0
ROAD TRANSPORT AND HIGHWAYS,REHABILITATION AND UPGRADATION TO 4L CONFIGURATION and STRENGTHENING OF SIHUNI TO RAJOL FROM KM 51.0 - [N24002050,696.65,698.46,269.44,2022.0,2025.0,,0,,0,3.0,0.0
ROAD TRANSPORT AND HIGHWAYS,BHARATMALA PARIYOJANA OF BOKARO JAINA MORE - GOLA SECTION OF NH-320 FROM KM. 21.110 TO KM. 53.600 IN - [N24002056,964.64,964.64,362.33,2020.0,2025.0,,0,,0,5.0,0.0
ROAD TRANSPORT AND HIGHWAYS,6L GREENFIELD KANPUR - LUCKNOW (EXPRESSWAY) PKG II FROM KM. 28.500 TO KM. 73.744 - [N24001731,2470.64,2335.0,407.81,2021.0,2025.0,,0,,0,4.0,0.0
ROAD TRANSPORT AND HIGHWAYS,2,4.0,5.0,6.0,,,,0,,0,,0.0
ROAD TRANSPORT AND HIGHWAYS,BANGALORE CHENNAI EXPRESSWAY (PHASE-II PKG-I) FROM KM.71.000 TO KM 96.000 (BETHAMANGALA IN THE STATE - [N24001822,1075.27,1307.0,657.86,2020.0,2024.0,,0,,0,4.0,0.0
ROAD TRANSPORT AND HIGHWAYS,"IMPROVEMENT AND UP-GRADATION OF EXISTING ROAD TO 4L PS FROM KM 175.080 TO 229.070, FROM END OF HARDO - [N24001728",1138.81,1138.81,194.8,2021.0,2025.0,,0,,0,4.0,0.0
ROAD TRANSPORT AND HIGHWAYS,SIX LANING FROM START OF VALANCHERY BYPASS TO KAPPIRIKKAD-SECTION OF NH-66(OLD NH-17) FROM DESIGN CH - [N24001659,3375.31,3790.17,2082.51,2021.0,2024.0,,0,,0,3.0,0.0
ROAD TRANSPORT AND HIGHWAYS,"IMPROVEMENT AND UP-GRADATION OF EXISTING ROAD TO 4L PS FROM KM 123.650 TO 175.080, FROM START OF SHA - [N24002094",1212.26,1212.26,182.1,2022.0,2025.0,,0,,0,3.0,0.0
ROAD TRANSPORT AND HIGHWAYS,4L GREENFIELD ALIGNMENT OF AMAS TO SHIVRAMPUR FROM 0.000 KM. TO 55.002 KM. OF NH 119 D (PKG-I) - [N24002065,1390.92,1390.92,35.12,2022.0,2025.0,,0,,0,3.0,0.0
ROAD TRANSPORT AND HIGHWAYS,4L PS FROM MANDLEM (EXISTING KM. 38.000/DESIGN KM.30.600) TO ATMAKUR (EXISTING KM.73.000/DESIGN KM 6 - [N24001984,887.28,887.28,49.18,2023.0,2025.0,,0,,0,2.0,0.0
ROAD TRANSPORT AND HIGHWAYS,BANGALORE CHENNAI EXPRESSWAY (PHASE-II PKG-II) FROM KM.96.000 TO KM 127.000 (BAIREDDYPALLE TO BANGAR - [N24001985,1942.94,2171.0,744.6,2021.0,2025.0,,0,,0,4.0,0.0
ROAD TRANSPORT AND HIGHWAYS,6L AMRITSAR-BATHINDA GREENFIELD SECTION FROM JN. WITH BHAGTA BHAI KA-BHADAUR ROAD NEAR DYALPURA BHAI - [N24002076,2029.17,2029.0,84.23,2021.0,2025.0,,0,,0,4.0,0.0
ROAD TRANSPORT AND HIGHWAYS,INDORE - EDLABAD (PKG-II) [TEJAJINAGAR TO BALWARA] - [N24002070,1162.8,1162.8,420.31,2022.0,2025.0,,0,,0,3.0,0.0
ROAD TRANSPORT AND HIGHWAYS,6L ACCESS CONTROLLED LUDHIANA-BATHINDA GREENFIELD HIGHWAY FROM JN. WITH AMRITSAR-BATHANDA GREENFIELD - [N24002091,906.51,906.51,134.05,2021.0,2025.0,,0,,0,4.0,0.0
ROAD TRANSPORT AND HIGHWAYS,SIX LANING FROM KAPPIRIKKAD TO THALIKULAM SECTION OF NH – 66 (OLD NH-17) FROM DESIGN CH. 335+850 (EX - [N24001655,3606.0,3923.82,2951.34,2021.0,2025.0,,0,,0,4.0,0.0
ROAD TRANSPORT AND HIGHWAYS,6L ACCESS CONTROLLED GREENFIELD HIGHWAY FROM AUDIREDDIPALLE 160.000 KM. TO MALLAPALLE 176.000 KM. PA - [N24001847,956.14,956.14,19.12,2023.0,2025.0,,0,,0,2.0,0.0
ROAD TRANSPORT AND HIGHWAYS,DEVELOPMENT OF 6 LANE ACCESS CONTROLLED GREENFIELD HIGHWAY FROM KM. 97.000 TO KM. 162.500 MARADGI S - [N24001993,1589.0,1589.0,319.5,2022.0,2025.0,,0,,0,3.0,0.0
ROAD TRANSPORT AND HIGHWAYS,4L FROM GAJU VILLAGE AT KM 32.982 TO DEVINAGAR BYPASS (END) AT KM 208.000 OF NH 530B (PKG 1C) - [N24001730,1384.79,1384.79,604.81,2021.0,2025.0,,0,,0,4.0,0.0
ROAD TRANSPORT AND HIGHWAYS,CONSTRUCTION OF (I) 4-LANE HIGHWAY FROM VIDISHA TO HINOTIYA FROM KM. 0.000 TO KM. 27.000 (LENGTH=27 - [N24002077,1000.63,1000.63,94.24,2022.0,2025.0,,0,,0,3.0,0.0
ROAD TRANSPORT AND HIGHWAYS,CONSTRUCTION OF 4-LANE GREENFIELD JALBEHRA - SHAHBAD SECTION OF NH – 152G FROM KM 0+000 TO KM 22+850 - [N24002043,927.22,927.22,341.13,2022.0,2025.0,,0,,0,3.0,0.0
ROAD TRANSPORT AND HIGHWAYS,6L OF AMBALA-CHANDIGARH GREENFIELD SECTION FROM KM. 0.000 TO KM. 25.000 WITH 4L SPUR TO LALRU FROM K - [N24002098,1641.66,1641.66,35.0,2022.0,2025.0,,0,,0,3.0,0.0
ROAD TRANSPORT AND HIGHWAYS,2,4.0,5.0,6.0,,,,0,,0,,0.0
ROAD TRANSPORT AND HIGHWAYS,REHABILITATION AND UP GRADATION FROM 4 TO 8 LANING OF CHANDIKHOLE PARADIP SECTION OF NH 53 FROM KM - [N24002080,762.75,762.75,38.1,2023.0,2025.0,,0,,0,2.0,0.0
ROAD TRANSPORT AND HIGHWAYS,FOUR LANING OF MUNGER TO MIRZACHAUKI (NH-80) SECTION FROM NEAR RASULPUR TO MIRZACHAUKI (DESIGN CH - [N24001698,1198.02,1198.02,,2022.0,2024.0,,0,,0,2.0,0.0
ROAD TRANSPORT AND HIGHWAYS,FOUR LANING WITH PAVED SHOULDER OF SECTION FROM KM 53.600 (GOLA ON NH-320) TO KM 81.446 (ORMANJHI ON - [N24001854,1214.93,1324.95,565.44,2023.0,2025.0,,0,,0,2.0,0.0
ROAD TRANSPORT AND HIGHWAYS,6L ACCESS CONTROLLED GREENFIELD HIGHWAY FROM NALLACHERUVU PALLI 96.300 KM. TO YERRAGUDIPADU 129.000 - [N24001845,1253.24,1253.24,70.44,2023.0,2025.0,,0,,0,2.0,0.0
ROAD TRANSPORT AND HIGHWAYS,4L OF RAJURA-KORPANA-ADILABAD ROAD UPTO M.S. BORDER FROM KM 32.910 TO KM 89.090 OF NH-353B - [N24001796,1013.33,1111.33,326.8,2022.0,2024.0,,0,,0,2.0,0.0
ROAD TRANSPORT AND HIGHWAYS,4L GREENFIELD ALIGNMENT FROM KALYANAPUR TO TAL DASHRAHA OF NH-119D (PKG-III) - [N24001697,1358.0,1358.0,43.27,2023.0,2025.0,,0,,0,2.0,0.0
ROAD TRANSPORT AND HIGHWAYS,CONSTRUCTION OF 4-LANING OF BHIWANI HANSI ROAD SECTION OF NH 148B (DESIGN LENGTH 42.934 KM) UNDER BH - [N24002042,1322.13,1322.13,38.5,2022.0,2025.0,,0,,0,3.0,0.0
ROAD TRANSPORT AND HIGHWAYS,CONSTRUCTION OF STRR (WEST SIDE)-NH948A- BALAGONDAPALLI (TAMIL NADU) TO KARNATAKA/TAMIL NADU BORDER F - [N24001968,1260.74,1260.74,318.47,2022.0,2025.0,,0,,0,3.0,0.0
ROAD TRANSPORT AND HIGHWAYS,CONSTRUCTION OF NEW 2 LANE WITH PAVED SHOULDER OF HAMIRPUR BYPASS (PACKAGE IVA) OF NH-88 (NEW NH-103 - [N24002051,739.39,739.39,230.82,2022.0,2025.0,,0,,0,3.0,0.0
ROAD TRANSPORT AND HIGHWAYS,FOUR LANING OF BASUKINATH-DEOGHAR SECTION OF NH- 114A FROM KM 85.081 TO KM 130.240 UNDER NHDP PHASE-I - [N24002055,1444.94,1444.94,,2023.0,2025.0,,0,,0,2.0,0.0
ROAD TRANSPORT AND HIGHWAYS,FOUR LANING OF KHAJURI TO WYNDHAMGANJ FROM KM 219.600 TO KM 260.483 ON NH-75 PKG SEC-V ON HAM - [N24002053,1232.0,1400.0,257.87,2022.0,2025.0,,0,,0,3.0,0.0
ROAD TRANSPORT AND HIGHWAYS,4L OF PILERU TO KALUR SECTION FROM KM 55.900 TO KM 92.800 AND KM 94.500 TO KM 95.717 - [N24001986,1047.32,1047.32,188.88,2023.0,2025.0,,0,,0,2.0,0.0
ROAD TRANSPORT AND HIGHWAYS,UP-GRADATION TO 4-LANE WITH PAVED SHOULDER OF BHIMASAR JUNCTION OF NH-41 TO ANJAR BHUJ UPTO AIRPORT - [N24001785,1373.06,1373.06,379.94,2022.0,2025.0,,0,,0,3.0,0.0
ROAD TRANSPORT AND HIGHWAYS,FOUR LANING OF MEHGAMA HANSDIHA SECTION OF NH-33 FROM EXISTING KM 41.900 TO 93.000 IN THE STATE OF J - [N24002057,1443.77,1443.77,,2022.0,2025.0,,0,,0,3.0,0.0
ROAD TRANSPORT AND HIGHWAYS,4 LANING FROM EXISTING KM 39.380 (DESIGN CH. 37.000) TO KM 74.450 (DESIGN CH. 69.000) OF MUCHUKOTA – - [N24001983,972.63,1055.23,179.9,2022.0,2025.0,,0,,0,3.0,0.0
ROAD TRANSPORT AND HIGHWAYS,6L ACCESS CONTROLLED GREENFIELD HIGHWAY FROM SOMAVARAPPADU (CH.314.600) TO MUPPAVARAM (CH.343+240) O - [N24002126,1103.89,1103.89,54.54,2024.0,2026.0,,0,,0,2.0,0.0
ROAD TRANSPORT AND HIGHWAYS,4L OF RATNAGIRI - KOLHAPUR SECTION FROM KM 67.140 TO KM 112.340 OF NH-166 (PKG – II) - [N24001834,839.0,839.0,305.41,2023.0,2025.0,,0,,0,2.0,0.0
ROAD TRANSPORT AND HIGHWAYS,PKG NAME: 4L OF KATHLIGHAT TO SHAKRAL VILLAGE FROM KM 128.835 TO KM 146.300 OF NH- 5 (SHIMLA BYPASS - [N24002049,1703.48,,651.98,2022.0,2026.0,,0,,0,4.0,0.0
ROAD TRANSPORT AND HIGHWAYS,2,4.0,5.0,6.0,,,,0,,0,,0.0
ROAD TRANSPORT AND HIGHWAYS,FOUR LANING OF KARIMNAGAR-WARANGAL SECTION OF NH- 563 FROM DESIGN CH.48.860 KM NEAR SH-1 CH.170.400 K - [N24002083,2146.86,2413.0,651.97,2022.0,2025.0,,0,,0,3.0,0.0
ROAD TRANSPORT AND HIGHWAYS,6L ACCESS CONTROLLED GREENFIELD HIGHWAY FROM VANAVOLU 24.300 KM. TO VANKARAKUNTA 45.700 KM. OF NH 5 - [N24001842,750.81,750.81,31.56,2022.0,2025.0,,0,,0,3.0,0.0
ROAD TRANSPORT AND HIGHWAYS,REHABILITATION AND UP GRADATION FROM 4 TO 8 LANING OF CHANDIKHOLE PARADIP SECTION OF NH 53 FROM KM - [N24002079,742.25,742.25,37.1,2023.0,2025.0,,0,,0,2.0,0.0
ROAD TRANSPORT AND HIGHWAYS,CONSTRUCTION OF 4 LANE ACCESS CONTROLLED HIGHWAY FROM CHILLAKURU CROSS ROAD TO TURPUKANUPUR KM 0+000 - [N24002033,909.47,909.47,97.03,2022.0,2025.0,,0,,0,3.0,0.0
ROAD TRANSPORT AND HIGHWAYS,6L OF JODHPUR ROMANA (BATHINDA) - MANDI DABWALI (PUNJAB HARYANA BORDER) SECTION OF NH-54 FROM KM. 0. - [N24002075,757.13,757.0,246.51,2020.0,2025.0,,0,,0,5.0,0.0
ROAD TRANSPORT AND HIGHWAYS,UPGRADATION TO 4L PS DIVIDED CARRIAGEWAY FROM PATAN (NEAR RAJPUR) TO GOJARIYA FROM KM 52.000 TO KM 1 - [N24002034,1181.34,1181.34,275.67,2021.0,2025.0,,0,,0,4.0,0.0
ROAD TRANSPORT AND HIGHWAYS,DELHI AMRITSAR KATRA EXPRESSWAY (PHASE-II PKG XVIII) DEVELOPMENT AND UPGRADATION OF FOUR LANE ACCESS - [N24002060,1107.0,1107.0,32.24,2023.0,2025.0,,0,,0,2.0,0.0
ROAD TRANSPORT AND HIGHWAYS,CONSTRUCTION OF NEW DOUBLE TIER 4L ELEVATED CORRIDOR FROM CHENNAI PORT TO MADURAVOYAL IN CHENNAI DIS - [N24002108,1618.96,1618.96,,2023.0,2026.0,,0,,0,3.0,0.0
ROAD TRANSPORT AND HIGHWAYS,4LBERKHEDI TO GODPEHRA NH-44 - [N24001614,524.84,524.84,2123.91,2022.0,2024.0,,0,,0,2.0,0.0
ROAD TRANSPORT AND HIGHWAYS,4 LANING OF NAJIBABAD BYPASS OF NH-119 FROM KM. 105.423 TO KM. 118.373 (EXCLUDING 2.45 KM. OF NH-74 - [N24001753,570.98,578.02,278.19,2022.0,2024.0,,0,,0,2.0,0.0
ROAD TRANSPORT AND HIGHWAYS,SIX LANING OF THURAVOOR (DESIGN KM. 378+612) TO PARAVOOR (DESIGN KM.417+000) SECTION OF NEW NH-66 (O - [N24001651,2878.97,2878.97,46.57,2021.0,2024.0,,0,,0,3.0,0.0
ROAD TRANSPORT AND HIGHWAYS,CONSTRUCTION OF FOUR/SIX LANE GREENFIELD LUDHIANA – RUPNAGAR NATIONAL HIGHWAY NO. NH-205K UNDER BHAR - [N24001636,1368.91,1368.91,163.58,2021.0,2024.0,,0,,0,3.0,0.0
ROAD TRANSPORT AND HIGHWAYS,KHAMMAM DEVARAPALLE PKG II 4L ACCESS CONTROLLED (GREENFIELD) FROM SOMAVARAM VILLAGE TO CHINTAGUDEM V - [N24001483,637.11,637.11,309.27,2022.0,2024.0,,0,,0,2.0,0.0
ROAD TRANSPORT AND HIGHWAYS,4L GREENFIELD SPUR FROM DELHI-VADODARA GREENFIELD EXPRESSWAY NEAR BANDIKUI TO JAIPUR - [N24001557,1636.15,1636.15,562.13,2022.0,2024.0,,0,,0,2.0,0.0
ROAD TRANSPORT AND HIGHWAYS,DEVELOPMENT OF SIX LANE JHANKI SARGI OF NH 130 CD FROM KM.0+000 TO 42+800 UNDER RAIPUR VISAKHAPATTNA - [N24001593,1368.19,1368.19,734.62,2021.0,2024.0,,0,,0,3.0,0.0
ROAD TRANSPORT AND HIGHWAYS,4/6L OF SPUR TO HARIDWAR (GREENFIELD) FROM KM. 0.000 TO KM. 49.000 - [N24001628,2155.95,2155.95,1026.0,2021.0,2025.0,,0,,0,4.0,0.0
ROAD TRANSPORT AND HIGHWAYS,6L OF MH/KN BORDER (NIMBAL VILLAGE) TO KN/TS BORDER (SINGNODI VILLAGE) FROM KM. 26.000 TO KM. 97.000 - [N24001676,2718.46,2718.46,159.7,2022.0,2025.0,,0,,0,3.0,0.0
ROAD TRANSPORT AND HIGHWAYS,DEVELOPMENT OF 6 LANE JALANDHAR BYPASS FROM KAHLWAN NATIONAL HIGHWAY 03 DESIGN KM 0.00 ENDING AT K - [N24001637,1754.84,1754.84,923.06,2021.0,2025.0,,0,,0,4.0,0.0
ROAD TRANSPORT AND HIGHWAYS,2,4.0,5.0,6.0,,,,0,,0,,0.0
ROAD TRANSPORT AND HIGHWAYS,4L OF AMRITSAR GHOMAN TANDA UNA SECTION FROM KM 8.270 TO KM 54.000 OF NH 503A PACKAGE I - [N24001643,857.91,857.91,105.75,2020.0,2024.0,,0,,0,4.0,0.0
ROAD TRANSPORT AND HIGHWAYS,DELHI-AMRITSAR-KATRA EXPRESSWAY (PHASE-II PKG-XV) [JUNCTION WITH HIRANAGAR ROAD NEAR VILLAGE GURHA B - [N24001552,2714.95,3198.57,2484.16,2021.0,2024.0,,0,,0,3.0,0.0
ROAD TRANSPORT AND HIGHWAYS,6L OF EXISTING 4L FROM GUNDLAPOCHAMPALLY TO BOWENPALLY FROM KM 471.300 TO KM 481.331 OF NH-44 - [N24001556,521.53,521.53,193.05,2021.0,2024.0,,0,,0,3.0,0.0
ROAD TRANSPORT AND HIGHWAYS,"4L BYPASSES FOR JAGATPUR, B4ABUGANJ, UNCHAHAR, ALAPUR BYPASS, AND SAI RIVER BRIDGE OF RAEBARELI- PRA - [N24001815",1699.0,1699.0,64.39,2022.0,2024.0,,0,,0,2.0,0.0
ROAD TRANSPORT AND HIGHWAYS,"6 LANING OF EXISTING 4-LANE STRETCH FROM KALKALLU AT KM.454+000 TO GUNDLA POCHAMPALLY AT KM.471+000, - [N24001555",955.49,955.49,138.71,2022.0,2025.0,,0,,0,3.0,0.0
ROAD TRANSPORT AND HIGHWAYS,"IMPROVEMENT AND UP-GRADATION OF EXISTING ROAD TO 2/4L PS FROM KM 40.000 TO 88.750, START OF KHUTAR B - [N24001727",762.62,762.62,275.02,2022.0,2025.0,,0,,0,3.0,0.0
ROAD TRANSPORT AND HIGHWAYS,CONSTRUCTION OF 6- LANE BRIDGE AND ITS APPROACHES ACROSS RIVER GANGA AS PART OF PATNA RING ROAD (NH- - [N24002062,3012.27,3012.27,,2023.0,2027.0,,0,,0,4.0,0.0
ROAD TRANSPORT AND HIGHWAYS,CONSTRUCTION OF FOUR LANE HIGHWAY FROM GHAZIPUR BALLIA UP BIHAR STATE BORDER (GREENFIELD) SECTION OF - [N24002088,1493.5,1493.5,408.73,2022.0,2025.0,,0,,0,3.0,0.0
ROAD TRANSPORT AND HIGHWAYS,WIDENING TO 6L OF EXISTING 4L JETPUR - GONDAL - RAJKOT SECTION FROM KM. 117.600 TO KM. 185.00 ON NH- - [N24002035,2070.44,2070.44,74.79,2023.0,2025.0,,0,,0,2.0,0.0
ROAD TRANSPORT AND HIGHWAYS,CONSTRUCTION OF NEW DOUBLE TIER 4 LANE ELEVATED CORRIDOR FROM CHENNAI PORT TO MADURAVOYAL IN CHENNAI - [N24002107,1382.0,1382.0,,2023.0,2026.0,,0,,0,3.0,0.0
ROAD TRANSPORT AND HIGHWAYS,CORRIDOR EFFICIENCY IMPROVEMENT INCLUDING REMOVAL OF BLACK SPOTS IN LAKHANPUR - SAMBA SECTION OF NH- - [N24001619,200.05,208.92,67.57,2022.0,2024.0,,0,,0,2.0,0.0
ROAD TRANSPORT AND HIGHWAYS,6L WITH ACCESS CONTROL PROVISION SAHARANPUR BYPASS TO GANESHPUR SECTION FROM 13.89 KM TO 41.820 KM O - [N24001629,796.65,796.65,189.18,2022.0,2024.0,,0,,0,2.0,0.0
ROAD TRANSPORT AND HIGHWAYS,4L OF VADUGAPATTI TO THERKUVENGANALLUR (RAJAPALYAM) SECTION FROM KM 36.000 TO KM 71.600 OF NH744 UND - [N24002114,1097.59,1097.59,314.95,2022.0,2025.0,,0,,0,3.0,0.0
ROAD TRANSPORT AND HIGHWAYS,"ADDITIONAL WORKS (2VUPS, MR-10 JUNCTION FLYOVER AND UNDERPASS) IN SIX LANE INDORE-DEWAS SECTION OF N - [N24001765",207.77,207.77,36.27,2022.0,2024.0,,0,,0,2.0,0.0
ROAD TRANSPORT AND HIGHWAYS,CONSTRUCTION OF 6 LANE DURG RAIPUR ARANG BYPASS PKG 1 SECTION OF NH 53 FROM CH 0.000 TO CH 44.50 - [N24002045,1828.0,1828.0,318.96,2022.0,2025.0,,0,,0,3.0,0.0
ROAD TRANSPORT AND HIGHWAYS,6L FROM SANKESHWAR BYPASS TO MH KNT BORDER FROM KM. 555.017 TO KM. 592.853 OF NH-48 (PKG II) - [N24001598,1388.7,1388.7,37.42,2022.0,2025.0,,0,,0,3.0,0.0
ROAD TRANSPORT AND HIGHWAYS,ELEVATED CORRIDOR IN RANCHI CITY FROM KM 0.00 TO KM 3.260 OF NH-75 INCLUDING DOWN RAMP ON NH-23 FROM - [N24001594,534.73,534.73,,2022.0,2025.0,,0,,0,3.0,0.0
ROAD TRANSPORT AND HIGHWAYS,2,4.0,5.0,6.0,,,,0,,0,,0.0
ROAD TRANSPORT AND HIGHWAYS,VADODARA MUMBAI EXPRESSWAY (PHASE II - PKG XVII) [KM. 69.800 TO KM. 79.783 OF SPUR] (BHOJ - MORBE) - [N24001608,2208.68,2208.68,352.87,2021.0,2025.0,,0,,0,4.0,0.0
ROAD TRANSPORT AND HIGHWAYS,DEVELOPMENT OF SIX-LANE ACCESS CONTROLLED HIGHWAY FROM ADHOYA MUSALMANA (AMBALA DISTRICT) TO SADOPUR - [N24002041,1491.71,1491.71,527.84,2022.0,2025.0,,0,,0,3.0,0.0
ROAD TRANSPORT AND HIGHWAYS,BANGALORE/TN BORDER TO HOSKOTE - [N24001674,1240.6,1240.6,511.97,2023.0,2025.0,,0,,0,2.0,0.0
ROAD TRANSPORT AND HIGHWAYS,DEVELOPMENT OF SIX-LANE ACCESS CONTROLLED HIGHWAY FROM GOGWAN JALALPUR (SHAMLI DISTRICT) TO RANIPUR - [N24002036,1843.59,1843.59,716.12,2022.0,2025.0,,0,,0,3.0,0.0
ROAD TRANSPORT AND HIGHWAYS,4L SPUR OF SHAMLI-MUZZAFARNAGAR CONNECTING NH- 709AD (PANIPAT-SHAMLI-MUZAFFARNAGAR) AND NH-58 (MEERUT - [N24001726,391.26,391.26,14.12,2023.0,2024.0,,0,,0,1.0,0.0
ROAD TRANSPORT AND HIGHWAYS,4L OF BEAS-MEHTA-BATALA-DERA BABA NANAK FROM INTERSECTION WITH JALANDHAR-AMRITSAR HIGHWAY (NH-3) NEA - [N24002101,809.51,809.51,114.83,2021.0,2025.0,,0,,0,4.0,0.0
ROAD TRANSPORT AND HIGHWAYS,CONSTRUCTION OF 4-LANE HIGHWAY FROM SAMARLAKOTA TO ACHAMPETA JUNCTION (FROM KM. 0.000 TO KM. 12.250 - [N24001856,648.75,648.75,75.0,2023.0,2025.0,,0,,0,2.0,0.0
ROAD TRANSPORT AND HIGHWAYS,CONSTRUCTION OF 4-LANE FROM BARELA TO MANEGAON SECTION OF NH-30 FROM DESIGN CH. 2.900 TO DESIGN CH. - [N24002068,652.33,652.33,183.64,2022.0,2025.0,,0,,0,3.0,0.0
ROAD TRANSPORT AND HIGHWAYS,FOUR LANING OF AMRITSAR BYPASS FROM NEW TARN TARAN ROAD TO AJNALA ROAD FROM DESIGN KM. 0.750 TO DESI - [N24001642,1474.77,1474.77,384.91,2021.0,2024.0,,0,,0,3.0,0.0
ROAD TRANSPORT AND HIGHWAYS,"CONSTRUCTION OF 1 NOS ROB, 2 NOS VUPS, SERVICE ROADS, PROVISION OF LIGHTING AND CONSTRUCTION OF OTHE - [N24001987",152.05,152.05,58.09,2023.0,2024.0,,0,,0,1.0,0.0
ROAD TRANSPORT AND HIGHWAYS,CONSTRUCTION OF 4 LANE GREEN FIELD NORTHERN EAST SIDE GORAKHPUR BYPASS (26.616 KMS) STARTING FROM NH - [N24002096,1973.98,1973.98,416.98,2023.0,2026.0,,0,,0,3.0,0.0
ROAD TRANSPORT AND HIGHWAYS,ADDITIONAL STRUCTURES ON 6LGURGAON-JAIPUR SECTION OF NH-48 BETWEEN KM 42.700 TO KM 273.00 - [N24002058,409.64,409.64,175.26,2022.0,2024.0,,0,,0,2.0,0.0
ROAD TRANSPORT AND HIGHWAYS,CONSTRUCTION OF 4 LANE ELEVATED SECTION AND AT- GRADE IMPROVEMENTS AT BEGUSARAI TOWN SECTION OF NH-3 - [N24001699,312.58,312.58,113.94,2022.0,2024.0,,0,,0,2.0,0.0
ROAD TRANSPORT AND HIGHWAYS,CONSTRUCTION OF NEW 4 LANE PRAYAGRAJ SOUTHERN BYPASS FROM DESIGN KM 50.860 (NABABA URF NIBI KALA UPA - [N24002106,993.77,349.48,57.5,2023.0,2025.0,,0,,0,2.0,0.0
ROAD TRANSPORT AND HIGHWAYS,CONSTRUCTION OF FOUR-LANE “WESTERN SIDE SPUR OF RAMPUR-RUDRAPUR SECTION CONNECTING NH-24 TO NH-87 BY - [N24002090,646.27,646.27,38.85,2021.0,2024.0,,0,,0,3.0,0.0
ROAD TRANSPORT AND HIGHWAYS,4 LANING OF JAGADHRI TAJEWALA ROAD SECTION OF NH 907 (OLD NH 73A) UNDER NH(O) (PKG 1) IN THE STATE O - [N24001635,1269.5,1269.5,151.0,2022.0,2025.0,,0,,0,3.0,0.0
ROAD TRANSPORT AND HIGHWAYS,"IMPROVEMENT , UP-GRADATION OF NH-734 SECTION OF MORADABAD - THAKURDWARA - KASHIPUR: “PACKAGE-I: MORA - [N24002093",1841.92,1841.92,163.42,2022.0,2025.0,,0,,0,3.0,0.0
ROAD TRANSPORT AND HIGHWAYS,6L FROM BELGAUM TO SANKESHWAR BYPASS FROM KM 515.000 TO KM 555.017 OF NH 48 - [N24001679,1479.3,1479.3,47.44,2022.0,2025.0,,0,,0,3.0,0.0
ROAD TRANSPORT AND HIGHWAYS,2,4.0,5.0,6.0,,,,0,,0,,0.0
ROAD TRANSPORT AND HIGHWAYS,BALANCE WORKS OF 4L PANVEL-INDAPUR SECTION OF NH-66 (OLD NH-17) FROM KM 42.300 (KASU) TO KM 84.600 ( - [N24001607,332.0,332.0,184.34,2022.0,2024.0,,0,,0,2.0,0.0
ROAD TRANSPORT AND HIGHWAYS,4L GREENFIELD A. MALOUT BYPASS FROM CH. KM 44.500 TO CH. KM 35.500 ON NH-07 AND CH. KM 0.000 TO KM 6 - [N24001638,646.42,646.42,481.67,2021.0,2024.0,,0,,0,3.0,0.0
ROAD TRANSPORT AND HIGHWAYS,CONSTRUCTION OF 4 LANE ELEVATED HIGHWAY AND AT- GRADE IMPROVEMENTS AT GOPALGANJ TOWN FROM DESIGN CH: - [N24001702,184.9,185.0,146.04,2021.0,2024.0,,0,,0,3.0,0.0
ROAD TRANSPORT AND HIGHWAYS,UPGRADATION OF EXISTING 4 LANE ISMAILABAD-AMBALA SECTION (KM. 0+000 TO KM 42+500) (PART OF AMBALA-KO - [N24002037,609.32,609.0,18.53,2023.0,2025.0,,0,,0,2.0,0.0
ROAD TRANSPORT AND HIGHWAYS,SIX LANING OF PARAVOOR(DESIGN KM. 417+000) TO KOTTUKULANGARA(DESIGN KM. 454+500) SECTION OF NEW NH-6 - [N24001649,3273.61,3273.61,340.49,2021.0,2025.0,,0,,0,4.0,0.0
ROAD TRANSPORT AND HIGHWAYS,4L OF KARWAR (KM. 281.980 OF NH-62 NAGAUR ROAD) TO DANGIYAVAS OF JODHPUR RING ROAD (PKG-II) - [N24001558,736.75,736.75,181.91,2021.0,2024.0,,0,,0,3.0,0.0
ROAD TRANSPORT AND HIGHWAYS,CONSTRUCTION OF 6 LANE DURG RAIPUR ARANG BYPASS PKG 2 SECTION OF NH 53 FROM CH 44+500 TO CH.92+230 I - [N24002046,1958.94,1958.94,585.16,2022.0,2025.0,,0,,0,3.0,0.0
ROAD TRANSPORT AND HIGHWAYS,4L GREENFIELD ROAD CONNECTING NORTH AND SOUTH INDUSTRIAL CLUSTER OF KHANDALERU CREEK NEAR KRISHNAPAT - [N24001979,609.43,609.43,25.24,2022.0,2025.0,,0,,0,3.0,0.0
ROAD TRANSPORT AND HIGHWAYS,4L OF TWIN TUBE TUNNEL CONFIGURATION INCLUDING APPROACHES FROM MAROG TO DIGDOL (FROM KM.154.210 TO K - [N24001627,1912.17,1912.17,32.75,2021.0,2025.0,,0,,0,4.0,0.0
ROAD TRANSPORT AND HIGHWAYS,6L ACCESS CONTROLLED HIGHWAY FROM DND MAHARANI BAGH JN. WITH JAITPUR PUSHTA ROAD OF NH 148NA FROM - [N24001773,1467.44,1942.89,888.96,2020.0,2024.0,,0,,0,4.0,0.0
ROAD TRANSPORT AND HIGHWAYS,6L KANTAKAPALLE – SABBAVARAM SECTION OF NH-130CD ROAD FROM KM 445.100 TO KM 464.662 (PKG-4) - [N24001836,824.29,924.0,345.76,2021.0,2024.0,,0,,0,3.0,0.0
ROAD TRANSPORT AND HIGHWAYS,FOUR LANING OF NERALURU TO THORAPALLI AGRAHARAM SECTION OF NH-844 (PKG-I) FROM KM.0+000 TO KM.23+350 - [N24001693,1751.18,1757.27,49.69,2021.0,2024.0,,0,,0,3.0,0.0
ROAD TRANSPORT AND HIGHWAYS,4L MEDINIPUR TO BALLUPUR FROM KM. 458.65 TO KM. 487.65 OF NH-07(PKG-2) - [N24001553,1092.9,1092.9,460.72,2022.0,2025.0,,0,,0,3.0,0.0
ROAD TRANSPORT AND HIGHWAYS,4L OF UJJAIN TO BADNAWAR FROM KM 26.900 TO KM 96.00 OF NH-752D - [N24001756,1352.56,1352.56,736.4,2020.0,2024.0,,0,,0,4.0,0.0
ROAD TRANSPORT AND HIGHWAYS,VADODARA MUMBAI EXPRESSWAY (PHASE II - PKG XIV) [KM. 3.000 TO KM. 20.200 OF SPUR] (SHIRSAD - AKLOLI) - [N24001507,1124.0,1124.0,299.43,2022.0,2024.0,,0,,0,2.0,0.0
ROAD TRANSPORT AND HIGHWAYS,VADODARA MUMBAI EXPRESSWAY (PHASE II - PKG XVI) [KM. 43.000 TO KM. 69.800 OF SPUR] (AMNE - BHOJ) - [N24001508,1450.0,1450.0,518.58,2022.0,2024.0,,0,,0,2.0,0.0
ROAD TRANSPORT AND HIGHWAYS,DEVELOPMENT OF SIX LANE SARGI-BASANWAHI OF NH 130 CD FROM KM.42+800 TO 99+500 UNDER RAIPUR VISAKHAPA - [N24001588,1470.73,1470.73,454.5,2021.0,2025.0,,0,,0,4.0,0.0
ROAD TRANSPORT AND HIGHWAYS,SIX LANING OF NATIONAL CORRIDOR NH19 FROM PANAGARH TO PALSIT IN THE STATE OF WEST BENGAL UNDER BHARA - [N24001748,2200.93,2303.06,2303.06,2021.0,2024.0,,0,,0,3.0,0.0
ROAD TRANSPORT AND HIGHWAYS,2,4.0,5.0,6.0,,,,0,,0,,0.0
ROAD TRANSPORT AND HIGHWAYS,6L OF KAGAL-SATARA SECTION FROM KM 658.000 TO KM 725.000 OF NH-48 (PKG-II) - [N24001493,1749.86,1749.86,1118.0,2022.0,2024.0,,0,,0,2.0,0.0
ROAD TRANSPORT AND HIGHWAYS,SIX LANE OF PALSIT TO DANKUNI SECTION FROM 588.870 TO KM. 652.700 - [N24001747,2193.23,2314.0,1762.34,2020.0,2024.0,,0,,0,4.0,0.0
ROAD TRANSPORT AND HIGHWAYS,"IMPROVEMENT AND UP-GRADATION OF EXISTING ROAD TO 4L PS FROM KM 229.070 TO 260.800, END OF HARDOI DIS - [N24001732",540.97,540.97,75.66,2021.0,2024.0,,0,,0,3.0,0.0
STEEL,UP GRADATION OF AUTOMATION SYSTEM OF HOT STRIP MILL AT BOKARO STEEL PLANT - [N12000126,207.74,207.74,179.72,2022.0,2024.0,,0,,0,2.0,0.0
STEEL,REVAMPING OF OLD SUB SYSTEM OF BLAST FURNACE 3 AT BOKARO STEEL PLANT - [N12000129,513.82,513.82,46.03,2023.0,2025.0,,0,,0,2.0,0.0
STEEL,INSTALLATION OF 4TH SLAB CASTER ALONG WITH ITS AUXILIARIES AND A NEW LADLE FURNACE IN SMS-II AT RSP - [N12000125,970.18,970.18,331.15,2022.0,2025.0,,0,,0,3.0,0.0
STEEL,REBUILDING OF COKE OVEN BATTERY NO.4 OF DURGAPUR STEEL PLANT - [N12000132,916.78,916.78,35.0,2023.0,2026.0,,0,,0,3.0,0.0
STEEL,REBUILDING OF COKE OVEN BATTERY NO.6 OF BOKARO STEEL PLANT - [N12000133,627.31,627.31,45.51,2023.0,2026.0,,0,,0,3.0,0.0
STEEL,"REPLACEMENT OF CONVERTER VESSELS, TRUNNION RINGS, SUPPORT SYSTEM AND INSTALLATION OF SECONDARY EMISS - [N12000131",471.83,471.83,35.04,2023.0,2026.0,,0,,0,3.0,0.0
STEEL,REBUILDING OF COKE OVEN BATTERY NO.7 AND 8 OF BHILAI STEEL PLANT - [N12000134,884.1,884.1,204.88,2023.0,2025.0,,0,,0,2.0,0.0
TELECOMMUNICATIONS,PLANNIN ENGINEERING SUPPLY INSTALLATION TESTING COMMISSIONING INTEGARTION and ANNUAL MAINTENANCE OF - [N26000117,24544.55,24556.35,1897.24,2023.0,2025.0,,0,,0,2.0,0.0
TELECOMMUNICATIONS,OPTICAL TRANSPORT NETWORK (OTN) PH-4 IN BSNL - [N26000118,810.99,810.99,,2024.0,2025.0,,0,,0,1.0,0.0
TELECOMMUNICATIONS,MPLS-IP BASED ACCESS AND AGGREGATION NETWORK (MAAN) IN BSNL ALONG WITH TEST AND MEASURING EQUIPMENT - [N26000116,645.13,645.13,76.0,2023.0,2024.0,,0,,0,1.0,0.0
URBAN DEVELOPMENT,BANGALORE METRO RAIL PROJECT LIMITED. PHASE. 2A AND 2B - [N28000151,14788.1,14788.1,2424.04,2021.0,2026.0,,0,,0,5.0,0.0
URBAN DEVELOPMENT,2,4.0,5.0,6.0,,,,0,,0,,0.0
URBAN DEVELOPMENT,CONSTRUCTION OF PERMANENT CAMPUS OF CENTRAL UNIVERSITY OF HIMACHAL PRADESH AT DEHRA AND JADRANGAL (D - [N28000154,512.34,512.34,,2022.0,2024.0,,0,,0,2.0,0.0
URBAN DEVELOPMENT,PCMC NIGDI PROJECT EXTENSION OF CORRIDOR 1 OF PUNE METRO PHASE 1 - [N28000157,910.18,910.18,,2023.0,2027.0,,0,,0,4.0,0.0
URBAN DEVELOPMENT,NAGPUR METRO RAIL PROJECT PHASE II - [N28000155,6708.0,6708.0,151.78,2022.0,2027.0,,0,,0,5.0,0.0
URBAN DEVELOPMENT,DELHI GHAZIABAD MEERUT RRTS CORRIDOR - [N28000134,30274.0,30274.0,21387.42,2019.0,2025.0,,0,,0,6.0,0.0
