sector,project_name,original_cost_cr,revised_cost_cr,anticipated_cost_cr,expenditure_cum_cr,cost_overrun_pct,overrun_flag,overrun_ratio
Unknown,2,4.0,,5.0,6.0,9.0,1,0.25
ATOMIC ENERGY,"PROTOTYPE FAST BREEDER REACTOR (BHAVINI, 500 MWE) - [020100044",3492.0,,7670.0,6517.22,119.64,1,1.1964490263459335
ATOMIC ENERGY,KAKRAPAR ATOMIC POWER PROJECT - 3 AND 4 - [N02000010,11459.0,,22517.0,21479.0,96.5,1,0.9650056723972423
ATOMIC ENERGY,RAJASTHAN ATOMIC POWER PROJECT -7 AND 8 (2X700 MW) - [N02000027,12320.0,,22924.0,18385.0,86.07,1,0.8607142857142858
ATOMIC ENERGY,KUDANKULAM NUCLEAR POWER PROJECT UNIT-3 and 4 - [N02000028,39849.0,,68893.0,43536.0,72.89,1,0.7288514140881829
CIVIL AVIATION,"CONSTRUCTION OF NEW INTEGRATED TERMINAL BUILDING AT VSI AIRPORT, PORTBLAIR - [N04000073",417.23,,707.73,697.52,69.63,1,0.6962586582939865
CIVIL AVIATION,UPGRADATION OF PASSENGER TERMINAL BUILDING AND AIRSIDE FACILITIES AT TIRUCHIRAPALLI INTERNATIONAL AI - [N04000075,951.28,,1112.49,1093.0,16.95,1,0.16946640316205538
CIVIL AVIATION,"CONSTRUCTION OF COMBINED OPERATIONAL OFFICES FOR DGCA, BCAS, AAIB, AERA AND AAI AT SAFDARJUNG AIRPOR - [N04000076",303.8,,374.98,326.9,23.43,1,0.23429888084265965
CIVIL AVIATION,"CCS INTERNATIONAL AIRPORT , LUCKNOW - [N04000077",1383.0,,3291.81,2092.82,138.02,1,1.3801952277657266
CIVIL AVIATION,CONSTRUCTION OF TERMINAL BUILDING AND ASSOCIATED WORKS AT LEH AIRPORT - [N04000078,480.33,,640.0,339.0,33.24,1,0.3324172964420295
CIVIL AVIATION,"CONSTRUCTION OF NEW INTEGRATED TERMINAL BUILDING, RECONSTRUCTION OF OLD TERMINAL BUILDING, MODIFICAT - [N04000079",475.39,,520.0,504.33,9.38,1,0.09383874292686008
CIVIL AVIATION,"AIRSIDE CAPACITY ENHANCEMENT OF NSBI AIRPORT, KOLKATA - [N04000081",389.71,,392.0,391.78,0.59,1,0.0058761643273203676
CIVIL AVIATION,CONSTRUCTION OF NEW INTEGRATED TERMINAL BUILDING AT LGBI AIRPORT GUWAHATI - [N04000083,1142.0,,2333.0,1091.52,104.29,1,1.042907180385289
CIVIL AVIATION,"CONSTRUCTION OF DOMESTIC PASSENGER TERMINAL BUILDING AT DEHRADUN AIRPORT, DEHRADUN - [N04000085",456.86,,500.0,484.85,9.44,1,0.09442717681565466
CIVIL AVIATION,2,4.0,,5.0,6.0,9.0,1,0.25
CIVIL AVIATION,DEVELOPMENT OF TUTICORIN AIRPORT - [N04000090,380.87,,452.93,271.73,18.92,1,0.18919841415706146
CIVIL AVIATION,CONSTRUCTION OF NEW GREEN FIELD AIRPORT AT HOLLONGI ITANAGAR ARUNACHAL PRADESH - [N04000092,645.63,,712.15,657.33,10.3,1,0.10303114787107163
CIVIL AVIATION,DEVELOPMENT OF AYODHYA AIRPORT PHASE-01 - [N04000094,242.14,,358.0,335.02,47.85,1,0.47848352192946236
CIVIL AVIATION,"EXTENSION OF RUNWAY WITH BLAST PAD, RESA, TAXIWAY, APRON, GSE AREA, ISOLATION BAY, NEW DOMESTIC TERM - [N04000096",255.68,,265.0,262.47,3.65,1,0.03645181476846055
CIVIL AVIATION,"PRAYAGRAJ AIRPORT - CONSTRUCTION OF NEW TERMINAL BUILDING, SECOND LINK TAXI TRACK, APRON EXPANSION, - [N04000102",185.75,,232.52,28.26,25.18,1,0.25179004037685065
COAL,MADHUBAND NLW WASHERY - [N06000126,289.45,,302.0,299.38,4.34,1,0.04335809293487653
COAL,PATHERDIH 2.5 NLW COAL WASHERY - [N06000194,243.0,,334.27,111.51,37.56,1,0.37559670781892995
COAL,2.0 MTPA BHOJUDIH NLW WASHERY - [N06000195,304.13,,341.22,281.17,12.2,1,0.1219544273830271
COAL,HURA - C OC (3 MTY) - [N06000143,359.69,,859.41,316.19,138.93,1,1.3893074592009786
COAL,RANIGANJ MASTER PLAN - [N06000163,2661.73,,5146.48,741.28,93.35,1,0.9335094092939552
COAL,GOPALJI-KANIHA OCP - [N06000229,6107.87,,8416.19,1566.44,37.79,1,0.3779255288668555
COAL,NEYVELI UTTAR PRADESH POWER PROJECT LIMITED 1980 MW - [N06000152,17237.0,,19406.12,17105.55,12.58,1,0.12584092359459298
COAL,RCE OF INDARAM OPENCAST PROJECT - [N06000211,349.28,,424.81,335.24,21.62,1,0.21624484654145681
DEPARTMENT OF HIGHER EDUCATION,"CONSTRUCTION OF IITB RESEARCH PARK AT IIT BOMBAY, POWAI, MUMBAI - [N28000117",223.37,,230.0,141.16,,1,0.029681694050230537
DEPARTMENT OF HIGHER EDUCATION,2,4.0,,5.0,6.0,9.0,1,0.25
DEPARTMENT OF HIGHER EDUCATION,CONSTRUCTION OF PERMANENT CAMPUS OF IIM JAMMU (PHASE 1) - [N28000130,424.93,,500.91,464.38,17.88,1,0.1788059209752195
DEPARTMENT OF HIGHER EDUCATION,CONSTRUCTION OF PERMANENT CAMPUS IIT JAMMU (PHASE 1C) - [N28000131,676.0,,1144.68,54.75,69.33,1,0.6933136094674557
DEPARTMENT OF HIGHER EDUCATION,"CONSTRUCTION OF PERMANENT CAMPUS FOR NATIONAL INSTITUTE OF TECHNOLOGY GOA AT CUNCOLIM, GOA. - [N42000002",303.9,,390.4,360.0,28.46,1,0.2846331029944061
DEPARTMENT OF HIGHER EDUCATION,ESTABLISHMENT OF PERMANENT CAMPUS PHASE 1 OF IIM SIRMAUR - [N42000008,392.51,,446.43,285.47,13.74,1,0.1373722962472294
DPIIT,INDIA INTERNATIONAL CONVENTION AND EXPO CENTRE - [N40000002,4773.0,,5401.0,4709.75,13.16,1,0.1315734338990153
FINANCE,"C/O OF 152 NOS TYPE-II,304 NOS,TYPE-III,76 NOS, TYPE- IV QTRS. FOR INCOME TAX DEPARTMENT AT CHENNAI - [N28000089",209.0,,262.0,205.72,25.36,1,0.2535885167464115
HEALTH AND FAMILY WELFARE,ESTABLISHMENT OF NATIONAL ANIMAL RESOURCE FACILITY FOR BIOMEDICAL RESEARCH AT HYDERABAD - [N28000098,209.84,,281.06,248.29,33.94,1,0.33940144872283645
HEALTH AND FAMILY WELFARE,C/O NEW HOSPITAL BLOCK FOR SREE CHITRA TIRUNAL INSTITIUTE OF MEDICAL SCIENCE AND TECHNOLOGY (SCTIMST - [N28000112,150.29,,162.0,88.39,7.79,1,0.0779160290105796
HEALTH AND FAMILY WELFARE,CONSTRUCTION OF 300 BEDDED HOSPITAL AND TEACHING BLOCK IN DR YS PARMAR GMC AT NAHAN HIMACHAL PRADESH - [N28000127,260.0,,371.78,46.24,42.99,1,0.4299230769230768
HEALTH AND FAMILY WELFARE,"CONSTRUCTION OF AIIMS AT JAMMU VIJAYPUR, SAMBA JAMMU AND KASHMIR - [N21000029",1404.0,,1642.0,1340.12,16.95,1,0.16951566951566951
HOME AFFAIRS,2,4.0,,5.0,6.0,9.0,1,0.25
HOME AFFAIRS,ESTABLISHMENT OF CENTRAL ARMED POLICE FORCE INSTITUTE OF MEDICAL SCIENCES(CAPFIMS) AT NEW DELHI - [N28000071,1219.21,,2091.53,1852.88,71.55,1,0.7154796958686364
HOME AFFAIRS,NSG AT KOLKATA - [N28000104,162.88,,210.83,183.31,29.44,1,0.29438850687622803
HOME AFFAIRS,CONSTRUCTION OF HEADQUARTER BUILDING OF CRPF AT LODHI ROAD NEW DELHI - [N45000002,277.35,,290.33,85.11,4.68,1,0.046800072111050875
MINES,5TH STREAM ALUMINA REFINERY EXPANSION PROJECT - [N10000010,4103.0,5055.0,5677.4,2999.82,38.37,1,0.38371922983183027
MINES,UTKAL D AND E COAL BLOCK - [N10000011,534.0,,1021.97,749.83,91.38,1,0.9138014981273409
MINES,CONVERSION OF FLAT BOTTOM SETTLERS AND WASHERS WITH A SINGLE TRAIN OF HRDS AND DCWS IN STREAMS 1 AND - [N10000012,355.0,,581.0,108.93,63.66,1,0.6366197183098592
MINES,CONSTRUCTION OF RED MUD POND - II AT NALCO DAMANJODI ODISHA - [N10000017,225.79,,270.66,5.0,19.87,1,0.19872447849771926
PETROLEUM,IRUGUR-DEVANGONTHI POL PIPELINE - [N16000234,678.0,,1732.0,532.01,155.46,1,1.5545722713864307
PETROLEUM,CBR 9 MMTPA PROJECT - [N16000434,31580.0,,36354.0,1133.11,15.12,1,0.15117162761241293
PETROLEUM,DURGAPUR-HALDIA PIPELINE PROJECT - [N16000275,1740.0,,2433.15,1885.8,39.84,1,0.3983620689655173
PETROLEUM,KOCHI-KOOTTANAD-BANGALORE-MANGALORE PIPELINE PHASE-II - [N16000285,2915.0,2915.0,5909.0,3876.6,102.71,1,1.0271012006861064
PETROLEUM,60 KTA POLYPROPYLENE PROJECT - [N16000429,910.56,,1299.02,700.4,42.66,1,0.4266165875944474
PETROLEUM,SETTING UP 500KTPA PROPANE DEHYDROGENATION INTEGRATED WITH POLYPROPYLENE UNIT ALONG WITH OFFSITE AND - [N16000430,8797.0,,11256.0,4022.27,27.95,1,0.2795271115152893
PETROLEUM,VISAKH REFINERY MODERNISATION PROJECT - [N16000235,20928.0,,26264.0,25798.72,25.5,1,0.25496941896024466
PETROLEUM,2,4.0,,5.0,6.0,9.0,1,0.25
PETROLEUM,RAJASTHAN REFINERY PROJECT - [N16000513,43129.0,,72937.0,46029.0,69.11,1,0.6911358946416565
PETROLEUM,ENNORE THIRUVALLUR BENGALURU PUDUCHERRY NAGAPATTINAM MADURAITUTICORIN GAS PIPELINE - [N16000253,4497.0,,6025.0,5502.92,33.98,1,0.33978207694018236
PETROLEUM,ADDITIONAL STORAGE TANKS AT PARADIP - [N16000361,462.3,,543.0,445.45,17.46,1,0.17456197274497076
PETROLEUM,R and D CAMPUS II AT FARIDABAD - [N16000375,2281.94,,3219.94,1459.77,41.11,1,0.4110537525088302
PETROLEUM,ACRYLICS OR OXO-ALCOHOL PROJECT AT GUJARAT REFINERY - [N16000382,5251.0,,5894.0,3987.09,12.25,1,0.12245286612073891
PETROLEUM,"SETTING UP LUBE COMPLEX AT VILLAGES AMULLAVOYAL AND VAIKKADU, CHENNAI AS RESITEMENT OF EXISTING FACI - [N16000405",1398.0,,1587.0,1098.0,13.52,1,0.1351931330472103
PETROLEUM,CAPACITY EXPANSION OF PANIPAT REFINERY FROM 15 TO 25 MMTPA - [N16000412,34627.0,,38231.0,11152.75,10.41,1,0.10408063072169117
PETROLEUM,EXPANSION OF GUWAHATI REFINERY FROM 1 TO 1.2 MMTPA ALONG WITH INSTALLATION OF CATALYTIC REFORMING UN - [N16000414,412.0,,509.84,330.54,23.75,1,0.23747572815533974
PETROLEUM,POLY BUTADIENE RUBBER PLANT AT PANIPAT - [N16000458,1459.0,,2102.79,222.33,44.13,1,0.44125428375599723
PETROLEUM,DEVANGONTHI MARKETING TERMINAL - [N16000401,200.0,,304.0,245.26,52.0,1,0.52
PETROLEUM,NUMALIGARH REFINERY EXPANSION PROJECT 6 MMTPA REFINARY - [N16000379,12366.0,,18968.0,10740.74,53.39,1,0.5338832282063724
PETROLEUM,LIFE EXTENSION OF WALL PLATFORMS OF MUMBAI HIGH AND HEERA FIELDS - [N16000213,3190.69,,3375.9,2961.86,5.8,1,0.05804700550664591
PETROLEUM,DEVELOPMENT PLAN OF CBM - BOKARO BLOCK - [N16000239,823.27,,1137.79,1028.58,38.2,1,0.38203748466481224
PETROLEUM,MUMBAI HIGH NORTH REDEVELOPMENT PHASE-IV - [N16000358,3228.8,,3976.67,3897.3,23.16,1,0.23162475222993056
PETROLEUM,REDEVELOPMENT OF LINCH FIELD - [N16000428,631.03,,860.04,242.83,36.29,1,0.362914599939781
PETROLEUM,REDEVELOPMENT OF SOBHASAN COMPLEX - [N16000431,885.63,,1286.67,353.5,45.28,1,0.45283018867924535
PETROLEUM,PIPELINE REPLACEMENT PROJECT - VII - [N16000436,3183.58,,3645.23,2705.68,14.5,1,0.14500970605419058
PETROLEUM,DAMAN UPSIDE DEVELOPMENT PROJECT (DUDP) IN TAPTI DAMAN BLOCK - [N16000470,4144.41,,5726.03,1.21,38.16,1,0.3816273003877512
PETROLEUM,2,4.0,,5.0,6.0,9.0,1,0.25
PETROLEUM,DEVELOPMENT OF SURFACE FACILITIES FOR PRODUCTION AND EVACUATION OF CRUDE OIL AND NATURAL GAS FROM NA - [N16000331,543.91,,670.9,491.56,23.35,1,0.23347612656505676
POWER,PARBATI HEP (4X200 MW) (NHPC) II - [180100210,3919.59,,12160.0,11278.29,210.24,1,2.1023652984113133
POWER,SUBANSIRI LOWER H.E.P (8X250 MW) (NHPC) - [180100221,6285.33,,21247.54,21272.82,238.05,1,2.380497125847012
POWER,KALPI SOLAR POWER PROJECT - [N18000323,314.64,,350.46,297.14,11.38,1,0.11384439359267733
POWER,RANGIT IV HE PROJECT - [N18000326,938.29,,1871.23,1075.33,99.43,1,0.9942981381022926
POWER,TAPOVAN-VISHNUGAD HEP (4X130MW) - [N18000014,2978.48,,7103.0,6298.38,138.48,1,1.384773441486933
POWER,NORTH KARANPURA STPP (3X660 MW) - [N18000177,16242.9,,17007.0,15361.62,4.7,1,0.04704209223722367
POWER,RAMMAM-III HEPP (3X40 MW) - [N18000178,1381.84,,1803.0,1042.24,30.48,1,0.30478202975742497
POWER,BARH STPP(3X660MW) NTPC - [180100242,8692.97,,21312.11,22311.28,145.16,1,1.4516488610912037
POWER,TELANGANA SUPER THERMAL POWER PROJECT PHASE I - [N18000212,10598.98,,10998.0,10437.71,3.76,1,0.037647018864079417
POWER,DURGAPUR PP-III (2X20 MW) - NSPCL - [N18000277,529.68,,679.0,558.39,28.19,1,0.2819060564869356
POWER,KERANDARI COAL MINING PROJECT - [N18000370,1553.0,,2804.0,,80.55,1,0.8055376690276883
POWER,EASTERN REGION STRENTHENING SCHEME XVII( PART B) - [N18000244,235.53,,243.74,170.26,3.49,1,0.03485755530081097
POWER,COMPREHENSIVE SCHEME FOR THE STRENGHTENING OF THE TRANSMISSION AND DISTRIBUTION SYSTEM IN A P - [N18000249,4754.42,,9129.32,6453.4,92.02,1,0.920175331586187
POWER,NORTH EASTERN REGION POWER SYSTEM IMPROVEMENT PROJECT (NERPSIP) FOR SIX (6) STATES - [N18000250,5111.33,,6700.0,4876.43,31.08,1,0.3108134282075311
POWER,TRANSMISSION SYSTEM FOR EVACUTION OF POWER FROM NEYVELI LIGNITE CORP LTD TS - I (REPLACEMENT) IN NEY - [N18000262,186.17,,219.66,180.54,17.99,1,0.1798893484449697
POWER,HVDC BIPOLE LINK BETWEEN WR AND SR -NORTH TRICHUR - SCHEME -II AC SYSTEM STRENGTHENING AT PUGALUR EN - [N18000264,1931.39,,2635.55,1973.12,36.46,1,0.3645871626134546
POWER,"NORTH EAST-NORTHERN/ WESTERN INTERCONNECTOR-I, PART-C - [N18000327",1326.0,,1520.0,1464.74,14.63,1,0.14630467571644043
POWER,2,4.0,,5.0,6.0,9.0,1,0.25
POWER,VISHNUGAD PIPALKOTI HYDRO ELECTRIC PROJECT - [N18000042,2491.58,,3860.35,3730.12,54.94,1,0.5493582385474277
POWER,TEHRI PUMPED STORAGE PLANT(1000MW) - [N18000010,1657.0,,4825.6,6484.41,191.23,1,1.9122510561255284
RAILWAYS,WARDHA-NANDED MAHARASHTRA - [N22000231,3168.29,,3445.48,2394.71,8.75,1,0.08748883467106863
RAILWAYS,AHMEDNAGAR-PARLI VAIJNATH(NL) CR - [220100181,2271.5,,4805.17,4072.18,111.54,1,1.1154171252476337
RAILWAYS,WARDHA-BALHARSHAH - 3RD LINE (132 KM) - [N22000356,1272.19,,1384.72,1021.24,8.85,1,0.0884537686980718
RAILWAYS,PUNE-MIRAJ-LONDA (467 KM) - [N22000359,3627.47,3627.0,6463.49,3737.52,78.18,1,0.7818176304697214
RAILWAYS,DAUND - MANMAD (236 KM) - [N22000360,1876.0,,2081.27,2056.27,10.94,1,0.1094189765458422
RAILWAYS,PACHORA-JAMNER WITH EXTENSION UPTO MALKAPUR NG TO BG - [N22000511,955.0,,955.39,56.34,0.04,1,0.00040837696335077107
RAILWAYS,WESTERN DEDICATED FREIGHT CORRIDOR - [N22000464,16592.0,51101.0,51101.0,47476.0,207.99,1,2.079857762777242
RAILWAYS,"HAJIPUR-SUGAULI VIA VAISHALI (NL), ECR - [220100303",528.65,,2087.36,2134.42,294.85,1,2.948472524354488
RAILWAYS,"JAYANAGAR-DARBHANGA-NARKATIA GANJ(GC),ECR - [220100240",324.73,,1250.0,1213.4,284.94,1,2.849351769162073
RAILWAYS,KHAGARIA-KUSHESHWAR ASTHAN (NL) (ECR) - [220100257,162.87,,614.45,428.0,277.26,1,2.77264075643151
RAILWAYS,SAMASTIPUR-DARBANGHA - [N22000329,380.0,,519.33,479.66,36.67,1,0.36665789473684224
RAILWAYS,"KODERMA-TILAIYA (NL), ECR - [220100305",459.91,,1625.87,1631.92,253.52,1,2.53519166793503
RAILWAYS,SAKRI-HASANPUR ROAD (NL) - [N22000171,325.0,,735.2,560.99,126.22,1,1.2621538461538464
RAILWAYS,SAKRI-NIRMALI AND JHANJHARPUR-LAUKAHABAZAR AND SAHARSA-FORBESGANJ (GC) - [N22000180,372.14,,2350.0,2383.17,531.48,1,5.314827752996185
RAILWAYS,JAYNAGAR-BIJALPURA INCLUDING EXTENSION BIJALPURA-BARDIBAS(NEPAL) GC - [N22000181,548.0,,783.83,543.54,43.03,1,0.43034671532846724
RAILWAYS,KIUL - GAYA DOUBLING PROJECT - [N22000349,1200.2,,1771.07,,47.56,1,0.4756457257123812
RAILWAYS,RAMNA - SINGRAULI DOUBLING - [N22000417,2436.21,,2880.4,2782.71,18.23,1,0.18232828861222966
RAILWAYS,2,4.0,,5.0,6.0,9.0,1,0.25
RAILWAYS,KARAILA ROAD - SHAKTINAGAR DOUBLING - [N22000419,528.57,,762.97,698.2,44.35,1,0.4434606580017783
RAILWAYS,SAGAULI VALMIKINAGAR DOUBLING 109.7 KM - [N22000472,744.04,,1215.54,1254.17,63.37,1,0.6337024891134886
RAILWAYS,MUZAFFARPUR SAGAULI DOUBLING 100.60 KM - [N22000473,731.64,,1250.0,1265.86,70.85,1,0.7084905144606638
RAILWAYS,"FATUHA-ISLAMPUR INCL. MM FOR EXTENSION OF NEW LINE FORM BIHARSHARIF-BARBIGHA, DANIYAWAN- BIHARSHARIF, - [N22000476",329.39,,2722.16,2303.36,726.42,1,7.264246030541304
RAILWAYS,PARASNATH-MADHUBAN-GIRIDIH - [N22000527,816.03,,902.86,3.08,10.64,1,0.10640540176219017
RAILWAYS,DOUBLING OF PRADHANKHUNTA JN -PATHERDIH BAZAR-BHOJUDIH - [N22000529,202.0,,349.22,,72.88,1,0.7288118811881189
RAILWAYS,TALCHER-BIMALAGARH(NL)(ECOR) - [220100328,810.78,,1928.07,1409.3,137.8,1,1.3780433656478945
RAILWAYS,KHURDA ROAD-BOLANGIR(NL)ECOR - [220100284,2923.13,,5089.37,3692.11,74.11,1,0.7410686490166362
RAILWAYS,KIRANDUL - JAGDALPUR DOUBLING - [N22000318,1160.0,,1440.0,1373.16,24.14,1,0.2413793103448276
RAILWAYS,JARAPADA - BUDHAPANK WITH FLY OVER AT TALCHER ROAD 3RD AND 4TH LINE - [N22000380,701.61,,810.02,179.43,15.45,1,0.1545160416755747
RAILWAYS,JEYPORE NABARANGPUR NEWLINE - [N22000517,499.99,,747.91,,49.59,1,0.49584991699833986
RAILWAYS,TALCHER - ANGUL NEW LINE WITH Y CONNECTION AT TALCHER - [N22000518,278.96,495.0,494.62,,77.31,1,0.7730857470605106
RAILWAYS,BRUNDAMAL-JHARSUGUDA- FLYOVER CONNECTION FOR JOINING DN LINE - [N22000521,48.44,297.0,297.0,,513.13,1,5.131296449215525
RAILWAYS,"TARAKESWAR - BISHNUPUR NEW BG LINE (NL), ER - [220100272",1188.91,,1619.51,1044.76,36.22,1,0.36218048464559965
RAILWAYS,PIRPAINTI-JASIDIH - [N22000219,915.98,,2137.81,789.25,133.39,1,1.3339046704076507
RAILWAYS,KHARSIA DHARAMJAIGARH WITH SPUR LINE EAST CORRIDOR-PHASE I - [N22000489,3055.0,,3438.39,2807.27,12.55,1,0.12549590834697213
RAILWAYS,EAST WEST METRO CORRIDOR KOLKATA - [N22000628,4874.58,8575.0,10442.41,,114.22,1,1.1422173807794722
RAILWAYS,"EXTENSION OF MRTS FROM VELACHERY TO STN. THOMAS, MTP - [N22000028",495.74,,734.01,625.57,48.06,1,0.48063501028765077
RAILWAYS,EAST WEST METRO CORRIDOR FROM HOWRAH MAIDAN TO SALT LAKE - [N22000135,4874.58,,10442.41,8008.94,114.22,1,1.1422173807794722
RAILWAYS,2,4.0,,5.0,6.0,9.0,1,0.25
RAILWAYS,GWALIOR-SEOPURKALA WITH EXTENSION TO KOTA (GC) - [N22000148,2912.96,,3845.6,1024.32,32.02,1,0.3201691749972536
RAILWAYS,BHANDAI - FLYOVER FOR ETAWAH BOUND DOWN TRAINS - [N22000564,187.21,,250.17,1.62,33.63,1,0.3363068212168152
RAILWAYS,"BHAIRABI SAIRONG, NL, NEFR - [N22000100",2393.47,,8605.0,7306.77,259.52,1,2.5951986028652967
RAILWAYS,JIRIBAM TO IMPHAL (TUPUI)(NL)(NEFR) - [220100288,4454.17,,19602.68,14499.92,340.1,1,3.4009725717698247
RAILWAYS,"NEW B.G. LINE FROM ARARIA TO GALGALIA (THAKURGUNG), NEFR - [N22000087",532.87,,4359.32,2522.93,718.08,1,7.1808320978850375
RAILWAYS,NEW LINE FROM DIMAPUR TO ZUBZA(KOHIMA) NATIONAL PROJECT (NEFR) - [N22000124,2326.52,,6663.0,3390.46,186.39,1,1.8639341161907053
RAILWAYS,"SEVOK RANGPO, NEFR - [N22000102",1339.48,,7876.92,3290.96,488.06,1,4.8805805237853495
RAILWAYS,NEW BONGAIGAON-RANGIA-KAMAKGHYA DOUBLING - [N22000183,1798.0,,2832.35,2760.4,57.53,1,0.57527808676307
RAILWAYS,AGARTALA-AKHAURA NL - [N22000195,569.63,,708.73,380.92,24.42,1,0.24419359935396664
RAILWAYS,NEW BG LINE FROM BYRNIHAT TO SHILLONG - [N22000205,906.46,,8324.28,269.8,818.33,1,8.183284425126315
RAILWAYS,NEW BG LINE FROM BALURGHAT TO HILLY NFR - [N22000206,242.22,,1208.73,386.56,399.02,1,3.9902155065642804
RAILWAYS,NEW BG LINE FROM JAGBANI TO BIRATNAGAR - [N22000207,241.52,,401.65,343.3,66.3,1,0.6630092745942363
RAILWAYS,MURKONGSELEK-PASIGHAT NL - [N22000208,414.84,,1220.25,506.04,194.15,1,1.941495516343651
RAILWAYS,BONGAIGAON-GOALPARA-GUWAHATI (176 KM) - [N22000388,2232.32,,4155.65,3342.93,86.16,1,0.8615834647362383
RAILWAYS,CHHAPRA-BALLIA UP - [N22000134,295.0,,954.0,958.58,223.39,1,2.233898305084746
RAILWAYS,BURHWAL - GONDA - 3RD RUNNING LINE. - [N22000468,602.5,,714.96,747.12,18.67,1,0.1866556016597511
RAILWAYS,"SHAHGANJ-BHATNI-PHEPHNA-INDARA, MAU-SHAHGANJ (EXCL. MAU-INDARA) PATCH DOUBLING. - [N22000470",1177.96,,1777.39,1730.87,50.89,1,0.5088712689734796
RAILWAYS,SAHJANWA - DOHRIGHAT - [N22000565,371.77,,1319.75,363.37,254.99,1,2.549909890523711
RAILWAYS,BAHRAICH SRAVASTI BALRAMPUR (TULSIPUR) - [N22000569,1600.0,,4939.78,726.83,208.74,1,2.0873625
RAILWAYS,DOMINGARH - GORAKHPUR - GORAKHPUR CANTT - KUSUMHI - 3RD RUNNING LINE (21.15 KM) - [N22000613,186.85,,457.68,406.56,144.95,1,1.4494514316296496
RAILWAYS,2,4.0,,5.0,6.0,9.0,1,0.25
RAILWAYS,"DAUSA-GANGAPUR CITY(NL),NWR - [220100184",410.08,,1020.0,1038.91,148.73,1,1.4873195474053846
RAILWAYS,PHULERA - DIGANA DOUBLING - [N22000326,600.0,,701.81,712.11,16.97,1,0.16968333333333324
RAILWAYS,TARANGA HILL ABU ROAD VIA AMBAJI NEW LINE - [N22000592,1695.82,,2798.16,590.63,65.0,1,0.6500336120578835
RAILWAYS,DEOBAND (MUZAFFARNAGAR)- ROORKEE NL - [N22000274,336.91,,791.39,572.99,134.9,1,1.3489655991214269
RAILWAYS,ANAND VIHAR-TILAK BRIDGE 3RD AND 4TH LINE - [N22000281,295.68,,419.0,133.78,41.71,1,0.4170725108225108
RAILWAYS,"NANGALDAM-TALWARA(NL),NR - [220100188",450.0,,2017.96,1190.75,348.44,1,3.4843555555555557
RAILWAYS,"UDHAMPUR-SRINAGAR-BARAMULLA (NL),NR - [220100133",2500.0,,41931.0,39605.0,1577.24,1,15.7724
RAILWAYS,CHANDIGARH-BADDI - [N22000467,328.14,,1540.14,482.67,369.35,1,3.693545437922838
RAILWAYS,BARABANKI AKBARPUR DOUBLING - [N22000578,1200.0,,1700.0,,41.67,1,0.4166666666666667
RAILWAYS,JAUNPUR AKBARPUR (TANDA) DOUBLING - [N22000582,515.5,,676.0,,31.13,1,0.3113482056256062
RAILWAYS,JANGHAI PRATAPGARH AMETHI DOUBLING - [N22000583,701.98,,1100.0,,56.7,1,0.566996210718254
RAILWAYS,LUDHIANA MULLANPUR DOUBLING - [N22000589,82.99,234.77,235.0,,183.17,1,1.8316664658392579
RAILWAYS,NEW WORK FOR CONSTRUCTION OF METRO RAILWAY FROM JOKA TO BINOY BADAL DINESH BAGH. - [N22000111,2913.51,,4834.54,3869.56,65.94,1,0.6593524648962933
RAILWAYS,BHANUPALI-BILASPUR BERI NL - [N22000273,2966.99,,6753.42,5190.99,127.62,1,1.2761856292067046
RAILWAYS,HOSPET-HUBLI-LONDA-VASCODAGAMA DL - [N22000297,2127.0,,3692.6,3481.82,73.61,1,0.7360601786553831
RAILWAYS,NEW WORK FOR CONSTRUCTION OF METRO RAILWAY FROM NSCB AIRPORT TO NEW GARIA VIA RAJARHAT (MTP) - [N22000110,3951.98,,8964.35,6817.2,126.83,1,1.2683186655802916
RAILWAYS,NEW WORK FOR CONSTRUCTION OF METRO RAILWAY FROM BARANAGAR TO BARRACKPORE AND DAKSHINESHWAR (MTP) - [N22000109,2298.42,,2733.86,392.84,18.95,1,0.18945188433793653
RAILWAYS,VIJAYAWADA-GUDUR - [N22000369,3246.26,,6238.67,5614.6,92.18,1,0.921802320208486
RAILWAYS,VARANASI-MODHOSINGH-ALLAHABAD DOUBLING - [N22000401,943.6,,2018.23,1779.61,113.89,1,1.1388618058499365
RAILWAYS,RISHIKESH - KARNAPRAYAG NEW LINE - [N22000406,16216.0,,24659.0,18267.0,52.07,1,0.5206586087814504
RAILWAYS,VIZIANAGARAM -SAMABALPUR 3RD LINE 01/1991 - [N22000409,2335.67,,4803.16,4620.71,105.64,1,1.0564377673215821
RAILWAYS,MATHURA-JHANSI-3RD LINE (273.80 KM) - [N22000501,3677.76,,5190.26,4969.16,41.13,1,0.41125576437831723
RAILWAYS,2,4.0,,5.0,6.0,9.0,1,0.25
RAILWAYS,KHARAGPUR-ADITYAPUR - 3RD LINE (132 KM) - [N22000595,1116.0,,3270.07,2875.04,193.02,1,1.9301702508960574
RAILWAYS,JANGHAI-PHAPHAMAU - DOUBLING WITH ELECTRIFICATION (46.79 KM) - [N22000596,357.48,,409.38,312.07,14.52,1,0.14518294729775086
RAILWAYS,BHATNI - AUNRIHAR WITH ELECTRIFICATION (125 KM) (EXCL INDARA - MAU (116.95 KM)) - [N22000598,1177.96,,2529.46,1574.9,114.73,1,1.1473224897280043
RAILWAYS,INDORE BUDNI (INDORE JABALPUR) - [N22000601,4340.0,,7393.75,1004.86,70.36,1,0.7036290322580645
RAILWAYS,DALLIRAJHARA - ROWGHAT (95 KM) {PART OF DALLIRAJHARA-JAGDALPUR (235 KM)} - [N22000602,631.78,,1627.56,1323.64,157.62,1,1.576149925607015
RAILWAYS,KOTLPALLI-NARASAPUR (NL) (SCR) - [220100265,1045.2,,2500.98,1141.44,139.28,1,1.3928243398392652
RAILWAYS,MANOHARABAD-KOTHPALL NEW LINE(SCR) - [N22000032,1160.48,,3014.0,1190.58,159.72,1,1.5972011581414587
RAILWAYS,KAZIPET-VIJAYAWADA 3RD LINE WITH ELECTRIFICATION - [N22000261,1856.95,,1952.68,1144.19,5.16,1,0.051552276582568196
RAILWAYS,NADIKUDE-SRI KALAHASTI - [N22000286,2288.7,,3122.35,1579.6,36.42,1,0.3642460785598812
RAILWAYS,GUNTUR-GUNTAKAL - [N22000368,3631.0,,3887.48,2926.55,7.06,1,0.07063618837785735
RAILWAYS,KAZIPET-BALHRSHA - [N22000367,2063.03,,2909.0,2461.7,41.01,1,0.4100618992452847
RAILWAYS,MANMAD-PARBHANI-NANDED-SECUNDERABAD- GADWAL-DHONE- GUNTAKAL - TRAIN COLLISION AVOIDANCE SYSTEM (958 K - [N22000432,119.73,185.0,242.28,54.15,102.36,1,1.0235529942370332
RAILWAYS,RAJNANDGAON - NAGPUR - 3RD LINE (SECR) - [N22000420,1908.51,,3544.25,2596.2,85.71,1,0.8570769867593044
RAILWAYS,WADSA-GADHCHIROLI NEW LINE (52.36 KM) - [N22000480,229.0,,1886.05,405.86,723.6,1,7.236026200873362
RAILWAYS,JHARSUGUDA-BILASPUR 4TH LINE - [N22000484,1973.0,,2135.34,1875.15,8.23,1,0.08228079067410043
RAILWAYS,ANUPPUR-KATNI - [N22000485,1370.0,,2311.02,1459.96,68.69,1,0.6868759124087591
RAILWAYS,4TH LINE - BHILAI-BHILAI NAGAR (8.8 KM) (PB#72/NR/2022-23) - [N22000575,169.06,,177.34,0.02,4.9,1,0.04897669466461612
RAILWAYS,BONDAMUNDA RANCHI DOUBLING - [N22000396,1724.2,,3029.04,2022.68,75.68,1,0.7567799559215868
RAILWAYS,LODHMA TO PISKA LINK LINE BY PASSING HATIA/RANCHI WITH Y CONNECTION (17.2 KM) - [N22000508,428.65,,472.5,265.82,10.23,1,0.10229791204945765
RAILWAYS,PURULIA TO KOTSHILA DOUBLING (39.1 KM) - [N22000510,338.0,,393.83,139.09,16.52,1,0.16517751479289935
RAILWAYS,2,4.0,,5.0,6.0,9.0,1,0.25
RAILWAYS,ROURKELA-BONDAMUNDA A-CABIN 5TH LINE (10 KM) (UMBRELLA WORK PB#57/2019-20/NR) - [N22000571,209.75,,244.99,18.18,16.8,1,0.1680095351609059
RAILWAYS,BAGALKOT-KUDACHI NL - [N22000258,986.3,,1649.31,502.0,67.22,1,0.672219405860286
RAILWAYS,RAYADURGA-TUMKUR NL - [N22000279,2062.3,,2495.59,1359.89,21.01,1,0.21010037336953882
RAILWAYS,MARIKUPPAM - KUPPAM - [N22000308,279.54,,296.72,89.12,6.15,1,0.06145810975173501
RAILWAYS,HOTGI-KUDGI-GADAG - [N22000333,1614.59,,2458.87,2243.71,52.29,1,0.522906744126992
RAILWAYS,KADUR CHIKMAGALUR SAKLESHPUR NEW LINE (93 KM) - [N22000486,644.78,,825.31,564.07,28.0,1,0.27998697230062963
RAILWAYS,"PENUKONDA-DHARMAVARAM, EXCL. DHARMAVARAM (41.5 KM) - [N22000555",294.67,,307.66,97.36,4.41,1,0.04408321172837414
RAILWAYS,MALUGUR-PALASAMUDRAM (17.98 KM) (PB#29/NR/2022- 23) - [N22000556,323.14,,342.41,39.46,5.96,1,0.05963359534567073
RAILWAYS,HASSAN (ALUR) - BELUR (32 KM) (UMBRELLA WORK PB#23/2018-19/NR) - [N22000558,663.03,,748.85,0.34,12.94,1,0.12943607378248354
RAILWAYS,WHITEFIELD-KOLAR (52.9 KM) - [N22000560,162.13,,348.85,0.36,115.17,1,1.1516684142354903
RAILWAYS,MAYLADUTHURAI-THIRUVARUR-KARAIKUDI-THIRU 'PONDI'-AGASTIYAMPALLI - [N22000079,724.69,,3118.34,1917.34,330.3,1,3.3029985235066026
RAILWAYS,TIDIVANAM-NAGARI (NL) - [N22000085,582.83,,3631.34,763.7,523.05,1,5.230530343324812
RAILWAYS,MADURAI-TUTICORIN VIA ARUPPUKKOTTAI - [N22000215,120.7,,2053.39,334.97,1601.23,1,16.012344656172328
RAILWAYS,TRIVANDRUM-KANYAKUMARI DOUBLING - [N22000399,1431.9,,3785.45,3027.76,164.37,1,1.6436552831901665
RAILWAYS,TURAVUR-AMBALAPUZHA DOUBLING - [N22000400,1000.0,,1416.49,1.63,41.65,1,0.41649
RAILWAYS,Chinnasalem-Kallakurichi New Line (MM of cuddalore- Salem 191 KM) - [N22000567,417.5,,419.44,191.46,0.46,1,0.0046467065868263414
RAILWAYS,KARAIKAL - PERALAM NEW LINE (MM OF TIRUCHCHIRAPPALLI-NAGORE-KARAIKAL) - [N22000625,304.22,,373.42,225.18,22.75,1,0.22746696469660108
RAILWAYS,NAGAPATTINAM- THIRUTURAIPUNDI VIA THIRUKUVALAI NEW LINE (MM OF TIRUCHCHIRAPPALLI-NAGORE- KARAIKAL) - [N22000626,677.12,,788.05,165.0,16.38,1,0.16382620510396967
RAILWAYS,"RAMGANJMUNDI-BHOPAL (NL),WCR - [220100314",424.6,,5125.16,2596.43,1107.06,1,11.070560527555344
RAILWAYS,"LALITPUR-SATNA-REWA-SINGRULI NL, (NCR) - [220100232",247.66,,8248.5,2500.34,3230.57,1,32.30574174271178
RAILWAYS,2,4.0,,5.0,6.0,9.0,1,0.25
RAILWAYS,KATNI - SINGRAULI DOUBLING PROJECT - [N22000351,1763.93,,2445.3,2830.45,38.63,1,0.38627950088722346
RAILWAYS,KATNI-BINA 3RD LINE (263 KM) - [N22000415,2478.23,,2938.0,1279.35,18.55,1,0.18552353897741533
RAILWAYS,KATNI GRADE SEPARATOR/BYE PASS - [N22000416,582.13,,1247.64,1080.04,114.32,1,1.1432326112723963
RAILWAYS,RATLAM-MHOW-KHANDWA-AKOLA (GC) - [N22000120,3503.69,,6203.51,3510.08,77.06,1,0.7705647474519721
RAILWAYS,BHUJ-NALIYA(GC) WITH EXTENSION FROM NALIYA TO VAYOR (WR) - [N22000123,318.24,,1531.55,748.79,381.26,1,3.8125628456510805
RAILWAYS,CHOTTAUDEPUR-DHAR(NL) - [N22000138,1347.26,,1793.63,1395.03,33.13,1,0.33131689503139716
RAILWAYS,"DAHOD-INDORE VIA SARDARPUR, JHABUA AND DHAR (NL) - [N22000139",1640.04,,2873.11,1726.34,75.19,1,0.7518536133265044
RAILWAYS,MUMBAI CENTRAL VIRAR VADODARA AHMEDABAAD TRAIN PROTECTION SYSTEM 500 RKM - [N22000434,265.88,,311.36,,17.11,1,0.1710546111027532
RAILWAYS,ANAND GODHRA DOUBLING PROJECT 79 KMS - [N22000504,692.25,,692.26,384.31,0.0,1,1.4445648248452011e-05
RAILWAYS,MEHSANA-PALANPUR (65.1 KM) - [N22000534,529.3,,537.31,81.44,1.51,1,0.015133194785565825
RAILWAYS,RAJKOT-KANALUS (111.20 KM) - [N22000535,1011.72,,1080.57,369.55,6.81,1,0.06805242557229264
RAILWAYS,NIMACH-RATLAM (133 KM) - [N22000536,910.0,,1095.88,578.94,20.43,1,0.2042637362637364
RAILWAYS,HIMMATNAGAR-KHEDBRAHMA (54.83 KM) - [N22000537,354.99,,482.43,126.96,35.9,1,0.3589960280571284
RAILWAYS,PETLAD-BHADRAN (22.5 KM) - [N22000538,202.5,,307.12,31.3,51.66,1,0.516641975308642
RAILWAYS,NADIAD-PETLAD (37.26 KM) - [N22000539,335.34,,461.91,31.79,37.74,1,0.3774378242977279
RAILWAYS,SAMNI-JAMBUSAR (24.08 KM) - [N22000541,216.72,,349.93,47.99,61.47,1,0.6146640826873385
RAILWAYS,VIJAPUR-AMBLIYASAN (41.53 KM) - [N22000547,309.81,,415.38,121.72,34.08,1,0.34075723830734966
RAILWAYS,KALOL-KADI-KATOSAN ROAD (37.23 KM) - [N22000549,279.23,,346.94,135.0,24.25,1,0.24248827131755174
RENEWABLE ENERGY,CONSTRUCTION OF ATAL AKSHAY URJA BHAWAN CGO COMPLEX LODHI ROAD NEW DELHI - [N28000118,271.9,,366.12,329.49,34.65,1,0.34652445752114763
RENEWABLE ENERGY,2,4.0,,5.0,6.0,9.0,1,0.25
ROAD TRANSPORT AND HIGHWAYS,REHABILITATION AND UPGRADATION OF EXISTING NH- 565 FROM KM.86.057 TO 133.922 OF NAGARJUNASAGAR DAM T - [N24000282,195.45,,385.97,294.95,97.48,1,0.9747761575850604
ROAD TRANSPORT AND HIGHWAYS,CONSTRUCTION OF RING ROAD FOR RAEBARELI CITY (PHASE -I) ON EASTERN SIDE OF NH 24B - [N24000331,282.41,,319.96,269.08,13.3,1,0.13296271378492247
ROAD TRANSPORT AND HIGHWAYS,REHABILITATION AND UPGRADING TO 2 LANES/2 LANE WITH PAVED SHOULDERS CONFIGURATION OF BIRPUR - BIHPUR - [N24000382,675.0,,780.77,616.26,15.67,1,0.15669629629629628
ROAD TRANSPORT AND HIGHWAYS,REHABILITATION AND UPGRADING TO 2 LANES/2 LANE WITH PAVED SHOULDERS (KM 40 TO KM 219.945) OF NH- 104 - [N24000531,319.68,,503.28,430.14,57.43,1,0.5743243243243242
ROAD TRANSPORT AND HIGHWAYS,CONSTRUCTION OF REHABILITATION AND UPGRADING TO 2 LANES/2 LANE(FOR LOT-I-KM 40.00 TO KM 65.400 AND K - [N24000576,178.85,,278.54,232.61,55.74,1,0.5573944646351693
ROAD TRANSPORT AND HIGHWAYS,"PROCUREMENT, AND CONSTRUCTION OF REHABILITATION AND UPGRADING TO 2 LANES/2 LANE(FOR LOT-III-KM 156.5 - [N24000578",553.3,,706.39,604.73,27.67,1,0.2766853424905116
ROAD TRANSPORT AND HIGHWAYS,FOUR LANING OF GAYA-HISUA-RAJGIRI-NALANDA- BIHARSHARIF SECTION (KM0.00 TO 92.935) ON NH-82 IN BIHAR - [N24000579,1408.85,,2138.16,1687.62,51.77,1,0.5176633424424175
ROAD TRANSPORT AND HIGHWAYS,REHABILITATION AND UPGRADATION OF 2 LANE WITH PAVED SHOULDER FROM EXISTING KM. 195.175 TO KM. 220.00 - [N24000782,460.73,,461.0,,0.06,1,0.0005860265231263035
ROAD TRANSPORT AND HIGHWAYS,Rehabilitation and up gradation to 2 lane with paved shoulder configuration from existing km. 122.00 - [N24000820,237.8,,238.0,222.13,0.08,1,0.0008410428931875047
ROAD TRANSPORT AND HIGHWAYS,CONSTRUCTION OF NEW ROAD AT THE MISSING LINK PORTION OF NH-81 ALONG THE APPROVED ALIGNMENT BETWEEN H - [N24000874,271.17,291.2,291.2,175.0,7.39,1,0.07386510307187363
ROAD TRANSPORT AND HIGHWAYS,CONSTRUCTION OF ROB AND ITS APPROACHES IN LIEU OF UNMANNED LEVEL CROSSING AT KM 303.9 ON NH-60 (PAND - [N24000885,160.27,,213.97,144.31,33.51,1,0.3350595869470268
ROAD TRANSPORT AND HIGHWAYS,CONSTRUCTION OF TWINS 2-LANE ROB AND ITS APPROACHES IN REPLACEMENT OF EXISTING LEVEL CROSSING GATE N - [N24000887,236.78,,263.26,211.51,11.18,1,0.11183376974406618
ROAD TRANSPORT AND HIGHWAYS,WIDENING AND PAVED SHOULDER OF TOHANA (IN HARYANA) PUNJAB/HARYANA BORDER TO MOONAK- JAKHAL-BUDHLADA - [N24000907,293.1,,315.0,306.6,7.47,1,0.07471852610030698
ROAD TRANSPORT AND HIGHWAYS,CONSTRUCTION OF TIMMAPURAM TO GURJANAPALLE SECTION FROM KM 26.150 TO 41.161 OF NH- 214(NH216)(KAKINAD - [N24000964,350.61,,411.18,407.92,17.28,1,0.17275605373491912
ROAD TRANSPORT AND HIGHWAYS,2,4.0,,5.0,6.0,9.0,1,0.25
ROAD TRANSPORT AND HIGHWAYS,REHABILITATION AND UPGRADATION OF LOSARI- MACHAVARAM SECTION FROM KM34/230 TO KM84/550 OF NH214(NH216 - [N24000967,444.84,,459.37,423.36,3.27,1,0.03266342954770261
ROAD TRANSPORT AND HIGHWAYS,REHABILITATION UPGRADATION OF NH214(NH216) FROM KM41.161 TO KM59.800(GURJANAPALLI TO POLEKURU SECT - [N24000966,348.95,,355.69,317.36,1.93,1,0.019315088121507406
ROAD TRANSPORT AND HIGHWAYS,REHABILITATION AND UPGRADATION OF MACHILIPATNAM TO AVANIGADDA SECTION FROM KM84/550 - 124/200 OF NH2 - [N24000968,376.25,,414.44,405.97,10.15,1,0.1015016611295681
ROAD TRANSPORT AND HIGHWAYS,REHABILITAITON AND UPGRADATION OF REPALLE TO EEPPURPALEM SECTION FROM KM 128/927 TO KM 195/000 OF NH - [N24000970,576.48,,686.13,685.2,19.02,1,0.19020607826810987
ROAD TRANSPORT AND HIGHWAYS,WIDENING AND STRENGTHENING/ RECONSTRUCTION OF EXISTING PAVEMENT TO FOUR ALNE WITH PAVED SHOULDERS FR - [N24000998,193.19,,249.72,222.58,29.26,1,0.292613489311041
ROAD TRANSPORT AND HIGHWAYS,WIDENING TO TWO LANE WITH PAVED SHOULDER FROM KM 544.200 TO KM 594.000 OF NH-150A HOSMANE CROSS – PA - [N24001156,166.67,,264.34,192.08,58.6,1,0.5860082798344033
ROAD TRANSPORT AND HIGHWAYS,IMPROVEMENTS AND RECONSTRUCTION TO TWO LANE WITH PAVED SHOULDERS FROM KM 243.20 TO KM 290.20 OF NH - [N24001157,175.5,,241.6,178.73,37.66,1,0.3766381766381766
ROAD TRANSPORT AND HIGHWAYS,RECONSTRUCTION TO TWO LANE WITH PAVED SHOULDERS FROM DS. CH. 442+180 (EX. KM 448.00) TO DS. CH.485+2 - [N24001158,159.97,,242.61,113.15,51.66,1,0.5165968619116085
ROAD TRANSPORT AND HIGHWAYS,WIDENING TO TWO LANE WITH PAVED SHOULDERS FROM 24.600 TO 70.063 OF MUDIGERE TO KADUR SECTION OF NH- - [N24001161,297.3,,318.28,277.27,7.06,1,0.0705684493777328
ROAD TRANSPORT AND HIGHWAYS,IMPROVEMENT AND RECONSTRUCTION TO TWO LANE WITH PAVED SHOULDERS FROM KM 489.845 (NEW KM.58.125) AN - [N24001162,325.86,,386.41,356.76,18.58,1,0.18581599459890755
ROAD TRANSPORT AND HIGHWAYS,CONSTRUCTION OF MAJOR BRIDGE AT KM 180.865 ACROSS RIVER KRISHNA ON NH-167 HAGARI – JADERCELA SECTION - [N24001173,157.32,188.0,187.61,43.16,19.25,1,0.1925375031782356
ROAD TRANSPORT AND HIGHWAYS,REHABILITATION AND UPGRADATION OF NH 43 KANKER TO BEDMA SECTION KM. 130 TO 180 - [N24001217,497.14,,572.66,351.76,15.19,1,0.15190891901677592
ROAD TRANSPORT AND HIGHWAYS,REHABILITATION AND UPGRADATION OF NH 200 FROM KM 178.944 TO 241.553 BANARI VILLAGE TO MASANIA KALA V - [N24001219,476.2,544.0,543.73,501.42,14.18,1,0.14181016379672412
ROAD TRANSPORT AND HIGHWAYS,REHABILITATION AND UPGRADATION OF NH 78 FROM KM 373.505 TO 469.300 AMBIKAPUR TO PATHALGAON SECTION - [N24001221,624.98,,731.5,601.11,17.04,1,0.17043745399852792
ROAD TRANSPORT AND HIGHWAYS,WIDENING TO 2 LANES WITH PAVED SHOULDERS FROM KM.87/000 TO 133/720 (NATTUKAL TO THANAU JN. IN PALAKK - [N24001369,294.28,,296.53,285.3,0.76,1,0.007645779529699606
ROAD TRANSPORT AND HIGHWAYS,WIDENING EXISTING 2 LANE TO 4 LANE WITH PAVED SHOULDER INCLUDING STRENGTHENING CARRIAGEWAY FROM KM 8 - [N24001380,302.62,,345.62,324.68,14.21,1,0.14209239310025776
ROAD TRANSPORT AND HIGHWAYS,WIDENING AND STRENGTHENING OF SECTION FROM BHARTHANA CHOWK TO KODARKOOT (KM. 0.00 TO KM. 40.00) OF - [N24001587,262.37,,343.77,193.78,31.02,1,0.31024888516217547
ROAD TRANSPORT AND HIGHWAYS,2,4.0,,5.0,6.0,9.0,1,0.25
ROAD TRANSPORT AND HIGHWAYS,CONSTRUCTION OF BYPASS TO GUDIYATHAM TOWN IN KM 23/100 – 29/250 INCLUDING LA AND SHIFTING OF NH- 234 - [N24001828,221.03,,243.95,114.24,10.37,1,0.10369633081482146
ROAD TRANSPORT AND HIGHWAYS,UPGRADATION OF DHORAJI JAMKANDORNA KALAVAD SECTION OF NH 927D FROM DESIGN CHAINAGE KM 00 TO KM 58.11 - [N24002117,246.6,,291.0,29.33,18.0,1,0.18004866180048665
ROAD TRANSPORT AND HIGHWAYS,UPGRADATION TO TWO LANE WITH PAVED SHULDER CONFIGUARATION FROM KM 00 TO 47 OF NH 351 MAHUVA TO BADHA - [N24002118,173.06,,219.0,0.15,26.55,1,0.26545706691320925
ROAD TRANSPORT AND HIGHWAYS,FOUR LANING OF NUMALIGARH TO JORHAT SECTION FROM KM. 402.500 TO KM. 453.000 (DESIGN KM 403.200 TO KM - [N24000305,454.89,,814.56,569.94,79.07,1,0.7906746686012002
ROAD TRANSPORT AND HIGHWAYS,4 LANING OF NH 37 SECTION BETWEEN END OF MORAN BYPASS TO BOGIBEEL JUNCTION NEAR LAPETKETA (KM. 561 - [N24000583,252.0,,330.3,146.28,31.07,1,0.3107142857142858
ROAD TRANSPORT AND HIGHWAYS,FOUR LANING OF DIMAPUR KOHIMA ROAD FROM DESIGN KM 123.840 TO KM 138.775 (EXISTING KM 124.100 TO KM 1 - [N24000686,373.07,,387.0,382.5,3.73,1,0.03733883721553598
ROAD TRANSPORT AND HIGHWAYS,(I) CONSTRUCTION OF FOUR/SIX LANING FROM KM 132.375 TO KM 158.058 (TOTAL NEW ALIGNMENT LENGTH OF 20. - [N24000752,387.0,,391.02,386.81,1.04,1,0.01038759689922476
ROAD TRANSPORT AND HIGHWAYS,(II) CONSTRUCTION OF DIMAPUR BYPASS (ASSAM PORTION) OF 4/6 LANE PAVEMENT ON EPC BASIS FROM EXISTING - [N24000753,500.09,,698.81,365.22,39.74,1,0.3973684736747385
ROAD TRANSPORT AND HIGHWAYS,WIDENING AND UP-GRADATION TO 2-LANE WITH PAVED SHOULDER CONFIGURATION AND GEOMETRIC IMPROVEMENTS FRO - [N24000857,519.09,,785.65,640.68,51.35,1,0.513514034175191
ROAD TRANSPORT AND HIGHWAYS,WIDENING AND UP-GRADATION TO 2-LANE WITH PAVED SHOULDER CONFIGURATION AND GEOMETRIC IMPROVEMENTS FRO - [N24000858,640.07,,1286.35,1140.04,100.97,1,1.0097020638367675
ROAD TRANSPORT AND HIGHWAYS,WIDENING AND UP-GRADATION TO 2-LANE WITH PAVED SHOULDER CONFIGURATION AND GEOMETRIC IMPROVEMENTS FRO - [N24000859,642.96,,988.23,697.56,53.7,1,0.5370007465472191
ROAD TRANSPORT AND HIGHWAYS,WIDENING AND UP-GRADATION TO 2-LANE WITH PAVED SHOULDER CONFIGURATION AND GEOMETRIC IMPROVEMENTS FRO - [N24000861,473.18,,688.25,508.51,45.45,1,0.45452047846485477
ROAD TRANSPORT AND HIGHWAYS,WIDENING AND UP-GRADATION TO 2-LANE WITH PAVED SHOULDER CONFIGURATION AND GEOMETRIC IMPROVEMENTS FRO - [N24000862,537.82,,789.05,729.36,46.71,1,0.4671265479156593
ROAD TRANSPORT AND HIGHWAYS,WIDENING AND UP-GRADATION TO 2-LANE WITH PAVED SHOULDER CONFIGURATION AND GEOMETRIC IMPROVEMENTS FRO - [N24000863,518.53,,906.76,762.6,74.87,1,0.748712707075772
ROAD TRANSPORT AND HIGHWAYS,WIDENING AND UP-GRADATION TO 2-LANE WITH PAVED SHOULDER CONFIGURATION AND GEOMETRIC IMPROVEMENTS FRO - [N24000864,404.29,,750.32,567.59,85.59,1,0.8558955205421851
ROAD TRANSPORT AND HIGHWAYS,WIDENING AND UP-GRADATION TO 2-LANE WITH PAVED SHOULDER CONFIGURATION AND GEOMETRIC IMPROVEMENTS FRO - [N24000865,428.11,,746.39,565.65,74.35,1,0.7434537852421106
ROAD TRANSPORT AND HIGHWAYS,2,4.0,,5.0,6.0,9.0,1,0.25
ROAD TRANSPORT AND HIGHWAYS,FOUR LANING OF BALACHERA-HARANGAJAO SECTION OF NH-54 (EXT) FROM KM 275.00 TO KM 244.000 IN THE STATE - [N24000902,818.0,,887.68,871.51,8.52,1,0.08518337408312952
ROAD TRANSPORT AND HIGHWAYS,CONSTUCTION/UPGRADATION OF EXISTING HIGHWAY TO 2 LANE WITH PAVED SHOULDER FROM KM 26.10 TO KM 40.00 - [N24001254,242.97,,244.45,246.91,0.61,1,0.006091286990163353
ROAD TRANSPORT AND HIGHWAYS,CONSTRUCTION AND UPGRADATION OFEXISTINGROAD TO 2-LANE WITH PAVED SHOULDER INCLUDING GEOMETRIC IMPROV - [N24001262,345.38,,395.59,352.31,14.54,1,0.14537610747582366
ROAD TRANSPORT AND HIGHWAYS,REHABILITATION AND UPGRADATION OF ROAD FROM KM 0.00 TO KM 18.600 OF KUMARGHAT-KAILASHAHAR SECTION - [N24001263,277.5,,302.02,252.1,8.84,1,0.0883603603603603
ROAD TRANSPORT AND HIGHWAYS,CONSTRUCTION OF TWO LANE WITH PAVED SHOULDER OF SELLING-DULTE SECTION OF NH-06 (PKG-I) - [N24001278,206.88,,219.33,256.29,6.02,1,0.060179814385150895
ROAD TRANSPORT AND HIGHWAYS,CONSTRUCTION OF TWO LANE WITH PAVED SHOULDER OF SELLING-DULTE SECTION OF NH-06 (PKG-III) - [N24001281,292.24,,331.17,275.8,13.32,1,0.13321242814125378
ROAD TRANSPORT AND HIGHWAYS,2 LANING OF KOHIMA - JESSAMI SECTION (PACKAGE III) - [N24001284,361.53,,365.42,189.26,1.08,1,0.010759826293806996
ROAD TRANSPORT AND HIGHWAYS,KAILASHAHAR TO KHOWAI PKG-4 - [N24001309,159.13,,171.5,79.43,7.77,1,0.07773518506881169
ROAD TRANSPORT AND HIGHWAYS,2-LANING FROM JOLAIBARI - BELONIA - [N24001317,201.99,,287.47,139.41,42.32,1,0.423189266795386
ROAD TRANSPORT AND HIGHWAYS,CONSTRUCTION OF 2-LANE ROAD WITH PAVED SHOULDER (GREENFIELD ALIGNMENT) OF EXISTING STRETCH BETWEEN L - [N24001322,183.31,,439.56,346.67,139.79,1,1.3979051879330096
ROAD TRANSPORT AND HIGHWAYS,CONSTRUCTION OF 2-LANE SPECIFICATION ROAD WITH PAVED SHOULDER AS REALIGNMENT (GREENFIELD ALIGNMENT) - [N24001325,262.84,,414.2,216.21,57.59,1,0.5758636432810836
ROAD TRANSPORT AND HIGHWAYS,CONSTRUCTION AND UPGRADATION OF EXISTING ROAD TO 2-LANE WITH PAVED SHOULDER FROM KM27.200 (END OF RO - [N24001336,230.45,,244.91,198.49,6.27,1,0.06274679973963987
ROAD TRANSPORT AND HIGHWAYS,TLABUNG - LUNGLEI PKG-A - [N24001358,698.44,,698.45,350.43,0.0,1,1.431762212930374e-05
ROAD TRANSPORT AND HIGHWAYS,PEREN-DIMAPUR PKG-3 - [N24001912,177.77,,199.02,7.98,11.95,1,0.11953647972098778
ROAD TRANSPORT AND HIGHWAYS,VARANASI-AURANGABAD KM.786 TO KM.978.40 - [N24000182,2848.0,,3241.56,3901.66,13.82,1,0.138188202247191
ROAD TRANSPORT AND HIGHWAYS,4-LANING OF GOA/KARNATAKA BORDER-KUNDAPUR SECTION - [N24000462,1655.01,,2639.0,1822.06,59.46,1,0.5945522987776509
ROAD TRANSPORT AND HIGHWAYS,4 LANING OF NH-31D FROM GHOSHPUKUR - SALSALABARI ( KM 0.00 TO KM . 83.785) - [N24000463,1083.0,,1414.01,,30.56,1,0.3056417359187442
ROAD TRANSPORT AND HIGHWAYS,FOUR LANING OF UDHAMBUR - RAMBAN SECTION OF NH-1A - [N24000488,2136.97,,2644.0,2362.99,23.73,1,0.2372658483740999
ROAD TRANSPORT AND HIGHWAYS,FOUR LANING OF BAKHTIYARPUR - MOKAMA SECTION OF NH-31 - [N24000507,1167.45,,1182.94,707.88,1.33,1,0.013268234185618235
ROAD TRANSPORT AND HIGHWAYS,2,4.0,,5.0,6.0,9.0,1,0.25
ROAD TRANSPORT AND HIGHWAYS,SIX-LANING OF BARWA ADDA-PANAGARH - [N24000515,1665.0,,4860.41,4878.1,191.92,1,1.919165165165165
ROAD TRANSPORT AND HIGHWAYS,4-LANNING OF VARANASI GORAKHPUR SECTION OF NH- 29 FROM 88.00 148.00 KM 4-LANNING OF VARANASI GORAKHPU - [N24000549,1396.74,,4300.0,3983.38,207.86,1,2.078597305153429
ROAD TRANSPORT AND HIGHWAYS,4-LANNING OF VARANASI GORAKHPUR SECTION OF NH- 29 FROM 148.00 208.300 KM [PACKAGE-IV] - [N24000551,1587.49,,3500.0,3157.0,120.47,1,1.2047382975640792
ROAD TRANSPORT AND HIGHWAYS,FOUR LANNING OF RAMPUR- KATHGODAM SECTION OF NH-87 FROM KM 0.000 (KM. 190.000 OF NH-24) TO KM 42.791 - [N24000556,899.0,,1623.88,1058.84,80.63,1,0.8063181312569523
ROAD TRANSPORT AND HIGHWAYS,FOUR LANNING OF RAMPUR- KATHGODAM SECTION OF NH-87 FROM KM 42.791 (DESIGN CHAINAGE 43.446) TO KM 88 - [N24000559,720.0,,1150.0,557.04,59.72,1,0.5972222222222222
ROAD TRANSPORT AND HIGHWAYS,4-LANNING OF HARIDWAR-NAGINA SECTION OF NH 74 FROM (KM 204.300 OF NH 58) TO KM 73.00 - [N24000564,1408.0,,1659.12,1157.85,17.84,1,0.17835227272727264
ROAD TRANSPORT AND HIGHWAYS,HOSPET-BELLARY-KARNATAKA AP BORDER - [N24000603,1167.42,,1224.01,742.18,4.85,1,0.04847441366431954
ROAD TRANSPORT AND HIGHWAYS,FOUR LANNING OF NERCHOWK-PANDOH BYPASS SECTION OF NH-21(PACKAGE-I KM 190.000 TO KM 221.305) UNDER NH - [N24000613,1273.71,,1478.61,1351.62,16.09,1,0.16086864356878713
ROAD TRANSPORT AND HIGHWAYS,TWO/FOUR LANNING OF BRT TIGER RESERVE BOUNDARY TO BANGALORE SECTION OF NH- 209(EXISTING CHAINAGE FROM - [N24000622,950.69,,1487.46,1607.58,56.46,1,0.5646109667715028
ROAD TRANSPORT AND HIGHWAYS,SIX LANNING FROM KM. 401.200 TO 494.410 OF NH-8 ON HYBRID ANNUITY MODE UNDER NHDP-V(PKG VI)REG. - [N24000649,1251.11,,1361.0,682.44,8.78,1,0.08783400340497646
ROAD TRANSPORT AND HIGHWAYS,4-LANNING OF BODHRE-DHULE SECTION(KM 390.000 TO 452.800) - [N24000656,744.64,,1007.0,362.98,35.23,1,0.3523313278899871
ROAD TRANSPORT AND HIGHWAYS,4-LANNING OF WARANGA-MAHAGAON SECTION(KM 253.7000 TO 320.580) - [N24000659,1059.73,,1071.0,878.19,1.06,1,0.010634784331858098
ROAD TRANSPORT AND HIGHWAYS,CONSTRUCTION OF PARTIALLY ACESS CONTROLLED FOUR LANE ELEVATED HIGHWAY BETWEEN SAMRALA CHOWK (DESIGN - [N24000662,754.54,,808.6,800.29,7.16,1,0.07164630105759809
ROAD TRANSPORT AND HIGHWAYS,TWO-LANNING WITH PAVED SHOULDER OF MAHSHKUNT-SAHARSA-PURNEA SECTION FROM EXISTING KM.89.020 (DESIGN - [N24000665,672.89,,830.31,304.68,23.39,1,0.2339461130348199
ROAD TRANSPORT AND HIGHWAYS,SIX-LANNING OF GREENFIELD PROPOSED UDAIPUR BYPASS PKG-IV - [N24000691,894.0,,929.32,915.67,3.95,1,0.039507829977628695
ROAD TRANSPORT AND HIGHWAYS,SIX LANNING OF AUNTA-SIMARIA(GANGA BRIDGE WITH APPROACH ROADS) SECTION OF NH-31 - [N24000696,950.64,,1168.33,932.99,22.9,1,0.22899309938567697
ROAD TRANSPORT AND HIGHWAYS,4-LANNING OF THALSERRY -MAHE BYPASS - [N24000704,1124.11,,1567.73,1520.21,39.46,1,0.3946410938431294
ROAD TRANSPORT AND HIGHWAYS,REHABILITATION AND UPGRADATION OF TWO LANING OF MAHESHKHUNT - SAHARSA - PURNEA SECTION PKG - I - [N24000723,573.7,,726.99,452.2,26.72,1,0.26719539829179006
ROAD TRANSPORT AND HIGHWAYS,2,4.0,,5.0,6.0,9.0,1,0.25
ROAD TRANSPORT AND HIGHWAYS,FOUR LANING OF BARHI - KODERMA SECTION OF NH - 31 - [N24000725,273.46,,276.17,244.92,0.99,1,0.009910041687998378
ROAD TRANSPORT AND HIGHWAYS,REHABILITATION AND UP-GRADATION OF EXISTING 2- LANE TO FOUR LANE FROM TALCHAR TO END OF KAMAKHYANAG - [N24000734,614.48,,757.12,664.48,23.21,1,0.23213123291238116
ROAD TRANSPORT AND HIGHWAYS,REHABILITATION AND UPGRADATION OF CUTTACK- ANGUL SECTION TO 4 LANE (KM 60.20) TO (KM 112.0) PKG II ON - [N24000736,686.65,,1015.16,435.85,47.84,1,0.47842423359790287
ROAD TRANSPORT AND HIGHWAYS,REHABILITATION AND UPGRADATION OF SIX LANING OF BHADRAK BALESHWAR SECTION (KM 136.50) TO (KM 199.141 - [N24000738,999.0,,1152.7,339.23,15.39,1,0.1538538538538539
ROAD TRANSPORT AND HIGHWAYS,REHABILITATION AND UP-GRADATION TO 4-LANING OF RAJAMUNDA-BARKOTE SECTION OF NH-23 (NEW NH NO. 143) ( - [N24000739,503.88,,609.03,327.05,20.87,1,0.20868063824720168
ROAD TRANSPORT AND HIGHWAYS,6-LANING OF KOZHIKODE BYPASS (CALICUT BYPASS) (I.E. VENGALAM JN. TO RAMANATTUKARA JN.) SECTION OF NH - [N24000784,1424.77,,1862.77,665.38,30.74,1,0.307418039402851
ROAD TRANSPORT AND HIGHWAYS,CONSTRUCTION OF NH-24 EXTENSION 4-LANE BYPASS STARTING FROM BEHTA ROAD AND TERMINATING AT SITAPUR RO - [N24000796,1117.84,,1203.92,1165.5,7.7,1,0.07700565376082459
ROAD TRANSPORT AND HIGHWAYS,CONSTRUCTION OF SIX LANING OF DEDICATED PORT ROAD TO KRISHNAPATNAM PORT (PACKAGE-I) KM 0+000 TO KM 1 - [N24000811,314.43,,348.72,85.61,10.91,1,0.10905447953439563
ROAD TRANSPORT AND HIGHWAYS,DEVELOPMENT OF NEWLY DECLARED NH-527C FROM MAJHAULI TO CHAROUT SECTION TO 2 LANE WITH PAVED SHOULDER - [N24000813,496.2,,537.17,366.24,8.26,1,0.08256751309955657
ROAD TRANSPORT AND HIGHWAYS,FOUR LANINIG OF CHETTIKULAM TO NATHAM SECTION OF NH-785 FROM CHETTIKULUM (KM 7.300) TO NATHAM (KM. 3 - [N24000826,505.35,,837.69,376.61,65.76,1,0.6576432175719799
ROAD TRANSPORT AND HIGHWAYS,FOUR LANING OF MADURAI- CHETTIKULAM SECTION OF NH-785 FROM MADURAI (KM 0/000) TO CHETTICULAM (7/300) - [N24000827,628.71,,756.13,583.02,20.27,1,0.2026689570708275
ROAD TRANSPORT AND HIGHWAYS,CONSTRUCTION OF EIGHT LANE VADODARA KIM EXPRESSWAY FROM KM 254.430 TO KM 279.000 (KIM TO ANKLESHWAR - [N24000834,1161.39,,1404.0,418.51,20.89,1,0.208896236406375
ROAD TRANSPORT AND HIGHWAYS,CONSTRUCTION OF 8 LANE DWARKA EXPRESSWAY (NH-248BB PACKAGE IV FROM RAIL OVER BRIDGE (ROB) TILL END P - [N24000835,1484.3,,2182.41,1237.02,47.03,1,0.47032944822475237
ROAD TRANSPORT AND HIGHWAYS,CONSTRUCTION OF 8 LANING OF EXISTING 4 LANE VADAPE TO THANE FROM KM 539.202 TO KM 563.000 SECTION OF - [N24000851,1162.92,,1182.87,371.48,1.72,1,0.017155092353730108
ROAD TRANSPORT AND HIGHWAYS,"FOUR LANING OF SOLAN-KAITHLIGHAT SECTION OF NH- 22 (NOW NH-5) FROM KM 106.139 TO KM 129.050, ON EPC M - [N24000852",478.74,,1514.46,1172.11,216.34,1,2.163429001127961
ROAD TRANSPORT AND HIGHWAYS,4-LANING OF LOHA - WARANGA SECTION OF NH-361 FROM KM. 187.800 TO KM. 244.369 (DESIGN LENGTH 56.569 K - [N24000854,1005.08,,1073.1,699.05,6.77,1,0.06767620487921346
ROAD TRANSPORT AND HIGHWAYS,SIX LANING OF CHAKERI TO ALLAHABAD SECTION OF NH-2 FROM KM 483.687 TO KM 628.753 (DESIGN LENGTH – 14 - [N24001185,2159.0,,2262.0,2245.43,4.77,1,0.047707271885132005
ROAD TRANSPORT AND HIGHWAYS,2,4.0,,5.0,6.0,9.0,1,0.25
ROAD TRANSPORT AND HIGHWAYS,CONSTRUCTION OF EIGHT LANE ACCESS CONTROLLED EXPRESSWAY CARRIAGEWAY FROM BANI VILLAGE TO BARDAWADI V - [N24001212,656.98,,840.0,812.0,27.86,1,0.2785777344820238
ROAD TRANSPORT AND HIGHWAYS,CONSTRUCTION OF EIGHT LANE ACCESS CONTROLLED EXPRESSWAY CARRIAGEWAY FROM RAJASTHAN/MP BORDER TO JODM - [N24001214,217.96,,884.0,2248.0,305.58,1,3.055790053220774
ROAD TRANSPORT AND HIGHWAYS,6-LANING OF VIJAYAWADA BYPASS FROM CHINNA AVUTUPALLI (DESIGN CH.0+000) TO GOLLAPUDI (DESIGN CH. 30+0 - [N24001300,1226.88,,1581.24,1419.23,28.88,1,0.2888302034428794
ROAD TRANSPORT AND HIGHWAYS,BALANCE WORK OF 4- LANING OF PATNA-GAYA-DOBHI SECTION (KM. 0.00 TO KM. 127.217) OF NH-83 IN THE STAT - [N24001303,649.9,,750.0,711.53,15.4,1,0.1540236959532236
ROAD TRANSPORT AND HIGHWAYS,BALANCE WORK OF 4- LANING OF PATNA-GAYA-DOBHI SECTION (KM. 39.00 TO KM. 83.00) OF NH-83 IN THE STATE - [N24001304,446.97,,740.5,638.8,65.67,1,0.6567107412130567
ROAD TRANSPORT AND HIGHWAYS,BALANCE WORK OF 4- L ANING OF PATNA-GAYA-DOBHI SECTION (KM.83.00 TO KM. 127.217) OF NH-83 IN THE STA - [N24001305,464.09,,765.12,698.25,64.86,1,0.6486457368182896
ROAD TRANSPORT AND HIGHWAYS,MOHOL TO WAKHARI PACKAGE1 SANT DNYANESHWAR MAHARAJ PALKHI MARG SECTION OF NH965 - [N24001377,731.89,,731.99,678.97,0.01,1,0.00013663255407236435
ROAD TRANSPORT AND HIGHWAYS,WAKHARI TO KHUDUS PACKAGE2 SANT DNYANESHWAR MAHARAJ PALKHI MARG SECTION OF NH965 - [N24001378,362.46,,372.46,346.15,2.76,1,0.02758925122772168
ROAD TRANSPORT AND HIGHWAYS,KHUDUS TO DHARAMPURI PACKAGE 3 SANT DNYANESHWAR MAHARAJ PALKHI MARG SECTION OF NH965 - [N24001379,594.75,,613.75,581.87,3.19,1,0.031946195880622114
ROAD TRANSPORT AND HIGHWAYS,DELHI-AMRITSAR-KATRA EXPRESSWAY (PHASE-I PKG- VI) FROM JUNCTION WITH PATIALA-SAMANA-PATRAN ROAD (SH-1 - [N24001414,733.0,,908.28,863.78,23.91,1,0.23912687585266026
ROAD TRANSPORT AND HIGHWAYS,FOUR LANING OF VILUPPURAM TO PUDHUCHERRY (DESIGN CH. KM. 00/000 TO KM. 29/000) SECTION OF NH- 45A ON - [N24001428,998.7,,1358.32,866.81,36.01,1,0.3600881145489135
ROAD TRANSPORT AND HIGHWAYS,FOUR LANÌNG OF PUDUCHERRY (KM.29/000) TO POONDIYANKUPPAM (KM.67/000) SECTION OF NH-45A ON HAM UNDER - [N24001429,1294.47,,1588.4,786.77,22.71,1,0.22706590341993252
ROAD TRANSPORT AND HIGHWAYS,FOUR LANING OF POONDIYANKUPPAM (KM.67/000) TO SATTANATHAPOURAM (KM.123/800) SECTION OF NH-45A ON HAM - [N24001430,2120.4,,2565.63,1429.17,21.0,1,0.20997453310696096
ROAD TRANSPORT AND HIGHWAYS,FOUR LANING OF SATTANATHAPURAM (KM.123/800) TO NAGAPATTINAM (KM.179/555) SECTION OF NH-45A ON HAM UN - [N24001431,1872.68,,2756.09,1066.8,47.17,1,0.4717356942990794
ROAD TRANSPORT AND HIGHWAYS,CONSTRUCTION OF 4 LANE ACCESS CONTROLLED NEW GREENFIELD HIGHWAY SECTION OF NH 365BG FROM RECHARLA VI - [N24001476,517.05,,655.06,473.67,26.69,1,0.2669180930277536
ROAD TRANSPORT AND HIGHWAYS,CONSTRUCTION OF 4 LANE ACCESS CONTROLLED NEW GREENFIELD HIGHWAY SECTION OF NH-365BG (KHAMMAM-DEVARAP - [N24001477,622.0,,817.91,440.55,31.5,1,0.3149678456591639
ROAD TRANSPORT AND HIGHWAYS,PATAS-VASUNDE PHATA - BARAMATI BYPASS - [N24001501,531.86,,532.41,520.71,,1,0.0010341067198133991
ROAD TRANSPORT AND HIGHWAYS,2,4.0,,5.0,6.0,9.0,1,0.25
ROAD TRANSPORT AND HIGHWAYS,4L OF BARAMATI TO INDAPUR (PKG-II) FROM KM. 41.400 TO KM. 84.550 OF NH-965G (SAINT TUKARAM MARG) - [N24001502,624.45,,627.79,398.06,0.53,1,0.005348706862038462
ROAD TRANSPORT AND HIGHWAYS,"CONSTRUCTION OF 4-LANE NH-344P-PACKAGE-4 (FROM KM 0+000 TO KM 29+600, 29.6KM), STARTING FROM BAWANA - [N24001532",694.0,,1500.0,1398.08,116.14,1,1.1613832853025936
ROAD TRANSPORT AND HIGHWAYS,CONSTRUCTION OF 4-LANE GREEN FIELD DELHI- AMRITSAR-KATRA EXPRESSWAY (NE-05) FROM JUSSUR KHERI ON KMP - [N24001533,1690.23,,2010.17,917.09,18.93,1,0.1892878483993303
ROAD TRANSPORT AND HIGHWAYS,4-LANING OF GOHANA-SONIPAT (PKG-2) SECTION FROM KM 40.601 TO KM 78.837 (LENGTH = 38.236KM) OF NH- 352 - [N24001535,899.0,,1882.46,987.25,109.39,1,1.0939488320355952
ROAD TRANSPORT AND HIGHWAYS,FOUR LANING OF JIND GOHANA GREENFIELD ALIGNMENT PACKAGE 1 IN THE STATE OF HARYANA UNDER HYBRID ANNUI - [N24001536,817.0,,1605.0,929.61,96.45,1,0.9645042839657283
ROAD TRANSPORT AND HIGHWAYS,DELHI-AMRITSAR-KATRA EXPRESSWAY (PHASE-II PKG- XVI) EXISTING JAKH (VIJAYPUR)-KUNJWANI SECTION OF NH-4 - [N24001550,1821.72,,1945.32,1635.74,6.78,1,0.06784796785455499
ROAD TRANSPORT AND HIGHWAYS,DELHI-AMRITSAR-KATRA EXPRESSWAY (PHASE-II PKG- XIV) FROM JUNCTION WITH PATHANKOT-GURDASPUR ROAD (NH-5 - [N24001551,3044.02,,3299.14,2360.26,8.38,1,0.08381022463715741
ROAD TRANSPORT AND HIGHWAYS,DELHI-AMRITSAR-KATRA EXPRESSWAY (PHASE-II PKG- XV) [JUNCTION WITH HIRANAGAR ROAD NEAR VILLAGE GURHA B - [N24001552,2714.95,,3198.57,2484.16,17.81,1,0.17813219396305655
ROAD TRANSPORT AND HIGHWAYS,HARIHARGANJ TO PARWA MODE SECTION FROM KM 23.284 TO KM 57.049 OF NH-98 - [N24001589,755.26,,1039.0,534.87,37.57,1,0.37568519450255544
ROAD TRANSPORT AND HIGHWAYS,4L FROM KM 196.87 (SANKHA) TO KM 219.6 (KHAJURI) ON NH-75 [REHLA / GARHWA BYPASS] - [N24001590,748.99,,903.0,799.08,20.56,1,0.20562357307841225
ROAD TRANSPORT AND HIGHWAYS,4L OF PALMA TO GUMLA SECTION OF NH23 FROM KM. 26.00 TO KM. 89.170 ON HAM MODE IN THE STATE OF JHARKH - [N24001595,1034.0,,1699.48,41.5,64.36,1,0.6435976789168278
ROAD TRANSPORT AND HIGHWAYS,4-LANING OF ODDANCHATRAM - MADATHUKULAM SECTION OF NH-209 (NEW NH-83) - [N24001603,1518.53,,1607.54,915.4,5.86,1,0.058615898270037464
ROAD TRANSPORT AND HIGHWAYS,4 LANE OF BILASPUR TO URGA PROJECT (KM 0.00 TO KM 70.2) OF NH-130A - [N24001611,1855.59,1870.0,1869.85,368.32,0.77,1,0.007684887286523419
ROAD TRANSPORT AND HIGHWAYS,CORRIDOR EFFICIENCY IMPROVEMENT INCLUDING REMOVAL OF BLACK SPOTS IN LAKHANPUR - SAMBA SECTION OF NH- - [N24001619,200.05,200.0,208.92,67.57,4.43,1,0.04433891527118208
ROAD TRANSPORT AND HIGHWAYS,6L MINOR BRIDGE (PALOLI PALAM) AT KM. 203.160 and MAJOR BRIDGE (MORAD) AT KM. 204.895 AND ALLIED WOR - [N24001652,210.37,213.0,214.36,198.01,1.9,1,0.01896658268764562
ROAD TRANSPORT AND HIGHWAYS,SIX LANING FROM KAPPIRIKKAD TO THALIKULAM SECTION OF NH – 66 (OLD NH-17) FROM DESIGN CH. 335+850 (EX - [N24001655,3606.0,,3923.82,2951.34,8.81,1,0.0881364392678869
ROAD TRANSPORT AND HIGHWAYS,SIX LANING FROM THALIKULAM TO KODUNGALLUR SECTION OF NH – 66 (OLD NH-17) FROM DESIGN CH.369+015 (EX. - [N24001656,2595.0,,3994.6,2916.74,53.93,1,0.5393448940269749
ROAD TRANSPORT AND HIGHWAYS,2,4.0,,5.0,6.0,9.0,1,0.25
ROAD TRANSPORT AND HIGHWAYS,SIX LANING OF RAMANATTUKARA JUNCTION TO START OF VALANCHERY BYPASS SECTION OF NH-66 (OLD NH- 17) FROM - [N24001658,4265.42,,4708.42,3171.31,10.39,1,0.10385847114703828
ROAD TRANSPORT AND HIGHWAYS,SIX LANING FROM START OF VALANCHERY BYPASS TO KAPPIRIKKAD-SECTION OF NH-66(OLD NH-17) FROM DESIGN CH - [N24001659,3375.31,,3790.17,2082.51,12.29,1,0.1229101919527392
ROAD TRANSPORT AND HIGHWAYS,6L OF AZHIYUR-VENGALAM FROM KM. 189.200 TO KM. 230.400 OF NH-66 - [N24001661,3219.47,3713.0,3713.14,2067.11,15.33,1,0.15333890360835792
ROAD TRANSPORT AND HIGHWAYS,FOUR LANING OF BANAVARA TO BETTADAHALLI SECTION FROM KM. 119+790 (DESIGN KM. 121+900) TO KM. 166+100 - [N24001686,1065.06,1445.0,1444.5,151.25,35.63,1,0.3562616190637148
ROAD TRANSPORT AND HIGHWAYS,FOUR LANING OF BETTADAHALLI TO SRIRAMPURA SECTION FROM KM. 166+100 (DESIGN KM. 170+415) TO KM. 217+0 - [N24001687,1331.77,2083.0,2082.98,273.23,56.41,1,0.5640688707509556
ROAD TRANSPORT AND HIGHWAYS,FOUR LANING OF KARADI TO BANAVARA SECTION FROM KM. 66+540 (DESIGN KM. 65+195) TO KM. 119+790 (DESIGN - [N24001691,1225.24,1506.0,1505.85,68.58,22.9,1,0.22902451764552242
ROAD TRANSPORT AND HIGHWAYS,BALANCE WORKS OF FOUR LANE FROM KM 43+950 (THIRUVALLUR BYPASS) TO KM 61+470 (VEPPAMPATTU BYPASS) PAS - [N24001692,467.99,,468.0,18.83,0.0,1,2.1367977948227323e-05
ROAD TRANSPORT AND HIGHWAYS,FOUR LANING OF NERALURU TO THORAPALLI AGRAHARAM SECTION OF NH-844 (PKG-I) FROM KM.0+000 TO KM.23+350 - [N24001693,1751.18,,1757.27,49.69,0.35,1,0.00347765506686915
ROAD TRANSPORT AND HIGHWAYS,SIX LANNING OF AURANGABAD TO BIHAR/JHARKHAND BORDER SECTION OF NH-19 (OLD NH-2) FROM KM. 209.827 TO - [N24001700,552.55,553.0,553.0,21.0,0.08,1,0.0008144059361144612
ROAD TRANSPORT AND HIGHWAYS,CONSTRUCTION OF 4 LANE ELEVATED HIGHWAY AND AT-GRADE IMPROVEMENTS AT GOPALGANJ TOWN FROM DESIGN CH: - [N24001702,184.9,185.0,185.0,146.04,0.05,1,0.0005408328826392337
ROAD TRANSPORT AND HIGHWAYS,6 L OF AURANGABAD TO BIHAR-JHARKHAND BORDER (CHORDAHA) SECTION FROM KM. 180.000 TO KM. 209.827 OF N - [N24001703,786.81,787.0,787.0,,0.02,1,0.0002414814249946678
ROAD TRANSPORT AND HIGHWAYS,BAKHTIYARPUR RAJAULI PKG-II FROM KM 54.405 TO KM 101.630 NH20 - [N24001709,897.45,,1090.0,1037.63,21.46,1,0.2145523427488996
ROAD TRANSPORT AND HIGHWAYS,4 LANING FROM KM. 34.600 TO KM. 79.970 and 2LPS FROM KM. 79.970 TO KM. 82.000 OF NARENPUR - PURNEA S - [N24001710,2334.68,2335.0,2494.2,704.32,6.83,1,0.06832628026110645
ROAD TRANSPORT AND HIGHWAYS,BALANCE WORK OF TWO LANING WITH PAVED SHOULDER OF PIPRAKOTHI–MOTIHARI- RAXAUL SECTION OF NH-28A FRO - [N24001715,333.6,,461.41,368.23,38.31,1,0.38312350119904076
ROAD TRANSPORT AND HIGHWAYS,THOPPUR METTUR BHAVANI ERODE SECTION OF NH 544H FOR A LENGTH OF 85 KM - [N24001716,186.5,,210.81,12.92,13.03,1,0.13034852546916892
ROAD TRANSPORT AND HIGHWAYS,BANGALORE CHENNAI EXPRESSWAY PHASE-III PACKAGE III (ARAKKONAM TO KANCHEEPURAM) FROM KM 204.500 TO K - [N24001717,1155.49,,1458.45,424.27,26.22,1,0.2621917974192767
ROAD TRANSPORT AND HIGHWAYS,BANGALORE CHENNAI EXPRESSWAY PHASE-III PACKAGE II (WALAJAHPET TO ARAKKONAM) FROM KM 180.000 TO KM 2 - [N24001718,843.48,,1051.36,347.02,24.65,1,0.24645516194811956
ROAD TRANSPORT AND HIGHWAYS,2,4.0,,5.0,6.0,9.0,1,0.25
ROAD TRANSPORT AND HIGHWAYS,4L BANGALORE-CHENNAI EXPRESSWAY FROM KM. 230.000 TO KM. 261.705 OF KANCHEPURAM TO SRIPERUMBUDUR SECT - [N24001719,2948.31,,3516.83,659.75,19.28,1,0.19282911227109767
ROAD TRANSPORT AND HIGHWAYS,BANGALORE CHENNAI EXPRESSWAY PHASE-III – PACKAGE I (GUDIPALA TO WALAJAJHPET) FROM KM 156.000 TO KM 1 - [N24001720,1023.91,,1341.51,489.07,31.02,1,0.310183512222754
ROAD TRANSPORT AND HIGHWAYS,FOUR LANING OF MAMALLAPURAM TO MUGAIYUR SECTION OF NH332A FROM KM 0.000 TO KM 31.000 - [N24001721,1008.99,,1360.53,159.66,34.84,1,0.34840781375434837
ROAD TRANSPORT AND HIGHWAYS,KARAIPETTAI TO WALAJAPET FROM KM 71.015 TO 107.091 - [N24001723,707.9,,766.51,401.98,8.28,1,0.08279417996892219
ROAD TRANSPORT AND HIGHWAYS,6L OF SRIPERUMBUDUR TO KARAIPETTAI FROM KM 37.000 TO KM 71.015 OF NH 48 - [N24001725,819.89,,922.85,361.98,12.56,1,0.12557782141506793
ROAD TRANSPORT AND HIGHWAYS,4L SPUR OF PANIPAT - SHAMLI CONNECTING NH-709AD (PANIPAT – SHAMLI – MUZAFFARNAGAR) AND NH-709A (KARN - [N24001729,326.79,,329.79,87.78,0.92,1,0.009180207472688882
ROAD TRANSPORT AND HIGHWAYS,REHABILITATION and UPGRADATION FROM 2 LANE TO 4 LANE OF NH STRETCH UNDER BHARATMALA PARIYOJANA FOR U - [N24001739,1779.83,,2200.0,983.0,23.61,1,0.23607310810583038
ROAD TRANSPORT AND HIGHWAYS,SIX LANE OF PALSIT TO DANKUNI SECTION FROM 588.870 TO KM. 652.700 - [N24001747,2193.23,,2314.0,1762.34,5.51,1,0.05506490427360559
ROAD TRANSPORT AND HIGHWAYS,SIX LANING OF NATIONAL CORRIDOR NH19 FROM PANAGARH TO PALSIT IN THE STATE OF WEST BENGAL UNDER BHARA - [N24001748,2200.93,,2303.06,2303.06,4.64,1,0.046403111411994075
ROAD TRANSPORT AND HIGHWAYS,FOUR LANING OF BAL. WORKS OF BARASAT- KRISHNAGAR FROM KM.48.553 TO KM.115.272 - [N24001752,2375.87,,2843.79,2360.81,19.69,1,0.1969468026449259
ROAD TRANSPORT AND HIGHWAYS,4 LANING OF NAJIBABAD BYPASS OF NH-119 FROM KM. 105.423 TO KM. 118.373 (EXCLUDING 2.45 KM. OF NH-74 - [N24001753,570.98,,578.02,278.19,1.23,1,0.012329678797856253
ROAD TRANSPORT AND HIGHWAYS,4-LANING OF MEERUT NAJIBABAD SECTION FROM KM. 11.500 TO KM 39.250 AND KM 86.590 TO KM. 112.545.IN TH - [N24001755,1936.68,,2458.03,1380.9,26.92,1,0.2691978024247682
ROAD TRANSPORT AND HIGHWAYS,4L OF HARDA - BETUL (PKG-I) FROM KM.0 TO KM.30 [HARDA - TEMAGAON] - [N24001763,774.16,,893.08,464.84,15.36,1,0.15361165650511532
ROAD TRANSPORT AND HIGHWAYS,4L OF HARDA - BETUL (PKG-III) FROM KM. 81.00 TO KM.121.248 [CHICHOLI - BETUL] - [N24001764,814.04,,947.29,431.27,16.37,1,0.16368974497567687
ROAD TRANSPORT AND HIGHWAYS,6L ACCESS CONTROLLED HIGHWAY FROM DND MAHARANI BAGH JN. WITH JAITPUR PUSHTA ROAD OF NH 148NA FROM - [N24001773,1467.44,,1942.89,888.96,32.4,1,0.3239996183830344
ROAD TRANSPORT AND HIGHWAYS,CONSTRUCTION OF PROPOSED REWARI BYPASS (DESIGN LENGTH 14.4 KM) NH-11 AS A FEEDER ROUTE IN THE STATE - [N24001775,808.31,,958.0,803.78,18.52,1,0.18518885081218847
ROAD TRANSPORT AND HIGHWAYS,DWARKA EXPRESSWAY FROM KM -0.600 TO KM 5.300 - PKG-I (SHIVMURTI CHOWK-RUB NEAR DWARKA SECTOR 21) - [N24001779,2507.0,,3030.73,1155.7,20.89,1,0.20890706023135222
ROAD TRANSPORT AND HIGHWAYS,8L OF DWARKA EXPRESSWAY PKG-II (RUB NEAR DWARKA SECTOR 21-DL/HR BORDER) FROM 5.300 KM.TO 9.500 KM. O - [N24001781,2067.67,,2160.0,,4.47,1,0.04465412759289438
ROAD TRANSPORT AND HIGHWAYS,2,4.0,,5.0,6.0,9.0,1,0.25
ROAD TRANSPORT AND HIGHWAYS,CONSTRUCTION OF EIGHT LANE ACCESS CONTROLLED EXPRESSWAY FROM KM 103.400 TO KM 128.000 OF VADODARA MU - [N24001786,1259.0,,1910.0,137.93,51.71,1,0.517077045274027
ROAD TRANSPORT AND HIGHWAYS,CONSTRUCTION OF EIGHT LANE ACCESS CONTROLLED EXPRESSWAY FROM KM 217.500 TO KM 254.430 OF VADODARA MU - [N24001788,2271.86,,3916.0,518.25,72.37,1,0.723697763066386
ROAD TRANSPORT AND HIGHWAYS,CONSTRUCTION OF EIGHT LANE EXPRESSWAY FROM KM 190.000 TO KM 217.500 GANDEVA TO ENA SECTION OF VADODA - [N24001789,1710.3,,1927.0,362.81,12.67,1,0.1267029176167924
ROAD TRANSPORT AND HIGHWAYS,SANCHORE - SANTALPUR FROM KM 67.000- KM 99.000 OF NH-754K (AJ-RGBS-PACKAGE-3) - [N24001790,752.3,,766.2,451.11,1.85,1,0.018476671540608922
ROAD TRANSPORT AND HIGHWAYS,SANCHORE - SANTALPUR FROM KM 4.888 - KM 35.000 OF NH-754K (AJ-RGBS-PACKAGE-1) - [N24001791,606.51,,657.0,453.89,8.32,1,0.08324677251817779
ROAD TRANSPORT AND HIGHWAYS,SANCHORE - SANTALPUR FROM KM 99.000- KM 130.073 OF NH-754K (AJ-RGBS-PACKAGE-4) - [N24001794,778.15,,785.67,511.14,0.97,1,0.009663946539870181
ROAD TRANSPORT AND HIGHWAYS,4L OF RAJURA-KORPANA-ADILABAD ROAD UPTO M.S. BORDER FROM KM 32.910 TO KM 89.090 OF NH-353B - [N24001796,1013.33,,1111.33,326.8,9.67,1,0.09671084444356713
ROAD TRANSPORT AND HIGHWAYS,4L OF NAGPUR-KATOL SECTION FROM KM. 13.00 TO KM. 62.900 OF NH-353J - [N24001799,1166.96,,1251.0,981.91,7.2,1,0.07201617878933293
ROAD TRANSPORT AND HIGHWAYS,REHABILITATION AND UPGRADING FROM 2 L TO 4 L FROM BHANGBAR(NEAR RANITAL) TO KANGRA BYPASS SECTION OF - [N24001808,1322.95,,1442.47,656.54,9.03,1,0.0903435503987301
ROAD TRANSPORT AND HIGHWAYS,4L OF MO - SIHUNI FROM KM. 42.00 TO KM. 51.00 OF OLD NH-20 (NEW NH-154) (PACKAGE-IB) - [N24001811,583.93,,653.67,126.12,11.94,1,0.11943212371345883
ROAD TRANSPORT AND HIGHWAYS,4L OF HP/PUNJAB BO4L OF HP/PUNJAB BORDER - MO FROM KM. 11.00 TO KM. 42.00 OF OLD NH-20 (NEW NH- 154) - [N24001812,1002.11,,1361.79,159.19,35.89,1,0.3589226731596331
ROAD TRANSPORT AND HIGHWAYS,6L OF PONDAVAKKAM TO KANNIGAIPAIR FROM KM 96.040 TO KM 116.100 OF NH 716B (PKG-IV) - [N24001818,818.73,,1105.0,240.02,34.97,1,0.349651289191797
ROAD TRANSPORT AND HIGHWAYS,6L OF VEERA KAVERI RAJA PURAM TO PONDAVAKKAM FROM KM 61.380 TO KM 96.040 OF NH 716B (PKG-III) - [N24001819,1102.63,,1303.0,626.36,18.17,1,0.18172006928888193
ROAD TRANSPORT AND HIGHWAYS,6L OF VARADHARAJULA TO KUMARAJAPET FROM KM 0.000 TO KM 43.800 OF NH-716B (PKG-I) - [N24001820,1484.83,,1768.0,824.83,19.07,1,0.1907087006593348
ROAD TRANSPORT AND HIGHWAYS,BANGALORE CHENNAI EXPRESSWAY (PHASE-II PKG-III) FROM KM.127.000 TO KM 156.000 (BANGARUPALEM TO GUDIP - [N24001821,1137.74,,1289.0,760.64,13.29,1,0.13294777365654717
ROAD TRANSPORT AND HIGHWAYS,BANGALORE CHENNAI EXPRESSWAY (PHASE-II PKG-I) FROM KM.71.000 TO KM 96.000 (BETHAMANGALA IN THE STATE - [N24001822,1075.27,,1307.0,657.86,21.55,1,0.21550866294047077
ROAD TRANSPORT AND HIGHWAYS,RENIGUNTA - POYYA - NAIDUPETA KM 124.60 TO KM 183.4 OF NH 71 - N/04027/06001/AP - [N24001824,1863.09,,2238.0,1051.65,20.12,1,0.2012302143213694
ROAD TRANSPORT AND HIGHWAYS,2,4.0,,5.0,6.0,9.0,1,0.25
ROAD TRANSPORT AND HIGHWAYS,VARANASI RING ROAD (PKG-II) CONNECTING SANDAHA VILLAGE (KM 11.70 / NH-29) WITH REVASA VILLAGE (KM 81 - [N24001826,927.77,,1603.0,1202.77,72.78,1,0.7277989156795327
ROAD TRANSPORT AND HIGHWAYS,6L KANTAKAPALLE – SABBAVARAM SECTION OF NH- 130CD ROAD FROM KM 445.100 TO KM 464.662 (PKG-4) - [N24001836,824.29,,924.0,345.76,12.1,1,0.12096470902231016
ROAD TRANSPORT AND HIGHWAYS,6L JAKKUVA – KORLAM SECTION OF NH-130CD ROAD FROM KM 396.800 TO KM 421.100 (PKG 2) - [N24001837,663.6,,768.0,305.44,15.73,1,0.15732368896925855
ROAD TRANSPORT AND HIGHWAYS,6L ALURU - JAKKUVA SECTION OF NH-130CD ROAD FROM KM 365.033 TO KM 396.800 (PKG. 1) - [N24001838,922.5,,1128.68,329.01,22.35,1,0.2235013550135502
ROAD TRANSPORT AND HIGHWAYS,FOUR LANING WITH PAVED SHOULDER OF SECTION FROM KM 53.600 (GOLA ON NH-320) TO KM 81.446 (ORMANJHI ON - [N24001854,1214.93,,1324.95,565.44,9.06,1,0.09055665758521066
ROAD TRANSPORT AND HIGHWAYS,4 LANING FROM EXISTING KM 39.380 (DESIGN CH. 37.000) TO KM 74.450 (DESIGN CH. 69.000) OF MUCHUKOTA – - [N24001983,972.63,,1055.23,179.9,8.49,1,0.08492438028849617
ROAD TRANSPORT AND HIGHWAYS,BANGALORE CHENNAI EXPRESSWAY (PHASE-II PKG-II) FROM KM.96.000 TO KM 127.000 (BAIREDDYPALLE TO BANGAR - [N24001985,1942.94,2171.0,2171.0,744.6,11.74,1,0.11737881766807001
ROAD TRANSPORT AND HIGHWAYS,6L OF CHITTOOR TO THATCHUR FROM KUMARAJAPET TO VEERA KAVERI RAJA PURAM FROM KM 43.800 TO KM 61.380 O - [N24001988,591.99,703.0,703.0,128.44,18.75,1,0.18752005946046385
ROAD TRANSPORT AND HIGHWAYS,4L POANTA SAHEB–MEDNIPUR FROM KM. 435.65 TO KM. 458.65 OF NH-07(PKG-1) - [N24001990,524.54,,683.26,74.74,30.26,1,0.30258893506691587
ROAD TRANSPORT AND HIGHWAYS,BALANCE WORKS OF 4-LANNING OF RAMPUR- KATHGODAM SECTION OF NH-87 (NEW NH NO. 09) FROM KM. 0.000 (KM 1 - [N24001992,199.31,,199.38,86.84,0.04,1,0.0003512116802969905
ROAD TRANSPORT AND HIGHWAYS,CONSTRUCTION OF 6-LANE GREENFIELD KARNAL RING ROAD STARTING FROM NH-44 NEAR VILLAGE SHAMGARH (DESIGN - [N24002038,1691.45,1998.0,1998.0,590.37,18.12,1,0.181235035029117
ROAD TRANSPORT AND HIGHWAYS,CONSTRUCTION OF 6-LANE GREENFIELD AMBALA RING ROAD STARTING FROM JUNCTION WITH SHAMLI- AMBALA SECTION - [N24002039,1088.64,1178.0,1178.0,257.03,8.21,1,0.0820840681951792
ROAD TRANSPORT AND HIGHWAYS,6L ACCESS CONTROLLED HIGHWAY FROM JN WITH JAITPUR PUSHTA ROAD TO JN WITH SECTOR 62/65 DIVIDING ROAD - [N24002047,1328.07,2346.0,2346.0,1014.69,76.65,1,0.7664731527705618
ROAD TRANSPORT AND HIGHWAYS,CONSTRUCTION OF GREENFIELD CONNECTIVITY TO JEWAR INTERNATIONAL AIRPORT FROM DND FARIDABAD BALLABHGAR - [N24002048,2414.67,2898.0,2898.0,933.49,20.02,1,0.2001639975648846
ROAD TRANSPORT AND HIGHWAYS,PKG NAME: 4L OF KATHLIGHAT TO SHAKRAL VILLAGE FROM KM 128.835 TO KM 146.300 OF NH- 5 (SHIMLA BYPASS - [N24002049,1703.48,2278.0,2278.0,651.98,33.73,1,0.3372625449080705
ROAD TRANSPORT AND HIGHWAYS,REHABILITATION AND UPGRADATION TO 4L CONFIGURATION and STRENGTHENING OF SIHUNI TO RAJOL FROM KM 51.0 - [N24002050,696.65,698.0,698.46,269.44,0.26,1,0.0025981482810594403
ROAD TRANSPORT AND HIGHWAYS,FOUR LANING OF KHAJURI TO WYNDHAMGANJ FROM KM 219.600 TO KM 260.483 ON NH-75 PKG SEC-V ON HAM - [N24002053,1232.0,1343.0,1400.0,257.87,13.64,1,0.13636363636363635
ROAD TRANSPORT AND HIGHWAYS,2,4.0,,5.0,6.0,9.0,1,0.25
ROAD TRANSPORT AND HIGHWAYS,FOUR LANING OF BHOGU TO SANKHA FROM KM 147.450 TO KM 196.870 ON NH-75 PKG SEC-III - [N24002054,1390.77,1391.0,1600.0,130.88,15.04,1,0.1504418415697779
ROAD TRANSPORT AND HIGHWAYS,4/6L ACCESS CONTROL EXPRESSWAY FROM DESIGN CHAINAGE KM 515.000 TO 528.300 (KUNJWANI TO SIDHRA SECTIO - [N24002061,2474.47,,2675.93,578.62,8.14,1,0.08141541420991164
ROAD TRANSPORT AND HIGHWAYS,GARHMUKTESHWAR (KM. 83.200 OF NH-24) TO MEERUT (KM. 9.860 OF NH-235) INCLUDING CONNECTOR TO NH- 119 - [N24002073,2068.99,2171.0,2171.0,209.6,4.93,1,0.04930424989970963
ROAD TRANSPORT AND HIGHWAYS,FOUR LANING OF KARIMNAGAR-WARANGAL SECTION OF NH-563 FROM DESIGN CH.48.860 KM NEAR SH-1 CH.170.400 K - [N24002083,2146.86,2413.0,2413.0,651.97,12.4,1,0.12396709613109372
ROAD TRANSPORT AND HIGHWAYS,FOUR LANING OF MUGAIYUR TO MARAKKANAM SECTION OF NH-332A FROM KM 31.000 TO KM 62.000 - [N24002111,825.94,,1116.13,51.76,35.13,1,0.3513451340291063
STEEL,SCREENING PLANT-III AT KIRANDUL - [N12000127,2092.97,,2718.84,1090.01,29.9,1,0.2990343865416133
TELECOMMUNICATIONS,SUPER EDGE ROUTERS FOR BSNL INTERNET PROTOCOL - MULTI PROTOCOL LEBEL SWITCHING (IPMPLS) NETWORK and - [N26000115,185.27,,239.6,146.93,29.32,1,0.2932476925568089
TELECOMMUNICATIONS,PLANNIN ENGINEERING SUPPLY INSTALLATION TESTING COMMISSIONING INTEGARTION and ANNUAL MAINTENANCE OF - [N26000117,24544.55,,24556.35,1897.24,0.05,1,0.0004807584575801664
TELECOMMUNICATIONS,NETWORK FOR SPECTRUM - [N26000101,13334.0,,34953.45,22626.69,162.14,1,1.621377681115944
URBAN DEVELOPMENT,AHMEDABAD METRO RAIL PROJECT PHASE 1 - [N28000122,10773.0,,12924.55,12210.21,19.97,1,0.19971688480460403
URBAN DEVELOPMENT,CHENNAI METRO RAIL LTD (PHASE 1) - [N28000084,14600.0,,18380.0,17619.68,25.89,1,0.2589041095890411
URBAN DEVELOPMENT,2,4.0,,5.0,6.0,9.0,1,0.25
URBAN DEVELOPMENT,DELHI MRTS PHASE-III - [N28000056,38585.0,,40180.91,40465.12,4.14,1,0.04136089153816259
URBAN DEVELOPMENT,KOCHI METRO RAIL PROJECT - [N28000081,5181.79,,6218.14,6059.17,20.0,1,0.19999845613195447
URBAN DEVELOPMENT,PUNE METRO RAIL PROJECT (PHASE 1) - [N28000121,11420.0,,13656.22,12138.13,19.58,1,0.195816112084063
URBAN DEVELOPMENT,MUMBAI METRO LINE 3 (COLABA-BANDRA-SEEPZ) - [N28000086,23136.0,,37276.0,23687.33,61.12,1,0.6111687413554634
URBAN DEVELOPMENT,PATNA METRO RAIL CORPORATION LIMITED - [N28000148,13365.77,,13925.5,2188.95,4.19,1,0.04187787160784598
WATER RESOURCES,I AND D AND STP WORKS FOR BHAGALPUR - [N30000027,254.13,,413.29,90.3,62.63,1,0.6262936292448747
WATER RESOURCES,SEWERAGE SYSTEM WITH SEWER NETWORK PATNA BEUR - [N30000037,225.77,,398.9,363.19,76.68,1,0.7668423616955307
WATER RESOURCES,SAIDPUR SEWER NETWORK PATNA - [N30000039,268.63,,431.21,479.26,60.52,1,0.605219074563526
WATER RESOURCES,INTERCEPTION AND DIVERSION WITH STP AT MAHESHTALA - [N30000032,198.43,,224.69,59.95,13.23,1,0.13233886005140347
WATER RESOURCES,INTERCEPTION DIVERSION TREATMENT WORKS AT TOLLYS NULLAH ADI GANGA - [N30000034,307.12,,653.67,,112.84,1,1.1283862985152382
WATER RESOURCES,POLAVARAM IRRIGATION PROJECT - [N30000002,10151.04,,55548.87,21095.31,447.22,1,4.472234372044637
WATER RESOURCES,FARRUKHABAD I AND D AND STP WORKS HAM - [N30000008,213.62,,261.12,177.62,22.24,1,0.22235745716693192
WATER RESOURCES,INTERCEPTION AND DIVERSION WORKS AND STP AT MUZAFFARNAGAR UTTAR PRADESH - [N30000021,231.79,,234.03,141.79,0.97,1,0.00966391992752064
WATER RESOURCES,SEWERAGE SCHEME INTERCEPTION AND DIVERSION WITH STP WORKS AT MEERUT UTTAR PRADESH - [N30000024,681.78,,690.71,13.34,1.31,1,0.013098066825075631
WATER RESOURCES,2,4.0,,5.0,6.0,9.0,1,0.25
ATOMIC ENERGY,"PROTOTYPE FAST BREEDER REACTOR (BHAVINI, 500 MWE) - [020100044]BHAVNI,TAMIL NADU",3492.0,,7670.0,6517.22,171.0,1,1.1964490263459335
ATOMIC ENERGY,"KUDANKULAM NUCLEAR POWER PROJECT UNIT-3 and 4 - [N02000028]NPCIL,TAMIL NADU",39849.0,68893.0,68893.0,43536.0,72.0,1,0.7288514140881829
ATOMIC ENERGY,"RAJASTHAN ATOMIC POWER PROJECT -7 AND 8 (2X700 MW) - [N02000027]NPCIL,RAJASTHAN",12320.0,22924.0,22924.0,18385.0,120.0,1,0.8607142857142858
CIVIL AVIATION,"UPGRADATION OF JABALPUR AIRPORT - [N04000087]AAI,MADHYA PRADESH",412.24,,412.24,398.95,36.0,1,0.0
CIVIL AVIATION,"C/O NEW GREENFIELD AIRPORT AT HISSAR, RAJKOT, GUJARAT - [N04000088]AAI,GUJARAT",1405.0,,1405.0,,22.0,1,0.0
CIVIL AVIATION,"DEVELOPMENT OF AYODHYA AIRPORT PHASE-01 - [N04000094]AAI,UTTAR PRADESH",242.14,328.0,358.0,335.02,18.0,1,0.47848352192946236
CIVIL AVIATION,"DEVELOPMENT OF GWALIOR AIRPORT PHASE 01 - [N04000098]AAI,MADHYA PRADESH",446.12,,446.12,422.59,10.0,1,0.0
CIVIL AVIATION,"CONSTRUCTION OF DOMESTIC PASSENGER TERMINAL BUILDING AT DEHRADUN AIRPORT, DEHRADUN - [N04000085]AAI,UTTARAKHAND",456.86,,500.0,484.85,46.0,1,0.09442717681565466
CIVIL AVIATION,"DEVELOPMENT OF TUTICORIN AIRPORT - [N04000090]AAI,TAMIL NADU",380.87,452.93,452.93,271.73,28.0,1,0.18919841415706146
CIVIL AVIATION,2,4.0,,5.0,6.0,9.0,1,0.25
CIVIL AVIATION,"CONSTRUCTION OF NEW GREEN FIELD AIRPORT AT HOLLONGI ITANAGAR ARUNACHAL PRADESH - [N04000092]AAI,ARUNACHAL PRADESH",645.63,,712.15,657.33,24.0,1,0.10303114787107163
CIVIL AVIATION,"CONSTRUCTION OF TERMINAL BUILDING AND ASSOCIATED WORKS AT LEH AIRPORT - [N04000078]AAI,LADAKH",480.33,,640.0,339.0,37.0,1,0.3324172964420295
CIVIL AVIATION,"EXTENSION OF TERMINAL BUILDING, PTT, APRON AND CAR PARK AT SURAT AIRPORT. - [N04000093]AAI,GUJARAT",353.25,,353.25,325.13,44.0,1,0.0
CIVIL AVIATION,"CCS INTERNATIONAL AIRPORT , LUCKNOW - [N04000077]AAI,UTTAR PRADESH",1383.0,1938.0,3291.81,2092.82,39.0,1,1.3801952277657266
CIVIL AVIATION,"CONSTRUCTION OF NEW DORNESTIC TERMINAL BUILDING AND OTHER STRUCTURES, PHASE I AND II - [N04000082]AAI,BIHAR",1216.9,,1216.9,715.47,26.0,1,0.0
CIVIL AVIATION,"C/O OF NITB AND ASSOCIATED WORK AT VIJAYAWADA AIRPORT - [N04000091]AAI,ANDHRA PRADESH",611.8,,611.8,280.52,21.0,1,0.0
CIVIL AVIATION,"EXTENSION OF EXISTING INTEGRATED TERMINAL BUILDING AND ALLIED WORKS AT GOA AIRPORT. - [N04000095]AAI,GOA",255.69,,255.69,60.75,39.0,1,0.0
CIVIL AVIATION,"CONSTRUCTION OF NEW INTEGRATED TERMINAL BUILDING AT LGBI AIRPORT GUWAHATI - [N04000083]AAI,ASSAM",1142.0,,2333.0,1091.52,48.0,1,1.042907180385289
CIVIL AVIATION,"CONSTRUCTION OF NEW INTEGRATED TERMINAL BUILDING, CONTROL TOWER CUM TECHNICAL BLOCK, APRON, LINK TAX - [N04000100]AAI,MANIPUR",499.0,,499.0,95.59,8.0,1,0.0
CIVIL AVIATION,"MODERNIZATION OF CHENNAI AIRPORT PHASE II, CHENNAI - [N04000074]AAI,TAMIL NADU",2467.0,,2467.0,1477.64,46.0,1,0.0
CIVIL AVIATION,2,4.0,,5.0,6.0,9.0,1,0.25
COAL,"PATHERDIH 2.5 NLW COAL WASHERY - [N06000194]BCCL,JHARKHAND",243.0,,334.27,111.51,77.0,1,0.37559670781892995
COAL,"2.0 MTPA BHOJUDIH NLW WASHERY - [N06000195]BCCL,WEST BENGAL",304.13,341.22,341.22,281.17,90.0,1,0.1219544273830271
COAL,"MURAIDIH UG TURN-KEY PROJECT - [N06000096]BCCL,JHARKHAND",339.88,,339.88,151.19,141.0,1,0.0
COAL,"MOONIDIH XV SEAM UG - [N06000098]BCCL,JHARKHAND",1230.27,,1230.27,588.09,83.0,1,0.0
COAL,"CHURI BENTI UG (0.81 MTY) - [N06000083]CCL,JHARKHAND",163.51,,163.51,133.35,161.0,1,0.0
COAL,"KARMA OCP (1.0MTY) - [N06000088]CCL,JHARKHAND",162.46,,162.46,95.92,125.0,1,0.0
COAL,"RAJRAPPA RCE OCP ( 3.0 MTY) - [N06000087]CCL,JHARKHAND",510.85,,510.85,488.31,108.0,1,0.0
COAL,"TETARIAKHAR EXPANSION OCP - [N06000186]CCL,JHARKHAND",243.52,,243.52,44.35,24.0,1,0.0
COAL,2,4.0,,5.0,6.0,9.0,1,0.25
COAL,"RANIGANJ MASTER PLAN - [N06000163]ECL,WEST BENGAL",2661.73,,5146.48,741.28,60.0,1,0.9335094092939552
COAL,"CHITRA EAST (RCE) OCP - [N06000169]ECL,JHARKHAND",513.98,,513.98,179.76,24.0,1,0.0
COAL,"SHYAMSUNDARPUR UG INCLUDING SAPI UNIT - [N06000191]ECL,WEST BENGAL",483.65,,483.65,26.51,12.0,1,0.0
COAL,"MOHANPUR EXPANSION OC PHASE II - [N06000236]ECL,WEST BENGAL",888.99,,888.99,88.32,12.0,1,0.0
COAL,2,4.0,,5.0,6.0,9.0,1,0.25
COAL,"BONJEMEHARI EXPANSION OCP - [N06000244]ECL,WEST BENGAL",570.12,,570.11,45.33,12.0,1,-1.754016698237372e-05
COAL,"PARASEA- BELBAID REORGANISATION UG MINE - [N06000185]ECL,WEST BENGAL",826.42,389.1,389.1,4.47,12.0,1,-0.5291740277340818
COAL,"HURA - C OC (3 MTY) - [N06000143]ECL,JHARKHAND",359.69,859.41,859.41,316.19,84.0,1,1.3893074592009786
COAL,"TILABONI UG MINE - [N06000172]ECL,WEST BENGAL",916.62,749.08,749.07,11.69,24.0,1,-0.18279112391176272
COAL,"GARJANBAHAL OCP - [N06000117]MCL,ODISHA",1375.38,,1375.38,816.64,60.0,1,0.0
COAL,"KULDA EXPANSION OCP- 15 MTY - [N06000248]MCL,ODISHA",348.16,,348.16,194.16,96.0,1,0.0
COAL,"BASUNDHARA (WEST) OC EXTN(7.00 MTY) - [N06000112]MCL,ODISHA",479.15,,479.15,264.66,96.0,1,0.0
COAL,"NEYVELI UTTAR PRADESH POWER PROJECT LIMITED 1980 MW - [N06000152]NLC,UTTAR PRADESH",17237.0,19406.12,19406.12,17105.55,40.0,1,0.12584092359459298
COAL,"DUDHICHUA EXPANSION OCP (10 TO 20 MTPA) - [N06000162]NCL,MADHYA PRADESH",1255.17,,1255.17,1219.77,28.0,1,0.0
COAL,"BLOCK-B EXPANSION OPENCAST PROJECT - [N06000184]NCL,MADHYA PRADESH",998.71,,998.71,339.07,24.0,1,0.0
COAL,"BINA KAKRI AMALGAMATION OCP 14 MTPA - [N06000192]NCL,MULTI STATE",836.42,,836.42,611.73,12.0,1,0.0
COAL,"KHADIA EXPANSION OCP - [N06000208]NCL,UTTAR PRADESH",491.67,,491.67,21.32,12.0,1,0.0
COAL,"KAKATIYAKHANI OPENCAST III PROJECT PHASE-1 - [N06000161]SCCL,TELANGANA",413.84,,413.84,377.38,36.0,1,0.0
COAL,"GODAVARIKHANI COAL MINE - [N06000202]SCCL,TELANGANA",438.98,,438.98,144.22,24.0,1,0.0
COAL,2,4.0,,5.0,6.0,9.0,1,0.25
COAL,"RCE OF RAMAGUNDAM OPENCAST II EXTENSION PROJECT - [N06000210]SCCL,TELANGANA",489.62,,489.62,400.35,24.0,1,0.0
COAL,"RCE OF INDARAM OPENCAST PROJECT - [N06000211]SCCL,TELANGANA",349.28,,424.81,335.24,48.0,1,0.21624484654145681
COAL,"RCE OF KALYANIKHANI OPENCAST PROJECT - [N06000213]SCCL,TELANGANA",384.32,,384.32,206.24,60.0,1,0.0
COAL,"RCE OF KAKATHIYAKHANI OC - 2 PROJECT - [N06000214]SCCL,TELANGANA",442.42,,442.42,173.89,,1,0.0
COAL,"NAINI COAL MINE - [N06000203]SCCL,ODISHA",494.3,,494.3,491.33,24.0,1,0.0
COAL,"VENKATESH KHANI COAL MINE - [N06000204]SCCL,TELANGANA",484.51,,484.51,135.52,36.0,1,0.0
COAL,"GEVRA EXPANSION OCP (SECL) (35-70) MTY - [060100093]SECL,CHHATTISGAR H",11816.4,,11816.4,6068.83,24.0,1,0.0
COAL,"KUSMUNDA EXPN.OCP(SECL)(15-50)MTY - [N06000008]SECL,CHHATTISGAR H",7612.33,,7612.33,4417.81,24.0,1,0.0
COAL,"CHHAL OC SEAM -III (6.00 MTY) - [N06000104]SECL,CHHATTISGAR H",610.63,,610.63,535.12,36.0,1,0.0
COAL,"BATURA HIGHWALL PROJECT - [N06000134]SECL,MADHYA PRADESH",231.92,,231.92,2.75,36.0,1,0.0
COAL,"JAMPALI OCP RCE - [N06000198]SECL,CHHATTISGAR H",278.64,,278.64,204.23,12.0,1,0.0
COAL,"JAGANNATHPUR OC RCE (3.0 MTY) - [N06000232]SECL,CHHATTISGAR H",459.49,,459.49,249.31,60.0,1,0.0
COAL,"KARTALI (EAST) OCP (2.50 MTY) - [N06000076]SECL,CHHATTISGAR H",178.44,,178.44,9.02,144.0,1,0.0
COAL,"AMERA OC RCE - [N06000123]SECL,CHHATTISGAR H",335.97,,335.97,90.39,96.0,1,0.0
COAL,"RAJNAGAR OCP RPR (1.70 MTY) - [N06000124]SECL,MADHYA PRADESH",357.8,,357.8,88.19,60.0,1,0.0
COAL,2,4.0,,5.0,6.0,9.0,1,0.25
COAL,"KANCHAN OC EXPANSION - [N06000125]SECL,MADHYA PRADESH",371.04,,371.04,126.82,60.0,1,0.0
COAL,"AMGAON OPENCAST PROJECT RCE - [N06000135]SECL,CHHATTISGAR H",316.1,,316.1,191.16,72.0,1,0.0
COAL,"AMRITDHARA OC PROJECT - [N06000122]SECL,MADHYA PRADESH",481.6,,481.6,3.4,48.0,1,0.0
COAL,"AMADAND OPENCAST EXPANSION PROJECT - [N06000148]SECL,MADHYA PRADESH",869.44,,869.44,254.73,72.0,1,0.0
COAL,"JHIRIA WEST OPENCAST PROJECT - [N06000166]SECL,CHHATTISGAR H",389.97,,366.94,25.38,36.0,1,-0.059055824807036514
COAL,"BATURA WEST OC PROJECT (0.80 MTY) - [N06000207]SECL,MADHYA PRADESH",496.28,,496.28,,12.0,1,0.0
COAL,"DURGAPUR OPENCAST PROJECT - [N06000136]SECL,CHHATTISGAR H",916.24,,916.24,50.68,84.0,1,0.0
COAL,"MADANNAGAR OPENCAST PROJECT - [N06000140]SECL,CHHATTISGAR H",1875.32,,1875.32,,72.0,1,0.0
COAL,"PELMA OCP(15.00MTY) - [N06000045]SECL,CHHATTISGAR H",1624.59,,1624.59,13.66,96.0,1,0.0
COAL,"NILJAI EXPANSION (DEEP) OC (3.5 MTY) - [N06000154]WCL,MULTI STATE",319.76,319.76,319.76,281.38,36.0,1,0.0
COAL,"DURGAPUR EXTENSION (DEEP) OC (3.0 MTY) - [N06000157]WCL,MULTI STATE",328.0,,328.0,321.43,48.0,1,0.0
COAL,"UKNI DEEP OC - [N06000179]WCL,MAHARASHTRA",318.14,,318.14,252.71,48.0,1,0.0
COAL,"BELLORA-NAIGAON DEEP OC - [N06000180]WCL,MAHARASHTRA",252.71,,252.71,122.64,48.0,1,0.0
COAL,"ADASA UG TO OC (1.50 MTY) - [N06000219]WCL,MAHARASHTRA",333.43,,333.43,222.75,12.0,1,0.0
COAL,"AMALGAMATED INDER- KAMPTEE DEEP OC (3.20 MTY) - [N06000226]WCL,MAHARASHTRA",313.34,,313.34,203.13,12.0,1,0.0
COAL,2,4.0,,5.0,6.0,9.0,1,0.25
MINES,2,4.0,,5.0,6.0,9.0,1,0.25
MINES,"CONSTRUCTION OF BASEMENTG FLOOR10 STORIES BUILDING FOR THE STATE OF THE ART, DG, GSI AT SECTOR-V, SA - [N10000015]CPWD,WEST BENGAL",255.37,,255.37,48.83,52.0,1,0.0
MINES,2,4.0,,5.0,6.0,9.0,1,0.25
MINES,"CONSTRUCTION OF RED MUD POND - II AT NALCO DAMANJODI ODISHA - [N10000017]NALCO,ODISHA",225.79,44.87,270.66,5.0,14.0,1,0.19872447849771926
MINES,"25.5 MW WIND POWER PROJECT AT KAYATHAR IN TAMILNADU - [N10000014]NALCO,TAMIL NADU",166.62,163.17,163.17,135.63,66.0,1,-0.020705797623334635
MINES,"SOURCING OF BAUXITE ARRANGEMENT FOR 5TH STREAM ALUMINA REFINERY FROM SOUTH BLOCK MINING LEASE OF PAN - [N10000013]NALCO,ODISHA",483.0,483.0,483.0,315.19,49.0,1,0.0
MINES,"POTTANGI BAUXITE MINES - [N10000016]NALCO,ODISHA",1437.0,1381.0,1381.0,639.16,5.0,1,-0.03897007654836465
MINES,"5TH STREAM ALUMINA REFINERY EXPANSION PROJECT - [N10000010]NALCO,ODISHA",4103.0,5677.4,5677.4,2999.82,53.0,1,0.38371922983183027
MINES,"CONVERSION OF FLAT BOTTOM SETTLERS AND WASHERS WITH A SINGLE TRAIN OF HRDS AND DCWS IN STREAMS 1 AND - [N10000012]NALCO,ODISHA",355.0,581.0,581.0,108.93,58.0,1,0.6366197183098592
STEEL,"NMDC SLURRY PIPE LINE PROJECT - PHASE-1 - [N12000124]NMDC,CHHATTISGA RH",2907.0,,2907.0,1979.42,29.0,1,0.0
STEEL,"SCREENING PLANT-III AT KIRANDUL - [N12000127]NMDC,CHHATTISGA RH",2092.97,2718.84,2718.84,1090.01,17.0,1,0.2990343865416133
STEEL,2,4.0,,5.0,6.0,9.0,1,0.25
STEEL,"CONSTRUCTION OF RESIDENTIAL TOWERS AT BIOM KIRANDUL COMPLEX - [N12000130]NMDC,CHHATTISGA RH",282.44,,282.44,78.11,14.0,1,0.0
STEEL,"REBUILDING OF COKE OVEN BATTERY-2 ALONGWITH AUGMENTATION OF COKE HANDLING AND GAS HANDLING FACILITY - [N12000122]SAIL,ODISHA",377.18,,377.18,369.62,15.0,1,0.0
STEEL,"NEW SINTER PLANT AT BOKARO STEEL PLANT - [N12000095]SAIL,JHARKHAND",1034.01,,1034.01,869.86,104.0,1,0.0
PETROLEUM,"CONSTRUCTION OF LUBE OIL BLENDING AND FILLING PLANT AT RASAYANI - [N16000452]BPCL,MAHARASHTR A",423.39,,423.39,181.25,6.0,1,0.0
PETROLEUM,"DEBOTTLENECKING AND AUGMENTATION OF CRYOGENIC FACILITIES AT URAN LPG IMPORT TERMINAL - [N16000442]BPCL,MAHARASHTR A",1164.69,,1164.69,578.24,10.0,1,0.0
PETROLEUM,"IRUGUR-DEVANGONTHI POL PIPELINE - [N16000234]BPCL,TAMIL NADU",678.0,1732.0,1732.0,532.01,104.0,1,1.5545722713864307
PETROLEUM,"MULTI-PRODUCT PIPELINE FROM KRISHNAPATNAM COASTAL INSTALLATION TO THE PROPOSED INSTALLATION AT HYDER - [N16000499]BPCL,ANDHRA PRADESH",1932.0,,1932.0,1437.19,7.0,1,0.0
PETROLEUM,"SRIKAKULAM ANGUL PIPELINE PROJECT - [N16000388]GAIL,MULTI STATE",2658.34,,2658.34,1888.5,26.0,1,0.0
PETROLEUM,2,4.0,,5.0,6.0,9.0,1,0.25
PETROLEUM,"MUMBAI NAGPUR JHARSUGUDA PIPELINE PROJECT - [N16000398]GAIL,MULTI STATE",7844.25,,7844.25,5486.1,17.0,1,0.0
PETROLEUM,"KOCHI-KOOTTANAD- BANGALORE-MANGALORE PIPELINE PHASE-II - [N16000285]GAIL,MULTI STATE",2915.0,5909.0,5909.0,3876.6,143.0,1,1.0271012006861064
PETROLEUM,"DURGAPUR-HALDIA PIPELINE PROJECT - [N16000275]GAIL,WEST BENGAL",1740.0,2433.15,2433.15,1885.8,51.0,1,0.3983620689655173
PETROLEUM,"DHAMRA HALDIA PIPELINE PROJECT - [N16000391]GAIL,MULTI STATE",1030.65,,1030.65,751.6,28.0,1,0.0
PETROLEUM,"60 KTA POLYPROPYLENE PROJECT - [N16000429]GAIL,UTTAR PRADESH",910.56,1299.02,1299.02,700.4,11.0,1,0.4266165875944474
PETROLEUM,"SETTING UP 500KTPA PROPANE DEHYDROGENATION INTEGRATED WITH POLYPROPYLENE UNIT ALONG WITH OFFSITE AND - [N16000430]GAIL,MAHARASHTRA",8797.0,11256.0,11256.0,4022.27,6.0,1,0.2795271115152893
PETROLEUM,"VISAKH REFINERY MODERNISATION PROJECT - [N16000235]HPCL,ANDHRA PRADESH",20928.0,26264.0,26264.0,25798.72,47.0,1,0.25496941896024466
PETROLEUM,"SECOND GENERATION ETHANOL BIOREFINERY PROJECT, BATHINDA, PUNJAB - [N16000402]HPCL,PUNJAB",1421.46,,1421.46,990.43,17.0,1,0.0
PETROLEUM,"CONSTRUCTION OF 80000MT LPG CAVERN AT MANGALORE - [N16000369]HPCL,KARNATAKA",854.0,854.0,854.0,560.46,21.0,1,0.0
PETROLEUM,"SWRO II WITH LLPH FACILITIES - [N16000378]HPCL,ANDHRA PRADESH",196.26,196.26,196.26,147.53,52.0,1,0.0
PETROLEUM,"BHATINDA SANGRUR PIPELINE - [N16000440]HPCL,PUNJAB",367.0,,367.0,255.29,9.0,1,0.0
Unknown,2,4.0,,5.0,6.0,,0,0.25
ATOMIC ENERGY,KUDANKULAM NUCLEAR POWER PROJECT 5 AND 6 - [N02000029,49621.0,,49621.0,15934.0,,0,0.0
CIVIL AVIATION,KADAPPA AIRPORT- CONSTRUCTION OF NEW DOMESTIC TERMINAL BUILDING AND MISCELLANEOUS WORKS INCLUDING MA - [N04000106,265.91,,265.91,3.11,,0,0.0
CIVIL AVIATION,"DEVELOPMENT OF NEW GREENFIELD AIRPORT AT DHOLERA, AHMEDABAD (GUJARAT). PHASE-1. - [N04000099",1305.0,,1143.95,162.39,,0,-0.12340996168582372
CIVIL AVIATION,UDAIPUR AIRPORT- CONSTRUCTION OF NEW INTEGRATED PASSENGER TERMINAL BUILDING - [N04000104,887.0,,887.0,47.31,,0,0.0
CIVIL AVIATION,JAMMU - CONSTRUCTION OF NEW CIVIL ENCLAVE - [N04000107,861.37,,861.37,17.44,,0,0.0
CIVIL AVIATION,CONSTRUCTION OF NEW TERMINAL BUILDING AT JODHPUR AIRPORT - [N04000101,480.0,,480.0,76.6,,0,0.0
CIVIL AVIATION,"PRAYAGRAJ AIRPORT - CONSTRUCTION OF NEW TERMINAL BUILDING, SECOND LINK TAXI TRACK, APRON EXPANSION, - [N04000102",185.75,,232.52,28.26,,0,0.25179004037685065
CIVIL AVIATION,BELAGAVI AIRPORT- EXPANSION OF TERMINAL BUILDING AND ASSOCIATED WORKS - [N04000105,322.45,,322.45,17.82,,0,0.0
CIVIL AVIATION,CALICUT AIRPORT - DEVELOPMENT OF ADDITIONAL RESA ON EITHER END ON RUNWAY 10-28 AT CALICUT AIRPORT - [N04000111,323.98,,323.98,,,0,0.0
CIVIL AVIATION,"NSCBI AIRPORT KOLKATA: RE-CONSTRUCTION OF RIGID POSITIONS OF SECONDARY RUNWAY, 'K' AND 'A' TAXIWAY - [N04000109",328.3,,328.3,22.35,,0,0.0
CIVIL AVIATION,RAJAHMUNDRY AIRPORT: CONSTRUCTION OF NEW DOMESTIC TERMINAL BUILDING AND MISCELLANEOUS WORKS INCLUD - [N04000103,347.15,,347.15,27.93,,0,0.0
CIVIL AVIATION,PAKYONG AIRPORT- WIDENING OF BASIC STRIP AT WESTERN SIDE OF RUNWAY CHAINAGE 80M TO 920M I/C SLOPE ST - [N04000110,323.26,,323.26,6.01,,0,0.0
COAL,REVISED PROJECT REPORT MAGADH EXPANSION OCP - [N06000216,7254.37,,7254.37,1100.19,,0,0.0
COAL,2,4.0,,5.0,6.0,,0,0.25
COAL,EXPANSION OF KARO OCP - [N06000246,908.47,,908.47,145.14,,0,0.0
COAL,EXPANSION PROJECT AMRAPALI OCP - [N06000217,5136.15,,5136.15,671.43,,0,0.0
COAL,SIRKA OCP - [N06000239,222.82,,222.82,139.31,,0,0.0
COAL,JHARKHAND LAIYO OCP - [N06000240,764.57,,764.57,145.8,,0,0.0
COAL,EXPANSION OF KONAR OCP - [N06000245,799.34,,799.34,349.47,,0,0.0
COAL,EXPANSION OF ASHOK OCP - [N06000247,2898.28,,2898.28,175.01,,0,0.0
COAL,EPR ROHINI KARKATA OCP - [N06000243,1020.42,,1020.42,82.92,,0,0.0
COAL,EPR PUNDI OCP - [N06000242,713.35,,713.35,236.57,,0,0.0
COAL,UCE OF EPR OF NORTH URIMARI OCP - [N06000218,778.8,,778.8,671.23,,0,0.0
COAL,EPR TAPIN SOUTH OCP - [N06000241,230.41,,230.41,18.14,,0,0.0
COAL,KOTRE BASANTPUR PACHMO OCP - [N06000237,861.06,,625.4,362.06,,0,-0.2736859220031124
COAL,CHANDRAGUPT OCP - [N06000238,973.5,,973.5,7.95,,0,0.0
COAL,EXPANSION PR OF JHANJRA UG (5.00 MTY) - [N06000223,1210.12,,1210.12,371.21,,0,0.0
COAL,SIDULI MINE (OC AND UG) - [N06000165,535.18,,535.17,3.91,,0,-1.8685302141318632e-05
COAL,SONEPUR BAZARI EXPANSION OC - [N06000220,5365.88,5366.0,5365.88,470.08,,0,0.0
COAL,NAKRAKONDA KUMARDIH B OCP - [N06000170,502.68,,502.67,56.46,,0,-1.9893371528588575e-05
COAL,BHUBANESWARI EXPANSION OCP - [N06000227,6321.73,,3145.45,1209.27,,0,-0.5024384148010117
COAL,SUBHADRA OCP - [N06000249,1693.81,,1693.81,1129.52,,0,0.0
COAL,GOPALJI-KANIHA OCP - [N06000229,6107.87,,8416.19,1566.44,,0,0.3779255288668555
COAL,INTEGRATED LAKHANPUR-BELPAHAR-LILARI OCP - [N06000167,2434.75,,2434.75,1767.1,,0,0.0
COAL,BALARAM EXPANSION OCP - [N06000230,3504.21,,3504.21,894.77,,0,0.0
COAL,REORGANISATION OF BHARATPUR OCP EXPANSION - [N06000171,2838.87,,2838.87,1562.29,,0,0.0
COAL,RPR OF HINGULA -II EXPANSION PH-III - [N06000261,2264.68,,2264.68,997.96,,0,0.0
COAL,2,4.0,,5.0,6.0,,0,0.25
COAL,PACHWARA SOUTH COAL BLOCK - [N06000193,2242.92,,2242.9,168.84,,0,-8.916947550506397e-06
COAL,TALABIRA II AND III OCP - [N06000189,2401.07,,2401.07,1258.77,,0,0.0
COAL,NLCIL 300 MW SOLAR POWER PROJECT (PART OF 510 MW CPSU SCHEME) - [N06000269,1813.0,,1813.0,298.62,,0,0.0
COAL,NLC TALABIRA THERMAL POWER PROJECT (PHASE-1: 3 X 800 MW) - [N06000270,27213.0,,27213.0,954.95,,0,0.0
COAL,NIGAHI EXPANSION OCP (15 TO 25 MTPA) - [N06000196,1729.68,,1729.68,596.1,,0,0.0
COAL,JAWAHAR KHANI OPENCAST (JK OC) MINE - [N06000259,297.88,,297.88,45.15,,0,0.0
COAL,GOLETI OPENCAST MINE - [N06000258,345.6,,345.6,50.25,,0,0.0
COAL,VIJAY WEST OPENCAST PROJECT - [N06000158,976.95,,976.95,90.89,,0,0.0
COAL,RAMPUR BATURA OC (4.0 MTY) - [N06000233,1248.93,,1248.93,415.92,,0,0.0
COAL,BAROUD OC EXPANSION (3-10 MTY) - [N06000197,2309.8,,2309.8,815.2,,0,0.0
COAL,DIPKA OC EXPANSION 40 MTY - [N06000200,5241.4,,5241.4,2607.21,,0,0.0
COAL,MAHAMAYA OPENCAST PROJECT - [N06000164,410.26,,410.26,178.39,,0,0.0
COAL,PORDA CHIMTAPANI OCP (10 MTY) - [N06000199,2310.12,,2310.12,71.99,,0,0.0
COAL,GHONSA EXPANSION DEEP OC - [N06000205,241.72,,241.72,58.79,,0,0.0
COAL,SAONER UG MINE I EXPANSION - [N06000251,253.51,,253.51,103.5,,0,0.0
COAL,SASTI EXPANSION OC - [N06000206,371.59,,371.59,104.34,,0,0.0
COAL,GANDHIGRAM UG MINE - [N06000183,414.16,,414.16,24.98,,0,0.0
COAL,GOKUL EXPANSION OC - [N06000264,456.95,,456.95,147.9,,0,0.0
COAL,RPR PAUNI II EXPANSION OC 3/2023 - [N06000263,464.45,,464.45,178.76,,0,0.0
COAL,MAKARDHOKDA I EXPANSION OC - [N06000253,497.06,,497.06,144.2,,0,0.0
COAL,URDHAN OC - [N06000265,228.42,,228.42,23.96,,0,0.0
COAL,DINESH (MAKARDHOKDA-III) OC (8.0 MTY) - [N06000222,1184.33,,1184.33,846.03,,0,0.0
COAL,2,4.0,,5.0,6.0,,0,0.25
COAL,TAWA III UG MINE - [N06000250,324.25,,324.25,12.31,,0,0.0
COAL,DHUPTALA OC(SASTI UG TO OC) - [N06000209,720.87,,720.87,179.54,,0,0.0
COAL,MUNGOLI NIRGUDA EXTENSION (DEEP) OC - [N06000231,826.8,,826.8,462.32,,0,0.0
COAL,VISHNUPURI UG TO OC - [N06000260,227.65,,227.65,7.02,,0,0.0
COAL,SHARDA UG - [N06000266,200.16,,200.16,34.27,,0,0.0
COAL,BHANEGAON OC (1.15MTY) - [N06000256,494.6,,494.6,98.36,,0,0.0
COAL,BHATADI EXPANSION OC - [N06000254,729.86,,729.86,158.97,,0,0.0
COAL,NEW MAJARI UG TO OC (3.0 MTY) - [N06000255,496.38,,496.38,143.72,,0,0.0
COAL,RPR GAURI PAUNI EXPANSION OC - [N06000268,497.23,,497.23,40.5,,0,0.0
COAL,SINGHORI DEEP OC - [N06000252,421.84,,421.84,115.89,,0,0.0
COAL,AMALGAMATED DHANKASA JAMUNIA UG (1.84 MTY) - [N06000257,497.01,,497.01,157.83,,0,0.0
COAL,KOLGAON EXPANSION (DEEP) OC - [N06000267,206.19,,206.19,7.75,,0,0.0
COAL,AMALGAMATED YEKONA-I YEKONA-II - [N06000132,727.28,,727.28,531.54,,0,0.0
DPIIT,NATIONAL INDUSTRIAL CORRIDOR PROJECT - [N40000001,20084.0,,20084.0,9718.22,,0,0.0
PETROLEUM,REPLACEMENT AND EXTENSION OF JETTY PIPELINES AT KOCHI REFINERY - [N16000508,621.87,,621.87,35.5,,0,0.0
PETROLEUM,INSTALLATION OF INDEPENDENT DE- AROMATIZED SOLVENTS PRODUCTION FACILITIES AT MUMBAI REFINERY - [N16000507,405.0,,405.0,19.48,,0,0.0
PETROLEUM,SETTING UP A COMMON USER PETROLEUM TERMINAL AT JAMMU FOR RE-SITEMENT OF EXISTING DEPOTS OF PSU OMCS - [N16000500,676.89,,676.89,438.97,,0,0.0
PETROLEUM,2,4.0,,5.0,6.0,,0,0.25
PETROLEUM,ETHYLENE CRACKER PROJECT AT BINA REFINERY INCLUDING DOWNSTREAM PETROCHEMICAL PLANTS AND EXPANSION OF - [N16000518,43367.0,,43367.0,21.67,,0,0.0
PETROLEUM,CITY GAS DISTRIBUTION PROJECTS AT ALIPURDUAR AND COOCH BEHAR - [N16000522,1017.0,,1017.0,59.58,,0,0.0
PETROLEUM,"CITY GAS DISTRIBUTION PROJECTS AT LAKHIMPUR KHERI , SITAPUR, BAHRAICH, SHRAVASTI,BALRAMPUR, - [N16000525",16654.0,,16654.0,242.03,,0,0.0
PETROLEUM,CGD PROJECTS AT FAZILKA (EXCEPT AREA ALREADY AUTHORIZED) GANGANAGAR AND HANUMANGARH DISTRICTS - [N16000520,3207.0,,3207.0,153.42,,0,0.0
PETROLEUM,"CITY GAS DISTRIBUTION PROJECTS AT DARBHANGA, MADHUBANI, SUPAUL, SITAMARHI AND SHEOHAR DISTRICTS - [N16000524",3638.0,,3638.0,185.19,,0,0.0
PETROLEUM,CGD PROJECTS AT THE NILGIRIS AND ERODE DISTRICTS - [N16000521,3685.0,,3685.0,69.58,,0,0.0
PETROLEUM,CITY GAS DISTRIBUTION PROJECTS AT GOPALGANJ SIWAN WEST CHAMPARAN EAST CHAMPARAN AND DEORIA DISTRICTS - [N16000523,3919.0,,3919.0,157.3,,0,0.0
PETROLEUM,CBR 9 MMTPA PROJECT - [N16000434,31580.0,,36354.0,1133.11,,0,0.15117162761241293
PETROLEUM,"SETTING UP OF NEW RAIL FED POL FACILITY AT KAMARDANGA, ASSAM - [N16000494",384.04,,384.04,28.4,,0,0.0
PETROLEUM,CGD PROJECT IN BIHAR JHARKHAND - [N16000497,1377.0,,1377.0,154.63,,0,0.0
PETROLEUM,SETTING UP OF PETROCHEMICAL EVACUATION MARKETING TERMINAL (PEMT) AT BARMER - [N16000512,461.05,,461.05,2.21,,0,0.0
PETROLEUM,HALDIA PANAGARH PIPELINE PROJECT - [N16000478,1010.0,,1010.0,218.11,,0,0.0
PETROLEUM,CGD PROJECT IN WEST BENGAL 11TH ROUND - [N16000498,2628.0,,2628.0,88.5,,0,0.0
PETROLEUM,"CGD PROJECT IN TONK, SAWAI MADHOPUR, DAUSA, KARAULI - [N16000496",1751.0,,1751.0,137.61,,0,0.0
PETROLEUM,"CONSTRUCTION OF LPG FACILITIES AT KAMARDANGA, ASSAM - [N16000484",156.36,,156.36,1.08,,0,0.0
PETROLEUM,CBR ASANUR PIPELINE AND ITS HOOK UP WITH EXISTING CHENNAI TRICHY MADURAI PRODUCT PIPELINE - [N16000451,564.0,,564.0,138.45,,0,0.0
PETROLEUM,"CGD PROJECT AT JHUNJHUNU, SIKAR AND NAGAUR DISTRICTS - [N16000489",575.0,,575.0,75.54,,0,0.0
PETROLEUM,"CGD PROJECT AT MADURAI, THENI AND VIRUDHNAGAR DISTRICTS - [N16000490",1328.0,,1328.0,79.13,,0,0.0
PETROLEUM,CGD PROJECT AT DHARMAPURI AND KRISHNAGIRI DISTRICTS - [N16000486,501.0,,501.0,62.29,,0,0.0
PETROLEUM,CGD PROJECT AT PATHANKOT DISTRICT - [N16000488,151.0,,151.0,7.77,,0,0.0
PETROLEUM,2,4.0,,5.0,6.0,,0,0.25
PETROLEUM,"CGD PROJECT AT KANYAKUMARI, TUTICORIN, TIRUNVELI KATTABO AND TENKASI DISTRICTS - [N16000492",1295.0,,1295.0,86.59,,0,0.0
PETROLEUM,"CGD PROJECT AT KURNOOL, GUNTUR AND PRAKASAM DISTRICTS - [N16000485",1420.0,,1420.0,84.45,,0,0.0
PETROLEUM,POLY BUTADIENE RUBBER PLANT AT PANIPAT - [N16000458,1459.0,,2102.79,222.33,,0,0.44125428375599723
PETROLEUM,INSTALLATION OF BITUMEN MANUFACTURING UNIT ALONG WITH ALLIED FACILITIES AT BARAUNI - [N16000453,389.0,,389.0,20.19,,0,0.0
PETROLEUM,"CGD PROJECT AT BEED, JALGAON AND JALNA DISTRICTS - [N16000487",865.0,,865.0,18.09,,0,0.0
PETROLEUM,CGD PROJECT AT JAMMU DISTRICTS - [N16000527,538.0,,538.0,,,0,0.0
PETROLEUM,EXTENSION OF ASANUR-SANKARI SECTION OF CHENNAI- TRICHY-MADURAI PIPELINE UPTO COIMBATORE (IRUGUR) - [N16000479,346.7,,346.7,0.72,,0,0.0
PETROLEUM,"CGD PROJECT AT EAST MEDNIPORE, WEST MEDNIPORE AND JHARGRAM DISTRICTS - [N16000491",609.0,,609.0,23.49,,0,0.0
PETROLEUM,ATF PIPELINE FROM JAWAHARLAL NEHRU PORT TRUST (JNPT) TO NAVI MUMBAI INTERNATIONAL AIRPORT (NMIA) - [N16000456,165.0,,165.0,35.11,,0,0.0
PETROLEUM,LAYING OF NATURAL GAS PIPELINE FROM HAZARIBAGH TO RANCHI - [N16000480,202.07,,202.07,1.52,,0,0.0
PETROLEUM,"AUGMENTATION OF DIMAPUR DEPOT, DIMAPUR - [N16000529",227.62,,227.62,,,0,0.0
PETROLEUM,ANDHERI RESIDENTIAL TOWERS MUMBAI - [N16000503,281.35,,281.35,71.74,,0,0.0
PETROLEUM,POWER SYSTEM UPGRADATION PROJECT - [N16000509,385.0,,385.0,44.67,,0,0.0
PETROLEUM,POWER RECOVERY TURBINE IN PFCCU - [N16000510,293.5,,293.5,18.59,,0,0.0
PETROLEUM,DCU REVAMP PROJECT - [N16000511,370.0,,370.0,115.28,,0,0.0
PETROLEUM,REDEVELOPMENT OF SANTHAL FIELD - [N16000279,1162.56,,1162.56,1093.53,,0,0.0
PETROLEUM,PIPELINE NETWORK PROJECT RUDRASAGAR - [N16000528,344.99,,344.99,66.51,,0,0.0
PETROLEUM,REDEVELOPMENT OF SOBHASAN COMPLEX - [N16000431,885.63,,1286.67,353.5,,0,0.45283018867924535
PETROLEUM,"REVAMPING OF SV STATIONS, GAS TERMINAL AND KRIBHCO TERMINAL - [N16000514",837.34,,837.34,14.82,,0,0.0
PETROLEUM,KALOL REDEVELOPMENT PROJECT - [N16000481,1487.41,,1487.41,680.25,,0,0.0
PETROLEUM,CONSTRUCTION OF TWO PRODUCED WATER TREATMENT PLANTS (PWTP) AT BECHARAJI AND SOBHASAN INSTALLATION OF - [N16000482,320.2,,187.61,111.52,,0,-0.4140849469081823
PETROLEUM,2,4.0,,5.0,6.0,,0,0.25
PETROLEUM,MHN TCPP PGC BGC PROJECT (MTPBP) - [N16000526,2329.45,,2329.45,,,0,0.0
PETROLEUM,"RESTORATION OF GAS TERMINAL, PHASE-I (PART-A), HAZIRA PLANT - [N16000477",249.43,,249.43,62.35,,0,0.0
PETROLEUM,OLD PIPE LINE REPLACEMENT (OPRP) GROUP-A - [N16000483,173.03,,169.84,105.72,,0,-0.018436109345200243
PETROLEUM,COMMERCIAL POLYMER FLOODING PROJECT IN BECHRAJI FIELD - [N16000444,621.4,,621.4,85.84,,0,0.0
PETROLEUM,UPGRADATION OF FACILITIES OF NUMALIGARH-SILIGURI PRODUCT PIPELINE (NSPL) FOR TRANSPORTATION OF ADDIT - [N16000449,860.0,,860.0,234.6,,0,0.0
POWER,TS FOR EVACUATION OF POWER FROM REZ IN RAJASTHAN (20GW) UNDER PH-III PART D [SIKAR KHETRI TRANSMISSI - [N18000389,2000.0,,2000.0,,,0,0.0
POWER,"SINGRAULI SUPER THERMAL POWER PROJECT, STAGE-III (2X800 MW) - [N18000382",17195.31,,17195.31,531.0,,0,0.0
POWER,"LARA SUPER THERMAL POWER PROJECT, STAGE-II (2X800 MW) - [N18000381",15530.0,,15530.0,709.38,,0,0.0
POWER,DIBANG MULTIPURPOSE PROJECT 2880 MW ARUNACHAL PRADESH - [N18000362,31876.39,,31876.39,2397.93,,0,0.0
POWER,DAYAPAR WIND ENERGY PROJECT 200MW - [N18000345,1316.02,,1316.02,190.59,,0,0.0
POWER,KHAWDA 1255MW SOLAR PROJECT (KHAWDA SOLAR PARK) - [N18000346,7179.54,,7179.54,854.13,,0,0.0
POWER,KHAVDA 1200MW (4X300MW) IN KHAVDA RE PARK - [N18000365,6283.81,,6283.81,244.77,,0,0.0
POWER,TALCHER THERMAL POWER PROJECT STAGE III(2X660 MW) - [N18000364,11844.0,,11844.0,1405.09,,0,0.0
POWER,BADAM COAL MINING PROJECT - [N18000367,501.79,,501.79,40.35,,0,0.0
POWER,TRANSMISSION SYSTEM STRENGTHENING FOR SRINAGAR- LEH TRANSMISSION SYSTEM - [N18000330,288.71,,288.71,26.79,,0,0.0
POWER,TS FOR EVACUATION OF POWER FROM PAKALDUL HEP IN CHENAB VALLEY HEPS - LTA SYSTEM - [N18000328,318.12,,318.12,132.27,,0,0.0
POWER,TS FOR EVACUATION OF ADDITIONAL 7GW RE POWER FROM KHAVDA RE PARK UNDER PHASE-III PART B [VATAMAN TRA - [N18000384,3752.0,,3752.0,76.02,,0,0.0
POWER,2,4.0,,5.0,6.0,,0,0.25
POWER,TS FOR EVACUATION OF 7GW RE INJECTION AT KHAVDA PS UNDER PHASE-IV PART E4 - [N18000377,224.0,,224.0,,,0,0.0
POWER,SYSTEM STRENGTHENING SCHEME FOR EASTERN AND NORTH EASTERN REGION - [N18000343,307.87,,307.87,46.31,,0,0.0
POWER,"TS FOR SOLAR ENERGY ZONE IN BIDAR (2500MW), KARNATAKA [BIDAR TRANSMISSION LTD] - [N18000388",2148.0,,2148.0,,,0,0.0
POWER,TS FOR EVACUATION POWER FROM REZ IN RAJASTHAN (20GW) UNDER PHASE-III PART J - [N18000378,331.0,,331.0,4.66,,0,0.0
POWER,ER WR TRANSMISSION LIMITED - [N18000353,281.16,,281.16,0.11,,0,0.0
POWER,TRANSMISSION NETWORK EXPANSION IN GUJARAT TO INCREASE ATC FROM ISTS: PART C - [N18000338,186.19,,186.19,15.31,,0,0.0
POWER,TRANSMISSION SYSTEM FOR KURNOOL WIND ENERGY ZONE SOLAR ENERGY ZONE (AP) PART-A PART B - [N18000352,3546.94,,3546.94,589.03,,0,0.0
POWER,TS FOR EVACUATION POWER FROM REZ IN RAJASTHAN (20GW) UNDER PHASE-III PART E2 - [N18000379,428.0,,428.0,,,0,0.0
POWER,TS FOR EVACUATION OF POWER FROM RAJASTHAN REZ PH- IV (PART-1) [BIKANER COMPLEX] PART D [NEEMRANA II B - [N18000387,2056.0,,2056.0,110.42,,0,0.0
POWER,EASTERN REGION EXPANSION SCHEME XXIX - [N18000351,524.04,,524.04,240.01,,0,0.0
POWER,TRANSMISSION SYSTEM ASSOCIATED WITH WESTERN REGION EXPANSION SCHEME-XXVIII AND XXIX - [N18000355,260.3,,260.3,40.74,,0,0.0
POWER,TS FOR EVACUATION OF POWER FROM RAJASTHAN REZ PH- IV (PART-1) [BIKANER COMPLEX] PART A [BIKANER III N - [N18000386,2998.0,,2998.0,72.72,,0,0.0
POWER,"KHAVDA PHASE-II-PART C, GUJARAT- TRANSMISSION SCHEME FOR EVACUATION OF 4.5 GW RE INJECTION AT KHAVDA - [N18000361",2820.99,,2820.99,,,0,0.0
POWER,"TS FOR EVACUATION OF POWER FROM REZ IN RAJASTHAN (20GW) UNDER PHASE-III, PART E1 - [N18000373",688.74,,688.74,,,0,0.0
POWER,TS FOR EVACUATION POWER FROM REZ IN RAJASTHAN (20GW) UNDER PHASE-III PART C1 - [N18000375,1796.0,,1796.0,158.45,,0,0.0
POWER,TS FOR EVACUATION POWER FROM REZ IN RAJASTHAN (20GW) UNDER PHASE-III PART H - [N18000374,2211.0,,2211.0,109.74,,0,0.0
POWER,TRANSMISSION SYSTEM ASSOCIATED WITH WESTERN REGION EXPANSION SCHEME XXVII - [N18000354,271.69,,271.69,25.35,,0,0.0
POWER,TS FOR EVACUATION POWER FROM REZ IN RAJASTHAN (20GW) UNDER PHASE-III PART B1 - [N18000376,2191.0,,2191.0,147.99,,0,0.0
POWER,TRANSMISSION NETWORK EXPANSION IN GUJARAT ASSOCIATED WITH INTEGRATION OF RE PROJECTS FROM KHAVDA POT - [N18000358,815.12,,815.12,2.99,,0,0.0
POWER,TS FOR EVACUATION OF POWER FROM POTENTIAL RE ZONE IN KHAVDA AREA OF GUJARAT UNDER PH-IV PART E3 - [N18000383,334.0,,334.0,,,0,0.0
POWER,2,4.0,,5.0,6.0,,0,0.25
POWER,TS FOR INTRGRATION OF RE ZONE (PHASE II) IN KOPPAL II (PHASE A&B) AND GADAG II (PHASE A) IN KARNATAK - [N18000385,2889.0,,2889.0,,,0,0.0
POWER,"KHAVDA PHASE-II-PART B, GUJARAT- TRANSMISSION SCHEME FOR EVACUATION OF 4.5 GW RE INJECTION AT KHAVDA - [N18000360",1167.55,,1167.55,205.35,,0,0.0
POWER,TRANSMISSION SYSTEM SCHEME FOR EVACUATION OF POWER FROM REZ RAJASTHAN (8.1 GW) UNDER PHASE-II PART - [N18000356,1433.28,,1433.28,359.47,,0,0.0
POWER,"KHAVDA-2, GUJARAT- ESTABLISHMENT OF KHAVDA POOLING STATION-2 (KPS2) IN KHAVDA RE PARK - [N18000359",966.79,,966.79,26.0,,0,0.0
POWER,ESTABLISHMENT OF KHAVDA POOLING STATION 3 (KPS3) IN KHAVDA RE PARK - [N18000357,922.3,,922.3,107.23,,0,0.0
POWER,LUHRI HYDROELECTRIC PROJECT (STAGE1) - [N18000279,1810.56,,1810.56,1466.02,,0,0.0
POWER,DHAULASIDH HYDROELECTRIC PROJECT (66 MW) - [N18000291,687.97,,687.97,630.46,,0,0.0
POWER,SUNNI DAM HYDRO ELECTRIC PROJECT - [N18000344,2614.51,,2614.51,689.99,,0,0.0
RAILWAYS,PARASNATH-MADHUBAN-GIRIDIH - [N22000527,816.03,,902.86,3.08,,0,0.10640540176219017
RAILWAYS,SURFACE TRIANGLE LINE BETWEEN BHADURA STATION AND NEW CROSSING STN KARMA DOUBLING - [N22000525,199.96,,199.96,55.09,,0,0.0
RAILWAYS,GOMOH - FLYOVER FOR DOWN TRAINS - [N22000611,487.73,,487.73,245.45,,0,0.0
RAILWAYS,DOUBLING OF PRADHANKHUNTA JN -PATHERDIH BAZAR- BHOJUDIH - [N22000529,202.0,,349.22,,,0,0.7288118811881189
RAILWAYS,KODINGAMALI BAUXITE MINES TO SINGARAM RAILWAY STATION - [N22000519,190.9,,190.9,10.0,,0,0.0
RAILWAYS,JEYPORE NABARANGPUR NEWLINE - [N22000517,499.99,,747.91,,,0,0.49584991699833986
RAILWAYS,GANDHAMARDAN IRON ORE MINES TO GOALDIH STATION - [N22000520,189.93,,189.93,,,0,0.0
RAILWAYS,BAGHUAPAL FLY OVER (20 KM) - [N22000522,183.0,,183.0,,,0,0.0
RAILWAYS,BRUNDAMAL-JHARSUGUDA- FLYOVER CONNECTION FOR JOINING DN LINE - [N22000521,48.44,297.0,297.0,,,0,5.131296449215525
RAILWAYS,JEYPORE MALKANGIRI NEW LINE - [N22000516,642.69,,642.69,150.72,,0,0.0
RAILWAYS,TALCHER - ANGUL NEW LINE WITH Y CONNECTION AT TALCHER - [N22000518,278.96,495.0,494.62,,,0,0.7730857470605106
RAILWAYS,2,4.0,,5.0,6.0,,0,0.25
RAILWAYS,NAGPUR- NAGBHIR RAILWAY LINE GAUGE CONVERSION PROJECT - [N22000629,1400.0,,1400.0,,,0,0.0
RAILWAYS,YESHVANTHPUR-CHANNASANDRA (21.7 KM) - [N22000543,169.65,,169.65,71.75,,0,0.0
RAILWAYS,BAIYYAPPANAHALLI-HOSUR (48 KM) - [N22000542,375.67,,375.67,,,0,0.0
RAILWAYS,ALLAHABAD-BAMHRAULI - 4TH LINE (10 KM) WITH FLY-OVER AT SUBEDARGANJ - [N22000563,494.11,,494.11,,,0,0.0
RAILWAYS,MATHURA - VRINDAVAN (11 KM) - [N22000612,402.88,,402.88,,,0,0.0
RAILWAYS,MUGHALSARAI - ALLAHABAD - 3RD LINE - [N22000544,2390.0,,2390.0,,,0,0.0
RAILWAYS,ALIGARH-HARDUAGANJ FLYOVER (22 KM) - [N22000545,1456.89,,1456.89,,,0,0.0
RAILWAYS,ALIGARH-DAUD KHAN - 3RD LINE (6.9 KM) & CONSTRUCTION OF FLYOVER AT DAUD KHAN - [N22000562,451.99,,451.99,,,0,0.0
RAILWAYS,LALITPUR - BIRARI WITH FLYOVER AT LALITPUR - [N22000546,260.0,,260.0,,,0,0.0
RAILWAYS,KATIHAR-KUMEDPUR & KATIHAR-MUKURIA (64.5 KM) (UMBRELLA WORK PB#57/2019-20/NR) - [N22000570,745.0,,745.0,,,0,0.0
RAILWAYS,GUDHA THATHANA MITHRI TEST TRACK FOR RDSO - [N22000593,528.48,,528.48,307.66,,0,0.0
RAILWAYS,JAUNPUR AKBARPUR (TANDA) DOUBLING - [N22000582,515.5,,676.0,,,0,0.3113482056256062
RAILWAYS,BARABANKI-MALHAUR - 3RD & 4TH LINE (32.84 KM) - [N22000590,323.85,,323.85,,,0,0.0
RAILWAYS,DOUBLING BETWEEN JAUNPUR JN-ZAFFARABAD (6.28 KM) - [N22000591,177.33,,177.33,,,0,0.0
RAILWAYS,FEROZPUR - PATTI (25.72 KM) - [N22000614,299.74,,299.74,,,0,0.0
RAILWAYS,JANGHAI PRATAPGARH AMETHI DOUBLING - [N22000583,701.98,,1100.0,,,0,0.566996210718254
RAILWAYS,BARABANKI AKBARPUR DOUBLING - [N22000578,1200.0,,1700.0,,,0,0.4166666666666667
RAILWAYS,LUDHIANA MULLANPUR DOUBLING - [N22000589,82.99,234.77,235.0,,,0,1.8316664658392579
RAILWAYS,LUDHIANA KILA RAIPUR (19 KMS) WITH FREIGHT LINE AT GILL STATION ON LDH-JHL SECTION - [N22000584,235.72,,235.72,,,0,0.0
RAILWAYS,2,4.0,,5.0,6.0,,0,0.25
RAILWAYS,DALLIRAJHARA - ROWGHAT (95 KM) {PART OF DALLIRAJHARA- JAGDALPUR (235 KM)} - [N22000602,631.78,,1627.56,1323.64,,0,1.576149925607015
RAILWAYS,3RD LINE BETWEEN DHANBAD SONNAGAR - [N22000599,8975.0,,7906.38,4630.47,,0,-0.11906629526462394
RAILWAYS,JANGHAI-PHAPHAMAU - DOUBLING WITH ELECTRIFICATION (46.79 KM) - [N22000596,357.48,,409.38,312.07,,0,0.14518294729775086
RAILWAYS,JUNAGARH -VISAVADAR (42.28) KM - [N22000600,492.83,,492.83,,,0,0.0
RAILWAYS,INDORE BUDNI (INDORE JABALPUR) - [N22000601,4340.0,,7393.75,1004.86,,0,0.7036290322580645
RAILWAYS,RENIGUNTA WADI GOOTY - BYPASS - [N22000587,302.0,,302.0,98.83,,0,0.0
RAILWAYS,VIJAYAWADA KAZIPET BYEPASS LINE - [N22000586,226.72,,226.72,107.76,,0,0.0
RAILWAYS,DOUBLING BETWEEN GOOTY-PENDAKALLU (29.225) - [N22000585,351.83,,351.83,,,0,0.0
RAILWAYS,DOUBLING OF BORIDAND - AMBIKAPUR ( SURAJPUR) - [N22000580,1376.2,,775.82,33.55,,0,-0.4362592646417672
RAILWAYS,Gauge conversion of Raipur(Kendri)-Dhamtari and Abhanpur-Rajim branch (67.20 km) - [N22000572,1171.3,,1171.3,209.98,,0,0.0
RAILWAYS,NIPANIA-BHATAPRA (14.4 KM) 4TH LINE (PB#72/NR/2022-23) - [N22000573,170.49,,170.49,0.1,,0,0.0
RAILWAYS,4TH LINE - RAJNANDGAON-DONGARHGARH (31.2 KM) (PB#72/NR/2022-23) - [N22000577,328.34,,328.34,0.37,,0,0.0
RAILWAYS,4TH LINE - DADHAPARA-BELHA (9.2 KM) (PB#72/NR/2022-23) - [N22000576,169.06,,169.06,0.22,,0,0.0
RAILWAYS,4TH LINE - BHILAI-BHILAI NAGAR (8.8 KM) (PB#72/NR/2022-23) - [N22000575,169.06,,177.34,0.02,,0,0.04897669466461612
RAILWAYS,3RD AND 4TH LINE - SARAGBUNDIA AND MADWARANI - [N22000579,167.64,,167.64,,,0,0.0
RAILWAYS,CHIRIMIRI-NAGPUR HALT - [N22000616,241.0,,241.0,,,0,0.0
RAILWAYS,4TH LINE - BHATAPARA-HATHBAND (8.8 KM) (PB#72/NR/2022- 23) - [N22000574,177.03,,177.03,0.21,,0,0.0
RAILWAYS,SHIMOGA-SHIKARIPURA-RANEBENNUR (UMBRELLA WORK PB#23/2018-19/NR) - [N22000559,1453.73,,994.47,53.8,,0,-0.31591836173154575
RAILWAYS,SATNA - REWA (50 KM) - [N22000554,500.0,,500.0,,,0,0.0
RAILWAYS,NEW BG LINE INTERSECTION (5 NOS) BETWEEN GERATPUR- SANAND & BOTAD-AHMEDABAD (16.51 KM) (PB#29/NR/202 - [N22000551,437.21,,437.21,,,0,0.0
RAILWAYS,ADRAJ MOTI-VIAJAPUR (39.75 KM) - [N22000548,296.54,,296.54,,,0,0.0
RAILWAYS,2,4.0,,5.0,6.0,,0,0.25
RAILWAYS,NATHDWARA-NEW NATHDWARA NEW LINE ( MM OF AJMER- CHITTAURGARH-UDAIPUR) - [N22000623,166.33,,166.33,32.28,,0,0.0
ROAD TRANSPORT AND HIGHWAYS,"CONSTRUCTION OF 4 LANE WITH PAVED SHOULDER FROM (DESIGN CH. 14+200 TO 24+400), (DESIGN CH. 35+300 TO - [N24001998",832.46,,823.46,252.09,,0,-0.010811330274127284
ROAD TRANSPORT AND HIGHWAYS,REHABILITATION AND UPGRADATION TO 2 LANE WITH PAVED SHOULDER FROM EXISTING CHAINAGE KM 134.95 TO KM - [N24001899,395.25,,395.25,165.41,,0,0.0
ROAD TRANSPORT AND HIGHWAYS,REHABILITATION AND UPGRADATION TO 2 LANE WITH PAVED SHOULDER FROM EXISTING CHAINAGE KM 49.150 TO KM - [N24001900,796.97,,796.97,353.94,,0,0.0
ROAD TRANSPORT AND HIGHWAYS,REHABILITATION AND UPGRADATION TO 2 LANE WITH PAVED SHOULDER FROM DESIGN CHAINAGE KM 162.800 TO KM - [N24002119,562.45,,562.45,8.68,,0,0.0
ROAD TRANSPORT AND HIGHWAYS,IMPROVEMENT/CONSTRUCTION OF EXISTING CLASS 5 ROAD TO NH INTERMEDIATE LANE SPECIFICATION WITH HARD SH - [N24001916,314.67,,314.67,,,0,0.0
ROAD TRANSPORT AND HIGHWAYS,IMPROVEMENT/CONSTRUCTION OF EXISTING CLASS-5 ROAD TO NH INTERMEDIATE LANE SPECIFICATION WITH HARD SH - [N24001915,230.54,,230.54,,,0,0.0
ROAD TRANSPORT AND HIGHWAYS,REHABILITATION AND UPGRADATION TO 2 LANE WITH PAVED SHOULDER FROM EXISTING CHAINAGE KM 102 TO KM 13 - [N24001897,642.24,,642.24,370.71,,0,0.0
ROAD TRANSPORT AND HIGHWAYS,REHABILITATION AND UPGRADATION TO 2 LANE WITH PAVED SHOULDER FROM EXISTING CHAINAGE KM 30.000 TO K - [N24001898,272.49,,272.49,146.77,,0,0.0
ROAD TRANSPORT AND HIGHWAYS,CONSTRUCTION OF REALIGNMENT BETWEEN PANDRASS- PASHKYUN (TOTAL LENGTH 27.10 KM) ON ROAD ZOZILA- KARGIL - [N24001999,426.14,,426.14,27.99,,0,0.0
ROAD TRANSPORT AND HIGHWAYS,4 LANE WITH PAVED SHOULDER FROM KM 0.000 TO KM 51.119 OF TADIPATRI TO MUDDANUR OF NH67 - [N24001935,724.17,,724.17,321.81,,0,0.0
ROAD TRANSPORT AND HIGHWAYS,REHABILITATION AND UPGRADATION TO 2-LANE CONFIGURATION OF KALWAHAN-MANDI SECTION (KM 208.950 TO KM 2 - [N24001470,314.32,,314.32,9.45,,0,0.0
ROAD TRANSPORT AND HIGHWAYS,REHABLITATION AND UPGRADATION OF AMBOLI JUNCTION (DESIGN CH. 71+530) TO AJARA (DESIGN CH.100+835) SE - [N24001881,574.0,,574.0,574.0,,0,0.0
ROAD TRANSPORT AND HIGHWAYS,CONSTRUCTION OF 2 LANE ROAD OF POTIN TO PANGIN SECTION OF NH 13 FROM KM 77.95 TO KM 117.56 (PACKAGE - [N24001291,421.48,,421.48,365.83,,0,0.0
ROAD TRANSPORT AND HIGHWAYS,WIDENING TO 4 LANE FROM KM 51.60 TO 76.20 (HEBRI TO PARKALA) AND FROM KM 85.20 TO 88.90 (KARAVALI JU - [N24001948,355.72,,355.72,,,0,0.0
ROAD TRANSPORT AND HIGHWAYS,2,4.0,,5.0,6.0,,0,0.25
ROAD TRANSPORT AND HIGHWAYS,WIDENING AND STRENGTHENING OF SECTION FROM BHARTHANA CHOWK TO KODARKOOT (KM. 0.00 TO KM. 40.00) OF - [N24001587,262.37,,343.77,193.78,,0,0.31024888516217547
ROAD TRANSPORT AND HIGHWAYS,REHABILITATION AND UPGRADATION OF JAMKHED TO SAUTADA SECTION OF NH548 D (FROM KM 195.375 TO KM 208.7 - [N24001910,157.62,,157.62,13.86,,0,0.0
ROAD TRANSPORT AND HIGHWAYS,WIDENING AND STRENGTHENING TO TWO LANE WITH PAVED SHOULDER/TWO LANE+ PAVED SHOULDER WITH SERVICE ROA - [N24001924,514.22,,514.22,,,0,0.0
ROAD TRANSPORT AND HIGHWAYS,44 LANE DIVIDED CARRIAGEWAY OF BARMER BYPASS OF NH- 15 (NEW NH-68) IN THE STATE OF RAJASTHAN ON EPC M - [N24001529,451.66,,451.66,401.78,,0,0.0
ROAD TRANSPORT AND HIGHWAYS,DEVELOPMENT TO 4/6-LANNING OF NH-31 (NEW NH-10) WITH BOTH SIDE SERVICE ROADS FROM KM 569.258 TO KM 5 - [N24001850,995.04,,995.04,194.48,,0,0.0
ROAD TRANSPORT AND HIGHWAYS,CONSTRUCTION OF 4-LANE GREEN FIELD HIGHWAY FROM KM. 35.000 TO KM. 49.155 OF NH-731A WITH PAVED SHOUL - [N24001929,697.66,,697.66,213.01,,0,0.0
ROAD TRANSPORT AND HIGHWAYS,CONSTRUCTION OF 4-LANE HIGHWAY WITH PAVED SHOULDERS FROM KM 49.155 TO KM 74.700 OF NH-731A ON HYBRID - [N24002032,1156.72,,1156.72,119.26,,0,0.0
ROAD TRANSPORT AND HIGHWAYS,REHABILITATION AND UP-GRADATION OF JINTUR- SHIRAD SHAHAPUR SECTION KM 258.300 TO KM 306.300 [DESIGN - [N24001885,414.81,,414.81,,,0,0.0
ROAD TRANSPORT AND HIGHWAYS,CONSTRUCTION OF BYPASS TO KHORDHA TOWN FROM KM 294/000 TO 300/300 ON NH-57 INCLUDING LA IN THE STATE - [N24001861,157.49,,157.49,59.2,,0,0.0
ROAD TRANSPORT AND HIGHWAYS,CONSTRUCTION OF 2 LANE ROAD OF POTIN TO PANGIN SECTION OF NH 13 FROM KM 117.56 TO KM 163.59 (PACKAGE - [N24001292,543.05,,543.05,567.92,,0,0.0
ROAD TRANSPORT AND HIGHWAYS,IMPROVEMENT AND UPGRADATION TO TWO LANE WITH PAVED SHOULDER CONFIGURATION FROM EXISTING KM 90.00 TO - [N24002015,403.36,,403.36,37.5,,0,0.0
ROAD TRANSPORT AND HIGHWAYS,CONSTRUCTION OF BYPASS TO GUDIYATHAM TOWN IN KM 23/100 – 29/250 INCLUDING LA AND SHIFTING OF NH-234 - [N24001828,221.03,,243.95,114.24,,0,0.10369633081482146
ROAD TRANSPORT AND HIGHWAYS,2L+PS FOR WORK OF NH-325 (BALOTRA TO SANDERAO VIA JALORE) BY CONSTRUCTION OF BYPASSES:(1) ASOTRA- BR - [N24001527,411.4,,411.4,143.61,,0,0.0
ROAD TRANSPORT AND HIGHWAYS,"REHABILITATION AND UPGRADATION OF KURWAI– MUNGAOLI–CHANDERI ROAD SECTION OF NH-346, FROM DESIGN CHAIN - [N24001965",386.49,,386.49,86.72,,0,0.0
ROAD TRANSPORT AND HIGHWAYS,2L+PS FROM KM. 0+000 TO KM. 32+000 (MUDIGUBBA TO PUTTAPARTHI) OF NH-342 - [N24001932,401.72,,401.72,161.11,,0,0.0
ROAD TRANSPORT AND HIGHWAYS,CONSTRUCTION OF 2-LANE MAJOR BRIDGE INCLUDING APPROACHESOVER BRAHMAPUTRA BETWEEN MAJULI ON NORTH BAN - [N24001408,925.47,,925.47,321.15,,0,0.0
ROAD TRANSPORT AND HIGHWAYS,R/U TO 2-LANE WITH PS OF BEWAR TO ALLAHGANJ SECTION OF NH-730C FROM KM.0.00 TO 52.770 UNDER GNHCP - [N24001471,325.24,,325.24,171.46,,0,0.0
ROAD TRANSPORT AND HIGHWAYS,2,4.0,,5.0,6.0,,0,0.25
ROAD TRANSPORT AND HIGHWAYS,REHABILITATION AND UPGRADATION OF BHOKARDAN TO KUMBHARI FATA DESIGN CH. (KM 13+500 TO 17+00) AND RAJ - [N24001887,291.37,,291.37,102.94,,0,0.0
ROAD TRANSPORT AND HIGHWAYS,CONSTRUCTION OF 2 LANE WITH PAVED SHOULDER NORTHERN BYPASS PHASE-II OF KOTA CITY FROM DESIGN CHAINAG - [N24001928,317.74,,317.74,136.23,,0,0.0
ROAD TRANSPORT AND HIGHWAYS,REHABILITATION AND UPGRADATION OF PARLI TO SIRSALA SECTION OF NH-361F (KM 136+700 TO 115+000) (LENGT - [N24001890,261.82,,261.82,70.59,,0,0.0
ROAD TRANSPORT AND HIGHWAYS,WIDENING AND STRENGTHENING OF EXISTING PAVEEMNT TO TWO LANE WITH PAVED SHOULDERS FROM KM 116.00 TO K - [N24001923,315.21,,315.21,59.59,,0,0.0
ROAD TRANSPORT AND HIGHWAYS,UPGRADATION and WIDENING OF JHARKHEDA- BERASIA - DHOLKHEDI FROM DESIGN KM 0+000 TO KM 87+900 (DESIGN - [N24001964,365.21,,365.21,136.44,,0,0.0
ROAD TRANSPORT AND HIGHWAYS,4 LANING OF BATHALAPALLI TO MUDIGUBBA SECTION (DESIGN CHAINAGE KM. 96.300 TO 129.300) INCLUDING BATH - [N24001931,536.0,,536.0,393.48,,0,0.0
ROAD TRANSPORT AND HIGHWAYS,UP-GRADATION TO 2 LANE WITH PAVED SHOULDER FROM CHARBHUJA AT DESIGN KM 0.00 (EXISTING KM 150.00) TO - [N24001927,838.43,,838.43,142.87,,0,0.0
ROAD TRANSPORT AND HIGHWAYS,4-LANING OF ITANAGAR TO BANDARDEWA SECTION OF NH- 415 FROM KM 51+700 TO KM 59+199 (PACKAGE-C) ON EPC - [N24001374,437.6,,437.6,345.59,,0,0.0
ROAD TRANSPORT AND HIGHWAYS,KOPARGAON TO SAVALI VIHIR SECTION - [N24001904,195.38,,195.38,29.59,,0,0.0
ROAD TRANSPORT AND HIGHWAYS,WIDENING AND IMPROVEMENT OF EXISTING CARRIAGE WAY TO 2 LANE WITH PAVED SHOULDERS FROM KM. 86/160 TO - [N24002002,423.48,,423.48,198.05,,0,0.0
ROAD TRANSPORT AND HIGHWAYS,NH-30-BHADRACHALAM TO KONTA SECTION 2LPS - [N24001953,388.71,,388.71,108.69,,0,0.0
ROAD TRANSPORT AND HIGHWAYS,WIDENING OF EXISTING SINGLE LANE ROAD TO INTERMEDIATE LANE ROAD FROM MOKOKCHUNG TO CHARE VIA DIKHU I - [N24001855,192.93,,192.93,41.69,,0,0.0
ROAD TRANSPORT AND HIGHWAYS,REHABILITATION AND UPGRADATION TO 2-LANE WITH PAVED SHOULDER CONFIGURATION OF JIRAPUR-SUSNER-MP-RJ B - [N24002018,239.72,232.0,232.22,110.11,,0,-0.03128650091773736
ROAD TRANSPORT AND HIGHWAYS,UPGRADATION OF EXHISTING 2 LANE FLEXIBLE PAVEMENT TO 2 LANE PAVED SHOULDERS RIGID PAVEMENT FROM DESI - [N24001908,167.97,,167.97,35.28,,0,0.0
ROAD TRANSPORT AND HIGHWAYS,"WIDENING AND STRENGTHENING FROM KM.15.000 TO KM, 58.600 (BHADEWARA -DRAMANDGANJ SECTION) OF NATIONAL - [N24001478",257.97,,257.97,132.48,,0,0.0
ROAD TRANSPORT AND HIGHWAYS,WIDENING TO EXISTING SINGLE LANE /INTERMEDIATE LANE TO 2 LANE FROM KM185.00 TO KM 220.00 OF NH-61 (N - [N24001466,297.24,,297.24,99.24,,0,0.0
ROAD TRANSPORT AND HIGHWAYS,CONSTRUCTION OF TWO LANE WITH PAVED SHOULDER HIGHWAY FROM DESIGN CH.0.000 TO CH.49.2OO OF NH-731B ON - [N24001996,640.18,,640.18,253.09,,0,0.0
ROAD TRANSPORT AND HIGHWAYS,CONSTRUCTION OF 2 LANE ROAD OF POTIN TO PANGIN SECTION OF NH 13 FROM KM 206.66 TO KM 247.05 (PACKAGE - [N24001293,486.7,,486.7,474.23,,0,0.0
ROAD TRANSPORT AND HIGHWAYS,2,4.0,,5.0,6.0,,0,0.25
ROAD TRANSPORT AND HIGHWAYS,FOUR LANING OF OTTANCHATRAM TO PALANI SECTION FROM KM 30/700 TO KM 55/000 OF NH 209(NEW NH-83) INCLU - [N24001829,172.15,,172.15,43.59,,0,0.0
ROAD TRANSPORT AND HIGHWAYS,WIDENING OF PACHPADRA-BAGUNDI SECTION TO 4 LANE FROM KM 73/60 TO 95/70 OF NH-25 ON EPC MODE IN THE - [N24001528,194.88,,194.88,104.69,,0,0.0
ROAD TRANSPORT AND HIGHWAYS,CONSTRUCTION OF 4 LANE ELEVATED VIADUCT AT KM. 7.500 MUNSHI PULIA OF NH-24A - [N24001460,170.6,,170.6,153.04,,0,0.0
ROAD TRANSPORT AND HIGHWAYS,CONSTRUCTION OF SHOHRATGARH BYPASS ON NH-730 UNDER EPC MODE IN THE STATE OF UTTAR PRADESH - [N24001997,189.31,,189.31,46.36,,0,0.0
ROAD TRANSPORT AND HIGHWAYS,UPGRADATION TO TWO LANE PAVED SHOULDER OF KOTHUN-LALSOT-KAROLI-DHOLPUR ROAD NH-23 (OLD NH- 11B) IN TH - [N24001530,150.11,,150.11,56.33,,0,0.0
ROAD TRANSPORT AND HIGHWAYS,REHABILITATION AND UPGRADATION OF SHIRAPUR JUNCTION TO SHIVAJI CHOWK (DESIGN CHAINAGE KM. 130+00 TO - [N24001892,245.61,,245.61,43.39,,0,0.0
ROAD TRANSPORT AND HIGHWAYS,4 LANE FROM KM 56.400 TO KM 120.300 FROM B.KOTHAPALLI JUNCTION TO GORANTLA OF NH 716G - [N24001959,839.98,,839.98,173.32,,0,0.0
ROAD TRANSPORT AND HIGHWAYS,CONSTRUCTION OF MARIAHU BYPASS WITH FOUR LANE PAVED SHOULDER CONFIGURATION (KM.53.540 TO KM.59.200) - [N24002115,438.24,,438.24,151.35,,0,0.0
ROAD TRANSPORT AND HIGHWAYS,UPGRADATION AND REHABILITATION TO TWO LANE WITH PAVED SHOULDER OF BARMER GHAGARIYA SECTION FROM KM 0 - [N24001531,304.87,,304.87,289.31,,0,0.0
ROAD TRANSPORT AND HIGHWAYS,Sagwara Bypass and Garhi- Partapur Bypass of NH- 927A in the State of Rajasthan. - [N24001868,187.65,,187.65,66.57,,0,0.0
ROAD TRANSPORT AND HIGHWAYS,WIDENING TO TWO LANE WITH PAVED SHOULDERS FROM KM 0/000 TO KM 79/300 OF KALWAKURTHY - KOLLAPUR SECTI - [N24002007,886.69,,886.69,90.46,,0,0.0
ROAD TRANSPORT AND HIGHWAYS,IMPROVEMENT OF 2 LANE WITH PAVED SHOULDER OF STRETCH FROM BIKRAMGANJ DAWATH MELAYABAGH NAWANAGR -DUM - [N24002133,178.63,,178.63,34.1,,0,0.0
ROAD TRANSPORT AND HIGHWAYS,CONSTRUCTION OF 2 LANE ROAD OF POTIN TO PANGIN SECTION OF NH 13 FROM KM 163.59 TO KM 206.66 (PACKAGE - [N24001297,450.65,,450.65,361.48,,0,0.0
ROAD TRANSPORT AND HIGHWAYS,CONSTRUCTION OF JASRA BYPASS WITH FOUR LANE PAVED SHOULDER CONFIGURATION FROM KM. 379.670 ON NH-76 ( - [N24002120,274.06,,274.06,41.24,,0,0.0
ROAD TRANSPORT AND HIGHWAYS,WIDENING TO TWO LANE WITH PAVED SHOULDERS FROM KM 40.00 TO KM 75.00 (EXISTING CHAINAGES) OF MANGALOR - [N24002012,718.52,,718.52,,,0,0.0
ROAD TRANSPORT AND HIGHWAYS,UPGRADATION OF NASRULLAGANI-REHTI-BUDHNI SCCTION TO 2-LANE WITH PAVED SHOULDER FROM KM 0+150 TO KM - [N24001963,305.12,,305.12,73.56,,0,0.0
ROAD TRANSPORT AND HIGHWAYS,WIDENING AND STRENGTHENING/RECONSTRUCTION TO TWO LANE WITH PAVED SHOULDER/ TWO LANE WITH PAVED SHOUL - [N24001925,423.18,,423.18,0.11,,0,0.0
ROAD TRANSPORT AND HIGHWAYS,UPGRADATION OF DINDORI-SAGARTOLA-KABICHABUTRA (MP-CG BORDER) SECTION OF NH -45 FROM KM 0+00(DESIGN) - [N24002019,329.14,319.0,319.09,87.66,,0,-0.03053411921978493
ROAD TRANSPORT AND HIGHWAYS,2,4.0,,5.0,6.0,,0,0.25
ROAD TRANSPORT AND HIGHWAYS,"CONSTRUCTION OF TWO LANE WITH PAVED SHOULDER FOR FATEHPUR BYPASS, MANDAWA BYPASS AND JHUNJHUNU BYPAS - [N24001866",186.29,,186.29,142.69,,0,0.0
ROAD TRANSPORT AND HIGHWAYS,WIDENING AND STRENGTHENING TO 2L+PS INCLUDING LA OF KANDARPUR-BALIKUDA FROM KM 277/500 TO 318/970 OF - [N24001858,499.79,,499.79,218.62,,0,0.0
ROAD TRANSPORT AND HIGHWAYS,"WIDENING TO 2 LANES WITH PAVED SHOULDERS FROM KM 24.400 TO 27.270, 40.500 TO 41.900, 84.300 TO 88.20 - [N24001946",218.93,,218.93,,,0,0.0
ROAD TRANSPORT AND HIGHWAYS,REHABILITATION AND UP-GRADATION OF MUDKHED TO NANDED SECTION FROM KM. 372+000 TO KM 388+400 OF NH 16 - [N24001903,206.54,,206.54,21.36,,0,0.0
ROAD TRANSPORT AND HIGHWAYS,NH167AD FROM MACHERLA TO DACHEPALLI FROM KM.0.000 TO 43.659 TO 2LPS - [N24001951,403.22,,403.22,262.08,,0,0.0
ROAD TRANSPORT AND HIGHWAYS,REHABILITATION AND UPGRADATION OF SATANA TO MANGRUL (CHANDWAD) SECTION OF NH752 G DESIGN CH: KM 64.0 - [N24001884,428.8,,428.8,54.11,,0,0.0
ROAD TRANSPORT AND HIGHWAYS,CONSTRUCTION OF BYPASS TO NAYAGARH TOWN FROM KM 235.469 TO 252.482 OF NH-57 INCLUDING LAND ACQUISITI - [N24001860,300.33,,300.33,159.82,,0,0.0
ROAD TRANSPORT AND HIGHWAYS,UPGRADATION AND REHABILITATION TO TWO LANE WITH PAVED SHOULDER OF GHAGARIYA- MUNABAO SECTION FROM KM - [N24001869,235.15,,235.15,92.29,,0,0.0
ROAD TRANSPORT AND HIGHWAYS,2LPS OF KOYYURU TO CHAPRATHIPALEM SECTION OF NH 516E - [N24001957,349.29,,349.29,138.22,,0,0.0
ROAD TRANSPORT AND HIGHWAYS,WIDENING TO 2LPS OF RAMPACHODAVARAM - KOYYURU SECTION OF NH516E FROM KM.43.700 TO KM 113.820 - [N24001954,568.12,,568.12,255.54,,0,0.0
ROAD TRANSPORT AND HIGHWAYS,CONSTRUCTION OF TWO LANE WITH PAVED SHOULDER FROM EXISTING KM.0.000 TO KM.55.610 (DESIGN KM. 0.000 T - [N24002031,840.93,,840.93,337.24,,0,0.0
ROAD TRANSPORT AND HIGHWAYS,NH440 RAYACHOTY TOVEMPALLI 2LPS - [N24001934,439.82,,439.82,193.63,,0,0.0
ROAD TRANSPORT AND HIGHWAYS,4 LANING OF ITANAGAR TO BANDARDEWA SECTION OF NH- 415 FROM KM 40+430 TO KM 51+735 (PACKAGE B) ON EPC - [N24001375,496.47,,496.47,131.33,,0,0.0
ROAD TRANSPORT AND HIGHWAYS,WIDENING OF EXISTING SINGLE LANE / INTERMEDIATE LANE ROAD TO 2 LANE FROM KM 101 TO KM 125 OF NH 61 I - [N24001465,252.19,,252.19,0.28,,0,0.0
ROAD TRANSPORT AND HIGHWAYS,GUDIWADA TOWN 2 LANE ROB AND ROAD IMPROVEMENT OF NH165 IN REPLACEMENT OF LC NO 3ESPL3 AT KM 231.700 - [N24001955,317.22,,317.22,67.67,,0,0.0
ROAD TRANSPORT AND HIGHWAYS,"CONSTRUCTION OF KAITHI-PADARIA KALA BYPASS, PATNA- TAMOLI BYPASS, JASO BYPASS , NAGOD BYPASS (TOTAL L - [N24002020",158.36,158.0,158.36,29.79,,0,0.0
ROAD TRANSPORT AND HIGHWAYS,REHABILITATION AND UP-GRADATION TO 4 LANE ROAD WITH PAVED SHOULDER CONFIGURATION OF SECTION FROM UND - [N24001880,778.18,,778.18,135.78,,0,0.0
ROAD TRANSPORT AND HIGHWAYS,CONSTRUCTION OF PRATAPGARH BYPASS (EXTENSION) CONNECTING NH-31 TO NH-330 - [N24002016,225.17,,225.17,66.47,,0,0.0
ROAD TRANSPORT AND HIGHWAYS,2,4.0,,5.0,6.0,,0,0.25
ROAD TRANSPORT AND HIGHWAYS,WIDENING OF EXISTING ROAD TO 2 LANE WITH PAVED SHOULDER FROM HUKANJURI TO KHONSA SECTION OF NH- 315A - [N24001376,182.55,,182.55,119.02,,0,0.0
ROAD TRANSPORT AND HIGHWAYS,REHABILITATION AND UPGRADATION TO 2-LANE CONFIGURATION OF HAMIRPUR-KARNOHAL SECTION (KM 141.000 TO K - [N24001447,371.93,,371.93,30.75,,0,0.0
ROAD TRANSPORT AND HIGHWAYS,WIDENING TO FOUR LANE WITH PAVED SHOULDER FROM DESIGN KM.49.200 TO KM.89.285 OF NH-731B ON EPC MODE - [N24002029,917.91,,917.91,423.34,,0,0.0
ROAD TRANSPORT AND HIGHWAYS,CONSTRUCTION OF PROPOSED 4_LANE REVELGUNJ BYPASS NH-19 IN THE STATE OF BIHAR ON EPC MODE CONNECTING - [N24001879,295.24,,295.24,10.89,,0,0.0
ROAD TRANSPORT AND HIGHWAYS,2LPS FROM KM36.400 TO KM. 107.224 OF NH167BG FROM DUTTALUR TO KAVALI SECTION - [N24001942,423.67,,423.67,159.74,,0,0.0
ROAD TRANSPORT AND HIGHWAYS,CONSTRUCTION OF NEW 4-LANE BRIDGE (PARALLEL TO EXISTING VIKRAMASHILA SETU)FROM KM 8+920 TO KM 13+375 - [N24001877,1110.23,,1110.23,95.02,,0,0.0
ROAD TRANSPORT AND HIGHWAYS,CONSTRUCTION OF FOUR LANE ROB AND ITS APPROACHES IN LIEU OF EXISTING LEVEL CROSSING NO. RV-71 AT KM - [N24001864,154.49,,154.49,38.03,,0,0.0
ROAD TRANSPORT AND HIGHWAYS,NH167B FROM KM.143.320 MALAKONDA TO 189.050 SINGARAYAKONDA ON NH 16 TO TWO LANE WITH PAVED SHOULDERS - [N24001950,369.81,,369.81,136.23,,0,0.0
ROAD TRANSPORT AND HIGHWAYS,WIDENING TO EXISTING 2 LANE WITH PAVED SHOULDER TO 4 LANE WITH PAVED SHOULDER FROM DESIGN KM 153.00 - [N24001947,177.94,,177.94,,,0,0.0
ROAD TRANSPORT AND HIGHWAYS,WIDENING TO 2 LANE WITH PAVED SHOULDERS OF SIDDIPET-ELKATHURTHY SECTION FROM KM 69/978 TO KM 133/6 - [N24002008,578.85,,578.85,172.76,,0,0.0
ROAD TRANSPORT AND HIGHWAYS,REHABILITATION AND UPGRADATION FROM KM 51.600 TO KM 75.700 OF NH-321G (NUHKHAS TO ETAH SECTION) TO T - [N24002116,343.54,,343.54,28.4,,0,0.0
ROAD TRANSPORT AND HIGHWAYS,UPGRADATION OF TWO LANE PAVED SHOULDER FROM SHAHPURA TO THANAGAZI OF NH-248A ON EPC MODE IN THE STAT - [N24001867,174.34,,174.34,104.08,,0,0.0
ROAD TRANSPORT AND HIGHWAYS,CONSTRUCTION OF NEW FOUR LANE BYPASS TO PARBHANI CITY (PARWA TO ASOLA) KM 463/265 TO KM 481/180 (DES - [N24001882,496.64,,496.64,,,0,0.0
ROAD TRANSPORT AND HIGHWAYS,2LPS OF CHAPRATHIPALEM TO LAMBASINGI SECTION OF NH 516E - [N24001958,311.22,,311.22,100.84,,0,0.0
ROAD TRANSPORT AND HIGHWAYS,UPGRADATION OF NH 130A MUNGELI TO PONDI FROM NH KM. 51.600 TO KM. 77.870 KM. 80.970 TO 96.970 TO 2 - [N24001920,218.57,,218.57,79.94,,0,0.0
ROAD TRANSPORT AND HIGHWAYS,WIDENING TO 4 LANE FROM KM. 133.00 TO 158.04 (DESIGN CHAINAGE KM. 130.88 TO 155.145) (SHIRUR CROSS T - [N24001941,350.69,,350.69,,,0,0.0
ROAD TRANSPORT AND HIGHWAYS,"CONSTRUCTION OF MIHONA BYPASS, LAHAR BYPASS, DABOH BYPASS and BHANDER BYPASS (TOTAL LENGTH 20.60 KM) - [N24001962",179.19,,179.19,75.37,,0,0.0
ROAD TRANSPORT AND HIGHWAYS,NH 167 B KADAPA NELLORE BORDER TO CSPURAM I.E. FROM KM 58.635 TO KM 99.409 - [N24001952,285.5,,285.5,85.84,,0,0.0
ROAD TRANSPORT AND HIGHWAYS,2,4.0,,5.0,6.0,,0,0.25
ROAD TRANSPORT AND HIGHWAYS,BALANCE WORK OF CONSTRUCTION OF TWO/FOUR LANE WITH PAVED SHOULDER FROM KM 422.000 TO 523.600 ( CHITR - [N24002011,516.96,,516.96,,,0,0.0
ROAD TRANSPORT AND HIGHWAYS,MULAKALACHERUVU TO MADANAPALLE SECTION OF NH42 FROM KM 202.050 TO KM 245.640 EXCLUDING RETAINED STRE - [N24001933,480.1,,480.1,443.87,,0,0.0
ROAD TRANSPORT AND HIGHWAYS,IMPROVEMENT AND UP-GRADATION TO TWO LANE WITH PAVED SHOULDER CONFIGURATION FROM EXISTING KM. 420.00 - [N24002121,509.65,,509.65,109.01,,0,0.0
ROAD TRANSPORT AND HIGHWAYS,CONSTRUCTION OF MANGALDOI BYPASS (NH-15) STARTING AT CH 26+400 AND TERMINATING AT CH 41+505 UNDER RA - [N24001840,535.03,,535.03,,,0,0.0
ROAD TRANSPORT AND HIGHWAYS,"STRENGTHING AND WIDINING OF EXISTING CARRIAGEWAY TO 10 M IN KM, 156/160 TO 229/160 (TEMBHURNI - KUSL - [N24001909",157.72,,157.72,55.38,,0,0.0
ROAD TRANSPORT AND HIGHWAYS,REHABILITATION AND UP-GRADATION OF SABALKHED TO ASHTI SECTION FROM KM 37+900 TO KM 55+100 AND CHINCH - [N24001902,213.32,,213.32,20.0,,0,0.0
ROAD TRANSPORT AND HIGHWAYS,DEVELOPMENT/WIDENING OF TALEGAON – CHAKAN – SHIKRAPUR – NHAVARA SECTION OF NH 548DG (NHAVARA TO CHOU - [N24001886,304.68,,304.68,97.09,,0,0.0
ROAD TRANSPORT AND HIGHWAYS,CONSTRUCTION OF 4 LANE ROB WITH APPROACHES IN LIEU OF LC NO. RV-172 AT KM 176.00 OF NH-201 (PRESENT - [N24001865,324.09,,324.09,66.7,,0,0.0
ROAD TRANSPORT AND HIGHWAYS,UKHRUL TOLOI TADUBI PKG-2 - [N24002131,578.98,,578.98,,,0,0.0
ROAD TRANSPORT AND HIGHWAYS,4 LANE WITH PAVED SHOULDER AGARTALA BYPASS (WESTERN SIDE) CONNECTING NH-8 - [N24002132,2026.05,,2026.05,,,0,0.0
ROAD TRANSPORT AND HIGHWAYS,WIDENING AND UPGRADATION TO TWO LANES WITH PAVED SHOULDERS ROAD FROM TAMENGLONG TO MAHUR (NH-137) IN - [N24001970,860.37,,860.37,235.45,,0,0.0
ROAD TRANSPORT AND HIGHWAYS,IMPROVEMENT AND WIDENING TO 2-LANE WITH EARTHEN PAVED SHOULDER FROM UDAIPUR TO SRIMANTAPUR - [N24001914,195.95,,195.95,,,0,0.0
ROAD TRANSPORT AND HIGHWAYS,2 LANE WITH PAVED SHOULDER FROM KM 27+150 (GOLAI GAON) TO KM 47+682 (LEDO) ON EXISTING DIBRUGARH TO - [N24002026,643.42,,643.42,64.03,,0,0.0
ROAD TRANSPORT AND HIGHWAYS,CONSTRUCTION OF 2-LANING WITH HARD SHOULDER ROAD OF UKHRUL - TOLOI - TADUBI SECTION OF NH-102A FROM - [N24001974,315.56,,315.56,33.31,,0,0.0
ROAD TRANSPORT AND HIGHWAYS,CONSTRUCTION OF 2 LANE WITH HARD SHOULDER FROM DESIGN CHAINAGE KM 283.000 TO KM 325.440 (5- LEGGED J - [N24001475,605.36,,605.36,172.28,,0,0.0
ROAD TRANSPORT AND HIGHWAYS,DIBRUGARH-LAHOAL-CHABUA BYPASS PACKAGE-3 - [N24001832,458.59,,458.59,110.19,,0,0.0
ROAD TRANSPORT AND HIGHWAYS,JAMMU - AKHNOOR SECTION OF NH 144A PKG-3B - [N24001833,198.28,,198.28,42.85,,0,0.0
ROAD TRANSPORT AND HIGHWAYS,2,4.0,,5.0,6.0,,0,0.25
ROAD TRANSPORT AND HIGHWAYS,CONSTRUCTION OF (I) CONNECTING ROAD FROM Z-MORH TUNNEL TO ZOJILA TUNNEL AND (II) 14.150 KM LONG BI-D - [N24001256,6808.69,,6808.69,3013.84,,0,0.0
ROAD TRANSPORT AND HIGHWAYS,2 LANING FROM MANU-SIMLUNG PKG-2 - [N24001542,456.88,,456.88,90.15,,0,0.0
ROAD TRANSPORT AND HIGHWAYS,WIDENING TO 2 LANE WITH HARD SHOULDER OF AKEGWO- AVANGKHU SECTION OF NH-202K FOR PACKAGE-I (DESIGN CH - [N24001976,430.24,,430.24,23.38,,0,0.0
ROAD TRANSPORT AND HIGHWAYS,BILASIPURA-GUWAHATI ROAD PKG-9 - [N24002022,1000.27,,1000.27,192.38,,0,0.0
ROAD TRANSPORT AND HIGHWAYS,BILASIPURA-GUWAHATI ROAD PKG-10 - [N24002023,1264.9,,1264.9,245.59,,0,0.0
ROAD TRANSPORT AND HIGHWAYS,SILCHAR VAIRENGTE SAIRANG ROAD PKG-1 - [N24002127,1256.9,,1256.9,,,0,0.0
ROAD TRANSPORT AND HIGHWAYS,WIDENING/IMPROVEMENT TO 4-LANE WITH PAVED SHOULDER FROM KM 27+701 (SIMEN CHAPORI) TO KM 55+000 (NAG - [N24001973,562.05,,562.05,117.62,,0,0.0
ROAD TRANSPORT AND HIGHWAYS,BILASIPURA-GUWAHATI ROAD PKG-8 - [N24002021,1457.59,,1457.59,209.21,,0,0.0
ROAD TRANSPORT AND HIGHWAYS,4-L DHUBRI PHULBARI BRIDGE WITH APPROACH ROAD - [N24001326,4997.04,,4997.04,1924.72,,0,0.0
ROAD TRANSPORT AND HIGHWAYS,2 LANE WITH PAVED SHOULDER FROM KM 16+900 (BOGAPANI) TO KM 27+150 (GOLAI GAON) ON EXISTING DIBRUGARH - [N24002025,356.65,,356.65,103.86,,0,0.0
ROAD TRANSPORT AND HIGHWAYS,PEREN-DIMAPUR PKG-3 - [N24001912,177.77,,199.02,7.98,,0,0.11953647972098778
ROAD TRANSPORT AND HIGHWAYS,WIDENING TO 2 LANE WITH HARD SHOULDER OF AKEGWO- AVANGKHU SECTION OF NH-202K FOR PACKAGE-II (DESIGN C - [N24001977,442.54,,442.54,7.11,,0,0.0
ROAD TRANSPORT AND HIGHWAYS,FOUR LANNING OF BADARPUR BYPASS FROM DESIGN CHAINAGE KM 27+300 AT CROSSING WITH NH-6 - [N24002129,574.26,,574.26,,,0,0.0
ROAD TRANSPORT AND HIGHWAYS,AKASH BRIDGE - JESSAMI SECTION PKG-2 - [N24001540,152.11,,152.11,35.66,,0,0.0
ROAD TRANSPORT AND HIGHWAYS,FOUR LANING OF JAMMU-AKHNOOR PKG-1 - [N24001543,245.34,,245.34,37.06,,0,0.0
ROAD TRANSPORT AND HIGHWAYS,WIDENING TO 2 LANE WITH HARD SHOULDER OF AKEGWO- AVANGKHU SECTION OF NH-202K FOR PACKAGE-III (DESIGN - [N24001978,497.18,,497.18,31.67,,0,0.0
ROAD TRANSPORT AND HIGHWAYS,SILCHAR VAIRENGTE SAIRANG ROAD PKG-2 - [N24002128,1716.21,,1716.21,,,0,0.0
ROAD TRANSPORT AND HIGHWAYS,FOUR LANING OF SRIRAMPUR-DHUBRI PKG-2 - [N24001544,909.02,,909.02,342.08,,0,0.0
ROAD TRANSPORT AND HIGHWAYS,WIDENING AND UPGRADATION TO TWO LANES WITH PAVED SHOULDERS ROAD FROM TAMENGLONG TO MAHUR (NH-137) I - [N24001969,904.04,,904.04,252.66,,0,0.0
ROAD TRANSPORT AND HIGHWAYS,WIDENING/IMPROVEMENT TO 4-LANE WITH PAVED SHOULDER FROM KM 0+800 (KANDULIJAN GAON) TO KM 27+701 (SI - [N24001972,609.16,,609.16,129.87,,0,0.0
ROAD TRANSPORT AND HIGHWAYS,2,4.0,,5.0,6.0,,0,0.25
ROAD TRANSPORT AND HIGHWAYS,WIDENING AND UPGRADATION TO TWO LANES WITH PAVED SHOULDERS ROAD FROM TAMENGLONG TO MAHUR (NH-137) IN - [N24001971,890.33,,890.33,284.37,,0,0.0
ROAD TRANSPORT AND HIGHWAYS,LMPHAL TO JIRIBAM PKG-7 - [N24002028,760.16,,760.16,51.71,,0,0.0
ROAD TRANSPORT AND HIGHWAYS,DABOKA BYPASS OF DABOKA - PAROKHAOWA PKG -1 - [N24002024,516.88,,516.88,99.57,,0,0.0
ROAD TRANSPORT AND HIGHWAYS,TAMENGLONG- MAHUR ROAD PKG-7 - [N24002130,846.82,,846.82,,,0,0.0
ROAD TRANSPORT AND HIGHWAYS,"6L FLYOVER AT BORAGAON, GORCHUK, LOKHRA AND BASISTHA JUNCTION ON GUWAHATI BYPASS SECTION FROM KM 146 - [N24001432",300.0,,300.0,294.62,,0,0.0
ROAD TRANSPORT AND HIGHWAYS,6L ACCESS CONTROLLED GREENFIELD HIGHWAY FROM NARAYANMPET (CH. 203+500) TO CHANDRASEKHARPURAM (CH. 22 - [N24002122,813.66,,813.66,11.72,,0,0.0
ROAD TRANSPORT AND HIGHWAYS,4L OF CHANDESARA TO KHEDAKHAJURIYA FROM KM. 0.000 TO (-) 750 AND KM 0.000 TO KM 41.400 OF NH-752D - [N24001759,909.84,,909.84,383.81,,0,0.0
ROAD TRANSPORT AND HIGHWAYS,4/6L ACCESS CONTROL EXPRESSWAY FROM DESIGN CHAINAGE KM 515.000 TO 528.300 (KUNJWANI TO SIDHRA SECTIO - [N24002061,2474.47,,2675.93,578.62,,0,0.08141541420991164
ROAD TRANSPORT AND HIGHWAYS,6-LANE AMRITSAR-BATHINDA GREENFIELD SECTION OF NH- 754A FROM JUNCTION WITH MOGA JALANDHAR ROAD (NH-70 - [N24002092,1801.37,,1801.37,653.74,,0,0.0
ROAD TRANSPORT AND HIGHWAYS,4L OF MADANAPALLE TO PILERU SECTION FROM KM 0.000 TO KM 55.900 OF NH-71(PACKAGE-I) - N/05060/01002/A - [N24001823,1852.12,,1787.0,471.8,,0,-0.03515970887415497
ROAD TRANSPORT AND HIGHWAYS,DEVELOPMENT OF SIX LANE BASANWAHI-MARANGPURI OF NH 130 CD FROM KM.99+500 TO 124+661 UNDER RAIPUR VIS - [N24002017,1307.16,,1307.16,65.25,,0,0.0
ROAD TRANSPORT AND HIGHWAYS,CONSTRUCTION OF SIX LANING OF NAIDUPETA JUNCTION - TURPUKANUPUR SECTION FROM KM.57+046 TO KM.91+927 - [N24001981,1398.84,,1398.84,58.68,,0,0.0
ROAD TRANSPORT AND HIGHWAYS,4L POANTA SAHEB–MEDNIPUR FROM KM. 435.65 TO KM. 458.65 OF NH-07(PKG-1) - [N24001990,524.54,,683.26,74.74,,0,0.30258893506691587
ROAD TRANSPORT AND HIGHWAYS,SIX LANING FROM THALIKULAM TO KODUNGALLUR SECTION OF NH – 66 (OLD NH-17) FROM DESIGN CH.369+015 (EX. - [N24001656,2595.0,,3994.6,2916.74,,0,0.5393448940269749
ROAD TRANSPORT AND HIGHWAYS,4L OF MO - SIHUNI FROM KM. 42.00 TO KM. 51.00 OF OLD NH- 20 (NEW NH-154) (PACKAGE-IB) - [N24001811,583.93,,653.67,126.12,,0,0.11943212371345883
ROAD TRANSPORT AND HIGHWAYS,6L OF VARADHARAJULA TO KUMARAJAPET FROM KM 0.000 TO KM 43.800 OF NH-716B (PKG-I) - [N24001820,1484.83,,1768.0,824.83,,0,0.1907087006593348
ROAD TRANSPORT AND HIGHWAYS,4L FROM MATHURA BYPASS (START) AT EXISTING KM. 154.20 OF NH-44 TO GAJU VILLAGE AT KM 32.982 OF NH-53 - [N24001851,1738.2,,1738.2,702.75,,0,0.0
ROAD TRANSPORT AND HIGHWAYS,FOUR LANING OF BHOGU TO SANKHA FROM KM 147.450 TO KM 196.870 ON NH-75 PKG SEC-III - [N24002054,1390.77,1391.0,1600.0,130.88,,0,0.1504418415697779
ROAD TRANSPORT AND HIGHWAYS,CONSTRUCTION OF 6-LANE GREENFIELD KARNAL RING ROAD STARTING FROM NH-44 NEAR VILLAGE SHAMGARH (DESIGN - [N24002038,1691.45,1998.0,1998.0,590.37,,0,0.181235035029117
ROAD TRANSPORT AND HIGHWAYS,2,4.0,,5.0,6.0,,0,0.25
ROAD TRANSPORT AND HIGHWAYS,6L ACCESS CONTROLLED GREENFIELD HIGHWAY FROM YERRAGUDIPADU 129.000 KM. TO AUDIREDDIPALLE 160.000 KM. - [N24001846,1200.42,,1200.42,57.34,,0,0.0
ROAD TRANSPORT AND HIGHWAYS,FOUR LANING OF MUGAIYUR TO MARAKKANAM SECTION OF NH-332A FROM KM 31.000 TO KM 62.000 - [N24002111,825.94,,1116.13,51.76,,0,0.3513451340291063
ROAD TRANSPORT AND HIGHWAYS,4L OF RATNAGIRI - KOLHAPUR SECTION FROM KM 112.340 TO KM 145.300 OF NH-166 (PKG–III) - [N24001835,986.0,,986.0,320.65,,0,0.0
ROAD TRANSPORT AND HIGHWAYS,4L OF HP/PUNJAB BO4L OF HP/PUNJAB BORDER - MO FROM KM. 11.00 TO KM. 42.00 OF OLD NH-20 (NEW NH-154) - [N24001812,1002.11,,1361.79,159.19,,0,0.3589226731596331
ROAD TRANSPORT AND HIGHWAYS,6L ACCESS CONTROLLED GREENFIELD HIGHWAY FROM POLAVARAM (CH. 260+000) TO MARRIPUDI (CH. 285+500) OF [ - [N24002124,747.29,,747.29,42.83,,0,0.0
ROAD TRANSPORT AND HIGHWAYS,REHABILITATION AND UP-GRADATION OF EXISTING ROAD TO 2L PS FROM END OF HAMIRPUR BYPASS (NEAR CHILBAHA - [N24002052,1146.19,,1146.19,841.69,,0,0.0
ROAD TRANSPORT AND HIGHWAYS,COMPLETION OF BALANCE WORKS PENDING IN BIT AND PIECES (INCOMPLETE STRETCH AT 7 LOCATIONS) AND LISTED - [N24002103,166.52,,166.52,43.74,,0,0.0
ROAD TRANSPORT AND HIGHWAYS,4L GREENFIELD RUDHI TO DESHGAON (PKG V OF BETUL- KHANDWA/DESHGAON) - N/04015/06003/MP - [N24001967,521.21,,521.21,52.23,,0,0.0
ROAD TRANSPORT AND HIGHWAYS,FOUR LANING OF AURANGABAD-PAITHAN SECTION OF NH- 752E ON EPC MODE IN THE STATE OF MAHARASHTRA . - [N24001795,490.4,,289.0,191.13,,0,-0.41068515497553015
ROAD TRANSPORT AND HIGHWAYS,CONSTRUCTION OF FOUR LANE HIGHWAY FROM GHAZIPUR BALLIA UP BIHAR STATE BORDER GREENFIELD SECTION OF N - [N24002089,617.87,,617.87,21.73,,0,0.0
ROAD TRANSPORT AND HIGHWAYS,"6L STANDALONE FLYOVERS AT BONGAIGAON, CHAPAGURI, PATHSALA, SIMLAGURI CHOWK AND BAIHATA BYPASS JUNCTI - [N24001548",457.72,,457.72,216.55,,0,0.0
ROAD TRANSPORT AND HIGHWAYS,CONSTRUCTION OF FOUR LANE HIGHWAY FORM GHAZIPUR BALLIA UP BIHAR STATE BORDER (GREENFIELD) SECTION OF - [N24002086,1706.47,,1706.47,571.79,,0,0.0
ROAD TRANSPORT AND HIGHWAYS,6 L OF AURANGABAD TO BIHAR-JHARKHAND BORDER (CHORDAHA) SECTION FROM KM. 180.000 TO KM. 209.827 OF N - [N24001703,786.81,787.0,787.0,,,0,0.0002414814249946678
ROAD TRANSPORT AND HIGHWAYS,2L NH-1 FROM KM 8.660 TO KM 33.775 (SUMBAL TO WAYUL) TO 4L DUAL CARRIAGEWAY NH STANDARD AS PART OF S - [N24002059,1183.6,,1183.6,71.42,,0,0.0
ROAD TRANSPORT AND HIGHWAYS,4L OF THIRUMANGALAM TO VADUGAPATTI SECTION FROM KM 0.000 TO KM 36.000 OF NH-744 - [N24002084,1076.97,,1076.97,267.12,,0,0.0
ROAD TRANSPORT AND HIGHWAYS,6L ACCESS CONTROLLED GREENFIELD HIGHWAY OF JUNCTION OF EPE (VILL.-MAVIKALAN) TO VILL.-LOHADDA FROM K - [N24001733,1602.48,,1602.48,300.41,,0,0.0
ROAD TRANSPORT AND HIGHWAYS,CONSTRUCTION OF TWIN TUBE TUNNELS ON JAMMU KASHMIR RING ROAD (NH-244A) BETWEEN DESIGN CH. 50+600 TO - [N24001926,939.86,,939.86,177.75,,0,0.0
ROAD TRANSPORT AND HIGHWAYS,6L OF IT CITY CHOWK TO KURALI CHANDIGARH ROAD - [N24001631,1525.31,,1525.31,245.0,,0,0.0
ROAD TRANSPORT AND HIGHWAYS,2,4.0,,5.0,6.0,,0,0.25
ROAD TRANSPORT AND HIGHWAYS,"4L OF KM.165.092 TO KM.171.855 (NORTH BOUND) AND FROM KM.166.895 TO KM.173.638 (SOUTH BOUND), EXCL. - [N24001621",614.48,,614.48,121.18,,0,0.0
ROAD TRANSPORT AND HIGHWAYS,2L PS SRIGANGANAGAR TO RAISINGHNAGAR (DESIGN CHAINAGE -0.500 KM TO DESIGN CHAINAGE 101.000 KM) (PACK - [N24001559,672.35,,672.35,345.31,,0,0.0
ROAD TRANSPORT AND HIGHWAYS,SIX LANE ACCESS CONTROLLED OF DELHI SAHARANPUR HIGHWAY FROM AKSHARDHAM NH 9 JUNCTION TO DELHI UP BOR - [N24001771,1479.22,,1479.22,1491.26,,0,0.0
ROAD TRANSPORT AND HIGHWAYS,CONSTRUCTION OF NEW DOUBLE TIER 4L ELEVATED CORRIDOR FROM CHENNAI PORT TO MADURAVOYAL IN CHENNAI DIS - [N24002109,1301.37,,1301.37,,,0,0.0
ROAD TRANSPORT AND HIGHWAYS,CONSTRUCTION OF NEW DOUBLE TIER 4L ELEVATED CORRIDOR FROM CHENNAI PORT TO MADURAVOYAL IN CHENNAI DIS - [N24002110,1207.4,,1207.4,,,0,0.0
ROAD TRANSPORT AND HIGHWAYS,4L OF EXISTING BEAS – BABA BAKALA - DERA BABA NANAK SECTION FROM START OF BATALA BYPASS TILL INTERSE - [N24002100,1003.38,,1003.38,199.03,,0,0.0
ROAD TRANSPORT AND HIGHWAYS,4L OF INDORA CHOWK TO PACHPAOLI AND AGRASEN CHOWK - ASHOKA CHOWK - [N24002071,998.27,,998.27,58.53,,0,0.0
ROAD TRANSPORT AND HIGHWAYS,6L ACCESS CONTROL GREENFIELD HIGHWAY OF VILL- KARAUNDA MAHAJAN TO VILL-KHYAWARI FROM KM. 56.500 TO K - [N24001736,1159.96,,1159.96,493.94,,0,0.0
ROAD TRANSPORT AND HIGHWAYS,BALANCE WORK OF 2L PS FROM KM 30.800 TO 70.800 AND 2L WITH RIGID CARRIAGEWAY FROM 70.800 TO KM 84.12 - [N24001677,226.76,,226.76,14.68,,0,0.0
ROAD TRANSPORT AND HIGHWAYS,IMPROVEMENT OF EXISTING ALIGNMENT OF PANDHARPUR TOWN PART BYPASSED SECTION FROM WAKHARI TO LORD VITT - [N24002072,150.21,,150.21,7.11,,0,0.0
ROAD TRANSPORT AND HIGHWAYS,CONSTRUCTION OF NEW 4 LANE PRAYAGRAJ SOUTHERN BYPASS (PHASE-I) FROM DESIGN KM 43+200 (AT MAHUWARI VI - [N24002105,1378.36,,739.0,11.58,,0,-0.46385559650599256
ROAD TRANSPORT AND HIGHWAYS,CONSTRUCTION OF 6 LANE ELEVATED CORRIDOR ALONG WITH DEVELOPMENT OF EXISTING 4 LANE ROAD AT GROUND LE - [N24001648,2429.52,,2429.52,406.39,,0,0.0
ROAD TRANSPORT AND HIGHWAYS,DELHI AMRITSAR KATRA EXPRESSWAY PHASE I SPUR III FROM JUNCTION WITH AMRITSAR JALANDHAR ROAD NH3 NEAR - [N24001641,1641.75,,1641.75,164.43,,0,0.0
ROAD TRANSPORT AND HIGHWAYS,STRENGTHENING OF EXISTING 4L AYODHYA BYPASS SECTION FROM DESIGN KM.121.600 TO KM. 144.020 OF NH 28 ( - [N24002097,526.45,,526.45,78.65,,0,0.0
ROAD TRANSPORT AND HIGHWAYS,6L OF AGRA BYPASS (NORTHERN) CONNECTING KM. 174.500 OF NH-2 (NEW NH-19) TO KM. 141.000 OF YAMUNA EXP - [N24001852,957.62,,957.62,571.82,,0,0.0
ROAD TRANSPORT AND HIGHWAYS,ACCESS ROAD/BRIDGE CONNECTIVITY FROM NH-09 AT KM.40 NEAR JAGBUDA BRIDGE (INDIA) TO BOUNDARY PILLAR - [N24001991,314.31,,314.31,121.75,,0,0.0
ROAD TRANSPORT AND HIGHWAYS,CONSTRUCTION OF ADDITIONAL 3 LANE WITH PAVED SHOULDER (DESIGN LENGTH 8.87 KM) AS REALIGNMENT OF BAKA - [N24002069,209.29,,209.29,86.1,,0,0.0
ROAD TRANSPORT AND HIGHWAYS,INDORE - HARDA (PKG-I) [INDORE TO RAGHAV GARH FROM KM. 0.25 TO KM. 26.903] - [N24001766,1011.29,,1011.29,121.99,,0,0.0
ROAD TRANSPORT AND HIGHWAYS,2,4.0,,5.0,6.0,,0,0.25
ROAD TRANSPORT AND HIGHWAYS,4L SUNDER NAGAR BYPASS FROM KM173.900 TO KM 179.600 OF NH-21 IN THE STATE OF HP - [N24001810,190.6,,163.0,103.48,,0,-0.14480587618048266
ROAD TRANSPORT AND HIGHWAYS,FOUR LANING OF LEFT OVER WORKS OF HOSPET BELLARY KARNATAKA/ AP BORDER FROM KM.280.080 TO KM. 375.450 - [N24001989,830.28,,830.28,348.55,,0,0.0
ROAD TRANSPORT AND HIGHWAYS,4L OF HARDA - BETUL (PKG-II) FROM KM. 30.00 TO KM.81.00 [TEMAGAON TO CHICHOLI] - [N24001761,520.28,,520.28,309.38,,0,0.0
ROAD TRANSPORT AND HIGHWAYS,CONSTRUCTION OF RING ROAD AROUND KANPUR FROM KM.000 TO KM. 23.325 (CHACHENDI SACHENDI I TO MAHARAJPU - [N24002104,1754.0,,1754.0,180.55,,0,0.0
ROAD TRANSPORT AND HIGHWAYS,IMPROVEMENT OF GEOMETRICS OF THONDUPALLY TO KOTHUR FROM KM 22.300 TO KM 34.14 OF NH-44-RCW - [N24002082,541.58,,541.58,20.82,,0,0.0
ROAD TRANSPORT AND HIGHWAYS,6L ACCESS CONTROL GREENFIELD HIGHWAY OF VILL- KHYAWARI TO VILL-LATIFPUR AT SAHARANPUR BYPASS FROM KM - [N24001735,1428.19,,1428.19,368.73,,0,0.0
ROAD TRANSPORT AND HIGHWAYS,CONSTRUCTION OF FOUR LANE HIGHWAY FROM GHAZIPUR BALLIA UP BIHAR STATE BORDER (GREENFIELD) SECTION OF - [N24002087,1493.14,,1493.14,0.76,,0,0.0
ROAD TRANSPORT AND HIGHWAYS,6L OF KAGAL-SATARA SECTION FROM KM 592.240 TO KM 658.000 OF NH-48 (PKG-I) - [N24001546,1025.2,,1025.2,619.09,,0,0.0
ROAD TRANSPORT AND HIGHWAYS,BALANCE WORKS OF FOUR LANE FROM KM 43+950 (THIRUVALLUR BYPASS) TO KM 61+470 (VEPPAMPATTU BYPASS) PAS - [N24001692,467.99,,468.0,18.83,,0,2.1367977948227323e-05
ROAD TRANSPORT AND HIGHWAYS,4L OF END OF PINJORE BYPASS - BADDI - NALAGARH SECTION (KM. 4.200 TO KM. 35.370) OF NH21A - [N24001813,1692.05,,1692.05,942.14,,0,0.0
ROAD TRANSPORT AND HIGHWAYS,SPUR OF MEERUT-GARH-MUKTESHWAR SECTION(NH-709A) CONNECTING NH-119 AND NH-58 BYPASSING MEERUT TOWN - [N24001754,953.79,,953.79,384.66,,0,0.0
ROAD TRANSPORT AND HIGHWAYS,CONSTRUCTION OF LEFT OUT PORTION OF AGRA INNER RING ROAD CONNECTING VILLAGE DEORI TO NH-44 VILLAGE B - [N24001853,772.05,,772.05,530.57,,0,0.0
ROAD TRANSPORT AND HIGHWAYS,WIDENING OF RAEBARELI TO PRAYAGRAJ SECTION FROM KM. 82.650 TO KM. 161.450 OF NH-30 AND LINK ROAD FRO - [N24002085,1470.93,,1470.93,69.56,,0,0.0
ROAD TRANSPORT AND HIGHWAYS,4L OF LEFT-OVER WORKS INCLUDING ADDITIONAL STRUCTURES FROM KERALA/TAMIL NADU BORDER TO KANYAKUMARI S - [N24002113,1141.78,,1141.78,60.29,,0,0.0
ROAD TRANSPORT AND HIGHWAYS,PERMANENT RECTIFICATION OF 3 NOS. OF BLACK SPOTS IN PROJECT HIGHWAY NH-27 OF U.P BORDER - DEWAPUR - - [N24002064,381.8,,381.8,,,0,0.0
ROAD TRANSPORT AND HIGHWAYS,WIDENING/DEVELOPMENT OF EXISTING NH-85 FROM KM 0.000 TO KM 124.636 SECTION TO 2L/@L+PS SECTION IN TH - [N24002074,1231.74,,1231.74,65.04,,0,0.0
ROAD TRANSPORT AND HIGHWAYS,2- LANE WITH PAVED SHOULDERS OF HINOTIYA TO MEHULWA FROM DESIGN KM 27+000 9OF EXISTING SH-19 KM 26+5 - [N24001921,581.65,,581.65,96.3,,0,0.0
ROAD TRANSPORT AND HIGHWAYS,6L ACCESS CONTROL GREENFIELD HIGHWAY OF VILL- LOHADDA TO VILL-KARAUNDA MAHAJAN FROM KM. 27.000 TO KM. - [N24001734,1335.45,,1335.45,306.0,,0,0.0
ROAD TRANSPORT AND HIGHWAYS,2,4.0,,5.0,6.0,,0,0.25
ROAD TRANSPORT AND HIGHWAYS,DELHI-AMRITSAR-KATRA EXPRESSWAY (PHASE-I SPUR-I) FROM JN. WITH KAPURTHALA - SULTANPUR LODHI ROAD (NH - [N24002102,2165.23,,2165.23,94.12,,0,0.0
ROAD TRANSPORT AND HIGHWAYS,BALANCE WORK OF 4L OF NARIMBANGLO–JATINGA JUNCTION- HARANGAJO ROAD SECTION FROM KM 0.000 TO KM 49.23 - [N24001547,1909.98,,1909.98,380.63,,0,0.0
ROAD TRANSPORT AND HIGHWAYS,4/6L GREENFIELD LUDHIANA RUPNAGAR HIGHWAY FROM JUNCTION WITH NE 05 VILLAGR NEAR TO MANEWAL (LUDHIANA - [N24001630,1501.02,,1501.02,247.0,,0,0.0
ROAD TRANSPORT AND HIGHWAYS,6L AMRITSAR BATHINDA GREENFIELD SECTION FROM VILLAGE TIBA ON NE 5A TO JN. WITH MOGA JALANDHAR ROAD N - [N24001640,1229.38,,1229.38,632.9,,0,0.0
ROAD TRANSPORT AND HIGHWAYS,4L OF RATNAGIRI - KOLHAPUR SECTION OF NH-166 FROM KM 0.000 TO KM 19.769 AND KM 31.000 TO KM 67.140 ( - [N24001495,930.0,,930.0,507.13,,0,0.0
ROAD TRANSPORT AND HIGHWAYS,KHAMMAM-DEVARAPALLE PKG I [4L ACCESS CONTROLLED (GREENFIELD) FROM THALLAMPADU VILLAGE TO SOMAVARAM - [N24001482,772.11,,772.11,424.49,,0,0.0
ROAD TRANSPORT AND HIGHWAYS,6L OF MH/KN BORDER (NIMBAL VILLAGE) TO KN/TS BORDER (SINGNODI VILLAGE) FROM KM. 162.5 TO KM. 203.100 - [N24001675,1732.73,,1732.73,540.34,,0,0.0
ROAD TRANSPORT AND HIGHWAYS,REHABILITATION AND UPGRADING FROM 2 L TO 4 L FROM BHANGBAR(NEAR RANITAL) TO KANGRA BYPASS SECTION OF - [N24001808,1322.95,,1442.47,656.54,,0,0.0903435503987301
ROAD TRANSPORT AND HIGHWAYS,DELHI-AMRITSAR-KATRA EXPRESSWAY (PHASE-II PKG-XIV) FROM JUNCTION WITH PATHANKOT-GURDASPUR ROAD (NH-5 - [N24001551,3044.02,,3299.14,2360.26,,0,0.08381022463715741
ROAD TRANSPORT AND HIGHWAYS,UPGRADATION AND 4L OF HARIDWAR BYPASS FROM KM 0.000 (KM 188.100 OF NH-58) TO KM. 15.100 (KM 5.100 OF - [N24001526,1377.79,,1377.79,679.1,,0,0.0
ROAD TRANSPORT AND HIGHWAYS,FOUR LANING OF SONAULI GORAKHPUR SECTION OF NH 29E (NEW NH 24) FROM DESIGN CH. 0.000 TO DESIGN CH. 7 - [N24002095,2555.5,,2555.5,653.92,,0,0.0
ROAD TRANSPORT AND HIGHWAYS,6L OF PONDAVAKKAM TO KANNIGAIPAIR FROM KM 96.040 TO KM 116.100 OF NH 716B (PKG-IV) - [N24001818,818.73,,1105.0,240.02,,0,0.349651289191797
ROAD TRANSPORT AND HIGHWAYS,6L ACCESS CONTROLLED GREENFIELD HIGHWAY FROM MALLAPALLE 176.000 KM. TO KAVULAKUNTLA 196.000 KM. PACK - [N24001848,909.02,,909.02,59.96,,0,0.0
ROAD TRANSPORT AND HIGHWAYS,CONSTRUCTION OF GREENFIELD CONNECTIVITY TO JEWAR INTERNATIONAL AIRPORT FROM DND FARIDABAD BALLABHGAR - [N24002048,2414.67,2898.0,2898.0,933.49,,0,0.2001639975648846
ROAD TRANSPORT AND HIGHWAYS,4L AMBALA - KALAAMB FROM KM. -0.800 TO KM. 33.015 OF OLD NH-72 - [N24002044,629.16,,629.16,76.0,,0,0.0
ROAD TRANSPORT AND HIGHWAYS,6L ACCESS CONTROLLED GREENFIELD HIGHWAY OF NANDINNE VILLAGE TO JULEKAL VILLAGE FROM KM 202.900 TO KM - [N24001626,972.06,,972.06,8.38,,0,0.0
ROAD TRANSPORT AND HIGHWAYS,6L ACCESS CONTROLLED GREENFIELD HIGHWAY OF JULEKAL VILLAGE TO DINNEDEVARAPADU VILLAGE FROM KM 242.20 - [N24001625,1227.57,,1227.57,4.98,,0,0.0
ROAD TRANSPORT AND HIGHWAYS,4L GREENFIELD ALIGNMENT OF SHIVRAMPUR TO RAMNAGAR FROM KM. 55.002 TO KM. 109.300 OF NH 119 D (PKG-I - [N24002066,1494.31,,1494.31,38.28,,0,0.0
ROAD TRANSPORT AND HIGHWAYS,2,4.0,,5.0,6.0,,0,0.25
ROAD TRANSPORT AND HIGHWAYS,SIX LANING OF RAMANATTUKARA JUNCTION TO START OF VALANCHERY BYPASS SECTION OF NH-66 (OLD NH-17) FROM - [N24001658,4265.42,,4708.42,3171.31,,0,0.10385847114703828
ROAD TRANSPORT AND HIGHWAYS,REHABILITATION AND UP GRADATION FROM 4 TO 8 LANING OF CHANDIKHOLE PARADIP SECTION OF NH 53 FROM KM. - [N24002078,711.0,,711.0,35.6,,0,0.0
ROAD TRANSPORT AND HIGHWAYS,CONSTRUCTION OF 6-LANE GREENFIELD AMBALA RING ROAD STARTING FROM JUNCTION WITH SHAMLI-AMBALA SECTION - [N24002039,1088.64,1178.0,1178.0,257.03,,0,0.0820840681951792
ROAD TRANSPORT AND HIGHWAYS,6L ACCESS CONTROLLED GREENFIELD HIGHWAY FROM MARRIPUDI (CH. 285+500) TO SOMAVARAPPADU (CH. 314+600) - [N24002125,976.4,,976.4,55.64,,0,0.0
ROAD TRANSPORT AND HIGHWAYS,6L ACCESS CONTROLLED GREENFIELD HIGHWAY FROM VANKARAKUNTA 45.700 KM. TO ODULAPALLE 72.000 KM. OF NH - [N24001843,992.89,,992.89,28.78,,0,0.0
ROAD TRANSPORT AND HIGHWAYS,KANPUR LUCKNOW EXPRESSWAY PKG-1 CONSTRUCTION OF 6-LANE TO EIGHT LANE OF KANPUR LUCKNOW EXPRESSWAY (N - [N24001745,1972.1,,1936.0,415.21,,0,-0.018305359768774357
ROAD TRANSPORT AND HIGHWAYS,4L PS FROM KURNOOL (EXISTING KM. 5.400 OF NH-40/DESIGN KM.0.000) TO MANDLEM (EXISTING KM.38.000/DESI - [N24001982,827.39,,827.39,185.65,,0,0.0
ROAD TRANSPORT AND HIGHWAYS,4 LANING OF NH 544D FROM EXISTING KM 346.300 OF NH 44 (DESIGN CHAINAGE KM 0.000) TO KM 39.380 (DESIG - [N24001980,907.76,,907.76,214.67,,0,0.0
ROAD TRANSPORT AND HIGHWAYS,6L ACCESS CONTROLLED GREENFIELD HIGHWAY FROM CHANDRASEKHARAPURAM (CH. 228+000) TO POLAVARAM (CH. 260 - [N24002123,1292.65,,1292.65,27.33,,0,0.0
ROAD TRANSPORT AND HIGHWAYS,SIX LANING FROM KODUNGALLUR TO EDAPALLY SECTION OF NH –66 (OLD NH-17) FROM DESIGN CHAINAGE 397+750 ( - [N24001653,3565.82,,3064.11,1817.56,,0,-0.14069975489508724
ROAD TRANSPORT AND HIGHWAYS,BAKHTIYARPUR RAJAULI PKG-III FROM KM 101.630 TO KM 152.520 NH20 - [N24001708,2156.22,,2156.22,2134.67,,0,0.0
ROAD TRANSPORT AND HIGHWAYS,6L OF VEERA KAVERI RAJA PURAM TO PONDAVAKKAM FROM KM 61.380 TO KM 96.040 OF NH 716B (PKG-III) - [N24001819,1102.63,,1303.0,626.36,,0,0.18172006928888193
ROAD TRANSPORT AND HIGHWAYS,6L OF CHITTOOR TO THATCHUR FROM KUMARAJAPET TO VEERA KAVERI RAJA PURAM FROM KM 43.800 TO KM 61.380 O - [N24001988,591.99,703.0,703.0,128.44,,0,0.18752005946046385
ROAD TRANSPORT AND HIGHWAYS,6L ACCESS CONTROLLED GREENFIELD HIGHWAY FROM ODULAPALLE 72.000 KM. TO NALLACHERUVUPALLI 96.300 KM. - [N24001844,1058.9,,1058.9,55.89,,0,0.0
ROAD TRANSPORT AND HIGHWAYS,BANGALORE CHENNAI EXPRESSWAY (PHASE-II PKG-III) FROM KM.127.000 TO KM 156.000 (BANGARUPALEM TO GUDIP - [N24001821,1137.74,,1289.0,760.64,,0,0.13294777365654717
ROAD TRANSPORT AND HIGHWAYS,REHABILITATION AND UPGRADATION TO 4L CONFIGURATION and STRENGTHENING OF SIHUNI TO RAJOL FROM KM 51.0 - [N24002050,696.65,698.0,698.46,269.44,,0,0.0025981482810594403
ROAD TRANSPORT AND HIGHWAYS,BHARATMALA PARIYOJANA OF BOKARO JAINA MORE - GOLA SECTION OF NH-320 FROM KM. 21.110 TO KM. 53.600 IN - [N24002056,964.64,,964.64,362.33,,0,0.0
ROAD TRANSPORT AND HIGHWAYS,6L GREENFIELD KANPUR - LUCKNOW (EXPRESSWAY) PKG II FROM KM. 28.500 TO KM. 73.744 - [N24001731,2470.64,,2335.0,407.81,,0,-0.054900754460382686
ROAD TRANSPORT AND HIGHWAYS,2,4.0,,5.0,6.0,,0,0.25
ROAD TRANSPORT AND HIGHWAYS,BANGALORE CHENNAI EXPRESSWAY (PHASE-II PKG-I) FROM KM.71.000 TO KM 96.000 (BETHAMANGALA IN THE STATE - [N24001822,1075.27,,1307.0,657.86,,0,0.21550866294047077
ROAD TRANSPORT AND HIGHWAYS,"IMPROVEMENT AND UP-GRADATION OF EXISTING ROAD TO 4L PS FROM KM 175.080 TO 229.070, FROM END OF HARDO - [N24001728",1138.81,,1138.81,194.8,,0,0.0
ROAD TRANSPORT AND HIGHWAYS,SIX LANING FROM START OF VALANCHERY BYPASS TO KAPPIRIKKAD-SECTION OF NH-66(OLD NH-17) FROM DESIGN CH - [N24001659,3375.31,,3790.17,2082.51,,0,0.1229101919527392
ROAD TRANSPORT AND HIGHWAYS,"IMPROVEMENT AND UP-GRADATION OF EXISTING ROAD TO 4L PS FROM KM 123.650 TO 175.080, FROM START OF SHA - [N24002094",1212.26,,1212.26,182.1,,0,0.0
ROAD TRANSPORT AND HIGHWAYS,4L GREENFIELD ALIGNMENT OF AMAS TO SHIVRAMPUR FROM 0.000 KM. TO 55.002 KM. OF NH 119 D (PKG-I) - [N24002065,1390.92,,1390.92,35.12,,0,0.0
ROAD TRANSPORT AND HIGHWAYS,4L PS FROM MANDLEM (EXISTING KM. 38.000/DESIGN KM.30.600) TO ATMAKUR (EXISTING KM.73.000/DESIGN KM 6 - [N24001984,887.28,,887.28,49.18,,0,0.0
ROAD TRANSPORT AND HIGHWAYS,BANGALORE CHENNAI EXPRESSWAY (PHASE-II PKG-II) FROM KM.96.000 TO KM 127.000 (BAIREDDYPALLE TO BANGAR - [N24001985,1942.94,2171.0,2171.0,744.6,,0,0.11737881766807001
ROAD TRANSPORT AND HIGHWAYS,6L AMRITSAR-BATHINDA GREENFIELD SECTION FROM JN. WITH BHAGTA BHAI KA-BHADAUR ROAD NEAR DYALPURA BHAI - [N24002076,2029.17,2029.0,2029.0,84.23,,0,-8.377809646312175e-05
ROAD TRANSPORT AND HIGHWAYS,INDORE - EDLABAD (PKG-II) [TEJAJINAGAR TO BALWARA] - [N24002070,1162.8,,1162.8,420.31,,0,0.0
ROAD TRANSPORT AND HIGHWAYS,6L ACCESS CONTROLLED LUDHIANA-BATHINDA GREENFIELD HIGHWAY FROM JN. WITH AMRITSAR-BATHANDA GREENFIELD - [N24002091,906.51,,906.51,134.05,,0,0.0
ROAD TRANSPORT AND HIGHWAYS,SIX LANING FROM KAPPIRIKKAD TO THALIKULAM SECTION OF NH – 66 (OLD NH-17) FROM DESIGN CH. 335+850 (EX - [N24001655,3606.0,,3923.82,2951.34,,0,0.0881364392678869
ROAD TRANSPORT AND HIGHWAYS,6L ACCESS CONTROLLED GREENFIELD HIGHWAY FROM AUDIREDDIPALLE 160.000 KM. TO MALLAPALLE 176.000 KM. PA - [N24001847,956.14,,956.14,19.12,,0,0.0
ROAD TRANSPORT AND HIGHWAYS,DEVELOPMENT OF 6 LANE ACCESS CONTROLLED GREENFIELD HIGHWAY FROM KM. 97.000 TO KM. 162.500 MARADGI S - [N24001993,1589.0,,1589.0,319.5,,0,0.0
ROAD TRANSPORT AND HIGHWAYS,4L FROM GAJU VILLAGE AT KM 32.982 TO DEVINAGAR BYPASS (END) AT KM 208.000 OF NH 530B (PKG 1C) - [N24001730,1384.79,,1384.79,604.81,,0,0.0
ROAD TRANSPORT AND HIGHWAYS,CONSTRUCTION OF (I) 4-LANE HIGHWAY FROM VIDISHA TO HINOTIYA FROM KM. 0.000 TO KM. 27.000 (LENGTH=27 - [N24002077,1000.63,,1000.63,94.24,,0,0.0
ROAD TRANSPORT AND HIGHWAYS,CONSTRUCTION OF 4-LANE GREENFIELD JALBEHRA - SHAHBAD SECTION OF NH – 152G FROM KM 0+000 TO KM 22+850 - [N24002043,927.22,,927.22,341.13,,0,0.0
ROAD TRANSPORT AND HIGHWAYS,6L OF AMBALA-CHANDIGARH GREENFIELD SECTION FROM KM. 0.000 TO KM. 25.000 WITH 4L SPUR TO LALRU FROM K - [N24002098,1641.66,,1641.66,35.0,,0,0.0
ROAD TRANSPORT AND HIGHWAYS,2,4.0,,5.0,6.0,,0,0.25
ROAD TRANSPORT AND HIGHWAYS,REHABILITATION AND UP GRADATION FROM 4 TO 8 LANING OF CHANDIKHOLE PARADIP SECTION OF NH 53 FROM KM - [N24002080,762.75,,762.75,38.1,,0,0.0
ROAD TRANSPORT AND HIGHWAYS,FOUR LANING OF MUNGER TO MIRZACHAUKI (NH-80) SECTION FROM NEAR RASULPUR TO MIRZACHAUKI (DESIGN CH - [N24001698,1198.02,,1198.02,,,0,0.0
ROAD TRANSPORT AND HIGHWAYS,FOUR LANING WITH PAVED SHOULDER OF SECTION FROM KM 53.600 (GOLA ON NH-320) TO KM 81.446 (ORMANJHI ON - [N24001854,1214.93,,1324.95,565.44,,0,0.09055665758521066
ROAD TRANSPORT AND HIGHWAYS,6L ACCESS CONTROLLED GREENFIELD HIGHWAY FROM NALLACHERUVU PALLI 96.300 KM. TO YERRAGUDIPADU 129.000 - [N24001845,1253.24,,1253.24,70.44,,0,0.0
ROAD TRANSPORT AND HIGHWAYS,4L OF RAJURA-KORPANA-ADILABAD ROAD UPTO M.S. BORDER FROM KM 32.910 TO KM 89.090 OF NH-353B - [N24001796,1013.33,,1111.33,326.8,,0,0.09671084444356713
ROAD TRANSPORT AND HIGHWAYS,4L GREENFIELD ALIGNMENT FROM KALYANAPUR TO TAL DASHRAHA OF NH-119D (PKG-III) - [N24001697,1358.0,,1358.0,43.27,,0,0.0
ROAD TRANSPORT AND HIGHWAYS,CONSTRUCTION OF 4-LANING OF BHIWANI HANSI ROAD SECTION OF NH 148B (DESIGN LENGTH 42.934 KM) UNDER BH - [N24002042,1322.13,,1322.13,38.5,,0,0.0
ROAD TRANSPORT AND HIGHWAYS,CONSTRUCTION OF STRR (WEST SIDE)-NH948A- BALAGONDAPALLI (TAMIL NADU) TO KARNATAKA/TAMIL NADU BORDER F - [N24001968,1260.74,,1260.74,318.47,,0,0.0
ROAD TRANSPORT AND HIGHWAYS,CONSTRUCTION OF NEW 2 LANE WITH PAVED SHOULDER OF HAMIRPUR BYPASS (PACKAGE IVA) OF NH-88 (NEW NH-103 - [N24002051,739.39,,739.39,230.82,,0,0.0
ROAD TRANSPORT AND HIGHWAYS,FOUR LANING OF BASUKINATH-DEOGHAR SECTION OF NH- 114A FROM KM 85.081 TO KM 130.240 UNDER NHDP PHASE-I - [N24002055,1444.94,,1444.94,,,0,0.0
ROAD TRANSPORT AND HIGHWAYS,FOUR LANING OF KHAJURI TO WYNDHAMGANJ FROM KM 219.600 TO KM 260.483 ON NH-75 PKG SEC-V ON HAM - [N24002053,1232.0,1343.0,1400.0,257.87,,0,0.13636363636363635
ROAD TRANSPORT AND HIGHWAYS,4L OF PILERU TO KALUR SECTION FROM KM 55.900 TO KM 92.800 AND KM 94.500 TO KM 95.717 - [N24001986,1047.32,,1047.32,188.88,,0,0.0
ROAD TRANSPORT AND HIGHWAYS,UP-GRADATION TO 4-LANE WITH PAVED SHOULDER OF BHIMASAR JUNCTION OF NH-41 TO ANJAR BHUJ UPTO AIRPORT - [N24001785,1373.06,,1373.06,379.94,,0,0.0
ROAD TRANSPORT AND HIGHWAYS,FOUR LANING OF MEHGAMA HANSDIHA SECTION OF NH-33 FROM EXISTING KM 41.900 TO 93.000 IN THE STATE OF J - [N24002057,1443.77,,1443.77,,,0,0.0
ROAD TRANSPORT AND HIGHWAYS,4 LANING FROM EXISTING KM 39.380 (DESIGN CH. 37.000) TO KM 74.450 (DESIGN CH. 69.000) OF MUCHUKOTA – - [N24001983,972.63,,1055.23,179.9,,0,0.08492438028849617
ROAD TRANSPORT AND HIGHWAYS,6L ACCESS CONTROLLED GREENFIELD HIGHWAY FROM SOMAVARAPPADU (CH.314.600) TO MUPPAVARAM (CH.343+240) O - [N24002126,1103.89,,1103.89,54.54,,0,0.0
ROAD TRANSPORT AND HIGHWAYS,4L OF RATNAGIRI - KOLHAPUR SECTION FROM KM 67.140 TO KM 112.340 OF NH-166 (PKG – II) - [N24001834,839.0,,839.0,305.41,,0,0.0
ROAD TRANSPORT AND HIGHWAYS,2,4.0,,5.0,6.0,,0,0.25
ROAD TRANSPORT AND HIGHWAYS,FOUR LANING OF KARIMNAGAR-WARANGAL SECTION OF NH- 563 FROM DESIGN CH.48.860 KM NEAR SH-1 CH.170.400 K - [N24002083,2146.86,2413.0,2413.0,651.97,,0,0.12396709613109372
ROAD TRANSPORT AND HIGHWAYS,6L ACCESS CONTROLLED GREENFIELD HIGHWAY FROM VANAVOLU 24.300 KM. TO VANKARAKUNTA 45.700 KM. OF NH 5 - [N24001842,750.81,,750.81,31.56,,0,0.0
ROAD TRANSPORT AND HIGHWAYS,REHABILITATION AND UP GRADATION FROM 4 TO 8 LANING OF CHANDIKHOLE PARADIP SECTION OF NH 53 FROM KM - [N24002079,742.25,,742.25,37.1,,0,0.0
ROAD TRANSPORT AND HIGHWAYS,CONSTRUCTION OF 4 LANE ACCESS CONTROLLED HIGHWAY FROM CHILLAKURU CROSS ROAD TO TURPUKANUPUR KM 0+000 - [N24002033,909.47,,909.47,97.03,,0,0.0
ROAD TRANSPORT AND HIGHWAYS,6L OF JODHPUR ROMANA (BATHINDA) - MANDI DABWALI (PUNJAB HARYANA BORDER) SECTION OF NH-54 FROM KM. 0. - [N24002075,757.13,757.0,757.0,246.51,,0,-0.00017170102888539016
ROAD TRANSPORT AND HIGHWAYS,UPGRADATION TO 4L PS DIVIDED CARRIAGEWAY FROM PATAN (NEAR RAJPUR) TO GOJARIYA FROM KM 52.000 TO KM 1 - [N24002034,1181.34,1181.0,1181.34,275.67,,0,0.0
ROAD TRANSPORT AND HIGHWAYS,DELHI AMRITSAR KATRA EXPRESSWAY (PHASE-II PKG XVIII) DEVELOPMENT AND UPGRADATION OF FOUR LANE ACCESS - [N24002060,1107.0,,1107.0,32.24,,0,0.0
ROAD TRANSPORT AND HIGHWAYS,CONSTRUCTION OF NEW DOUBLE TIER 4L ELEVATED CORRIDOR FROM CHENNAI PORT TO MADURAVOYAL IN CHENNAI DIS - [N24002108,1618.96,,1618.96,,,0,0.0
ROAD TRANSPORT AND HIGHWAYS,4LBERKHEDI TO GODPEHRA NH-44 - [N24001614,524.84,,524.84,2123.91,,0,0.0
ROAD TRANSPORT AND HIGHWAYS,4 LANING OF NAJIBABAD BYPASS OF NH-119 FROM KM. 105.423 TO KM. 118.373 (EXCLUDING 2.45 KM. OF NH-74 - [N24001753,570.98,,578.02,278.19,,0,0.012329678797856253
ROAD TRANSPORT AND HIGHWAYS,SIX LANING OF THURAVOOR (DESIGN KM. 378+612) TO PARAVOOR (DESIGN KM.417+000) SECTION OF NEW NH-66 (O - [N24001651,2878.97,,2878.97,46.57,,0,0.0
ROAD TRANSPORT AND HIGHWAYS,CONSTRUCTION OF FOUR/SIX LANE GREENFIELD LUDHIANA – RUPNAGAR NATIONAL HIGHWAY NO. NH-205K UNDER BHAR - [N24001636,1368.91,,1368.91,163.58,,0,0.0
ROAD TRANSPORT AND HIGHWAYS,KHAMMAM DEVARAPALLE PKG II 4L ACCESS CONTROLLED (GREENFIELD) FROM SOMAVARAM VILLAGE TO CHINTAGUDEM V - [N24001483,637.11,,637.11,309.27,,0,0.0
ROAD TRANSPORT AND HIGHWAYS,4L GREENFIELD SPUR FROM DELHI-VADODARA GREENFIELD EXPRESSWAY NEAR BANDIKUI TO JAIPUR - [N24001557,1636.15,,1636.15,562.13,,0,0.0
ROAD TRANSPORT AND HIGHWAYS,DEVELOPMENT OF SIX LANE JHANKI SARGI OF NH 130 CD FROM KM.0+000 TO 42+800 UNDER RAIPUR VISAKHAPATTNA - [N24001593,1368.19,,1368.19,734.62,,0,0.0
ROAD TRANSPORT AND HIGHWAYS,4/6L OF SPUR TO HARIDWAR (GREENFIELD) FROM KM. 0.000 TO KM. 49.000 - [N24001628,2155.95,,2155.95,1026.0,,0,0.0
ROAD TRANSPORT AND HIGHWAYS,6L OF MH/KN BORDER (NIMBAL VILLAGE) TO KN/TS BORDER (SINGNODI VILLAGE) FROM KM. 26.000 TO KM. 97.000 - [N24001676,2718.46,,2718.46,159.7,,0,0.0
ROAD TRANSPORT AND HIGHWAYS,DEVELOPMENT OF 6 LANE JALANDHAR BYPASS FROM KAHLWAN NATIONAL HIGHWAY 03 DESIGN KM 0.00 ENDING AT K - [N24001637,1754.84,,1754.84,923.06,,0,0.0
ROAD TRANSPORT AND HIGHWAYS,2,4.0,,5.0,6.0,,0,0.25
ROAD TRANSPORT AND HIGHWAYS,4L OF AMRITSAR GHOMAN TANDA UNA SECTION FROM KM 8.270 TO KM 54.000 OF NH 503A PACKAGE I - [N24001643,857.91,,857.91,105.75,,0,0.0
ROAD TRANSPORT AND HIGHWAYS,DELHI-AMRITSAR-KATRA EXPRESSWAY (PHASE-II PKG-XV) [JUNCTION WITH HIRANAGAR ROAD NEAR VILLAGE GURHA B - [N24001552,2714.95,,3198.57,2484.16,,0,0.17813219396305655
ROAD TRANSPORT AND HIGHWAYS,6L OF EXISTING 4L FROM GUNDLAPOCHAMPALLY TO BOWENPALLY FROM KM 471.300 TO KM 481.331 OF NH-44 - [N24001556,521.53,,521.53,193.05,,0,0.0
ROAD TRANSPORT AND HIGHWAYS,"4L BYPASSES FOR JAGATPUR, B4ABUGANJ, UNCHAHAR, ALAPUR BYPASS, AND SAI RIVER BRIDGE OF RAEBARELI- PRA - [N24001815",1699.0,,1699.0,64.39,,0,0.0
ROAD TRANSPORT AND HIGHWAYS,"6 LANING OF EXISTING 4-LANE STRETCH FROM KALKALLU AT KM.454+000 TO GUNDLA POCHAMPALLY AT KM.471+000, - [N24001555",955.49,,955.49,138.71,,0,0.0
ROAD TRANSPORT AND HIGHWAYS,"IMPROVEMENT AND UP-GRADATION OF EXISTING ROAD TO 2/4L PS FROM KM 40.000 TO 88.750, START OF KHUTAR B - [N24001727",762.62,,762.62,275.02,,0,0.0
ROAD TRANSPORT AND HIGHWAYS,CONSTRUCTION OF 6- LANE BRIDGE AND ITS APPROACHES ACROSS RIVER GANGA AS PART OF PATNA RING ROAD (NH- - [N24002062,3012.27,,3012.27,,,0,0.0
ROAD TRANSPORT AND HIGHWAYS,CONSTRUCTION OF FOUR LANE HIGHWAY FROM GHAZIPUR BALLIA UP BIHAR STATE BORDER (GREENFIELD) SECTION OF - [N24002088,1493.5,,1493.5,408.73,,0,0.0
ROAD TRANSPORT AND HIGHWAYS,WIDENING TO 6L OF EXISTING 4L JETPUR - GONDAL - RAJKOT SECTION FROM KM. 117.600 TO KM. 185.00 ON NH- - [N24002035,2070.44,,2070.44,74.79,,0,0.0
ROAD TRANSPORT AND HIGHWAYS,CONSTRUCTION OF NEW DOUBLE TIER 4 LANE ELEVATED CORRIDOR FROM CHENNAI PORT TO MADURAVOYAL IN CHENNAI - [N24002107,1382.0,,1382.0,,,0,0.0
ROAD TRANSPORT AND HIGHWAYS,CORRIDOR EFFICIENCY IMPROVEMENT INCLUDING REMOVAL OF BLACK SPOTS IN LAKHANPUR - SAMBA SECTION OF NH- - [N24001619,200.05,200.0,208.92,67.57,,0,0.04433891527118208
ROAD TRANSPORT AND HIGHWAYS,6L WITH ACCESS CONTROL PROVISION SAHARANPUR BYPASS TO GANESHPUR SECTION FROM 13.89 KM TO 41.820 KM O - [N24001629,796.65,,796.65,189.18,,0,0.0
ROAD TRANSPORT AND HIGHWAYS,4L OF VADUGAPATTI TO THERKUVENGANALLUR (RAJAPALYAM) SECTION FROM KM 36.000 TO KM 71.600 OF NH744 UND - [N24002114,1097.59,,1097.59,314.95,,0,0.0
ROAD TRANSPORT AND HIGHWAYS,"ADDITIONAL WORKS (2VUPS, MR-10 JUNCTION FLYOVER AND UNDERPASS) IN SIX LANE INDORE-DEWAS SECTION OF N - [N24001765",207.77,,207.77,36.27,,0,0.0
ROAD TRANSPORT AND HIGHWAYS,CONSTRUCTION OF 6 LANE DURG RAIPUR ARANG BYPASS PKG 1 SECTION OF NH 53 FROM CH 0.000 TO CH 44.50 - [N24002045,1828.0,,1828.0,318.96,,0,0.0
ROAD TRANSPORT AND HIGHWAYS,6L FROM SANKESHWAR BYPASS TO MH KNT BORDER FROM KM. 555.017 TO KM. 592.853 OF NH-48 (PKG II) - [N24001598,1388.7,,1388.7,37.42,,0,0.0
ROAD TRANSPORT AND HIGHWAYS,ELEVATED CORRIDOR IN RANCHI CITY FROM KM 0.00 TO KM 3.260 OF NH-75 INCLUDING DOWN RAMP ON NH-23 FROM - [N24001594,534.73,,534.73,,,0,0.0
ROAD TRANSPORT AND HIGHWAYS,2,4.0,,5.0,6.0,,0,0.25
ROAD TRANSPORT AND HIGHWAYS,VADODARA MUMBAI EXPRESSWAY (PHASE II - PKG XVII) [KM. 69.800 TO KM. 79.783 OF SPUR] (BHOJ - MORBE) - [N24001608,2208.68,,2208.68,352.87,,0,0.0
ROAD TRANSPORT AND HIGHWAYS,DEVELOPMENT OF SIX-LANE ACCESS CONTROLLED HIGHWAY FROM ADHOYA MUSALMANA (AMBALA DISTRICT) TO SADOPUR - [N24002041,1491.71,,1491.71,527.84,,0,0.0
ROAD TRANSPORT AND HIGHWAYS,BANGALORE/TN BORDER TO HOSKOTE - [N24001674,1240.6,,1240.6,511.97,,0,0.0
ROAD TRANSPORT AND HIGHWAYS,DEVELOPMENT OF SIX-LANE ACCESS CONTROLLED HIGHWAY FROM GOGWAN JALALPUR (SHAMLI DISTRICT) TO RANIPUR - [N24002036,1843.59,,1843.59,716.12,,0,0.0
ROAD TRANSPORT AND HIGHWAYS,4L SPUR OF SHAMLI-MUZZAFARNAGAR CONNECTING NH- 709AD (PANIPAT-SHAMLI-MUZAFFARNAGAR) AND NH-58 (MEERUT - [N24001726,391.26,,391.26,14.12,,0,0.0
ROAD TRANSPORT AND HIGHWAYS,4L OF BEAS-MEHTA-BATALA-DERA BABA NANAK FROM INTERSECTION WITH JALANDHAR-AMRITSAR HIGHWAY (NH-3) NEA - [N24002101,809.51,,809.51,114.83,,0,0.0
ROAD TRANSPORT AND HIGHWAYS,CONSTRUCTION OF 4-LANE HIGHWAY FROM SAMARLAKOTA TO ACHAMPETA JUNCTION (FROM KM. 0.000 TO KM. 12.250 - [N24001856,648.75,,648.75,75.0,,0,0.0
ROAD TRANSPORT AND HIGHWAYS,CONSTRUCTION OF 4-LANE FROM BARELA TO MANEGAON SECTION OF NH-30 FROM DESIGN CH. 2.900 TO DESIGN CH. - [N24002068,652.33,,652.33,183.64,,0,0.0
ROAD TRANSPORT AND HIGHWAYS,FOUR LANING OF AMRITSAR BYPASS FROM NEW TARN TARAN ROAD TO AJNALA ROAD FROM DESIGN KM. 0.750 TO DESI - [N24001642,1474.77,,1474.77,384.91,,0,0.0
ROAD TRANSPORT AND HIGHWAYS,"CONSTRUCTION OF 1 NOS ROB, 2 NOS VUPS, SERVICE ROADS, PROVISION OF LIGHTING AND CONSTRUCTION OF OTHE - [N24001987",152.05,,152.05,58.09,,0,0.0
ROAD TRANSPORT AND HIGHWAYS,CONSTRUCTION OF 4 LANE GREEN FIELD NORTHERN EAST SIDE GORAKHPUR BYPASS (26.616 KMS) STARTING FROM NH - [N24002096,1973.98,,1973.98,416.98,,0,0.0
ROAD TRANSPORT AND HIGHWAYS,ADDITIONAL STRUCTURES ON 6LGURGAON-JAIPUR SECTION OF NH-48 BETWEEN KM 42.700 TO KM 273.00 - [N24002058,409.64,,409.64,175.26,,0,0.0
ROAD TRANSPORT AND HIGHWAYS,CONSTRUCTION OF 4 LANE ELEVATED SECTION AND AT- GRADE IMPROVEMENTS AT BEGUSARAI TOWN SECTION OF NH-3 - [N24001699,312.58,,312.58,113.94,,0,0.0
ROAD TRANSPORT AND HIGHWAYS,CONSTRUCTION OF NEW 4 LANE PRAYAGRAJ SOUTHERN BYPASS FROM DESIGN KM 50.860 (NABABA URF NIBI KALA UPA - [N24002106,993.77,,349.48,57.5,,0,-0.6483290902321462
ROAD TRANSPORT AND HIGHWAYS,CONSTRUCTION OF FOUR-LANE “WESTERN SIDE SPUR OF RAMPUR-RUDRAPUR SECTION CONNECTING NH-24 TO NH-87 BY - [N24002090,646.27,,646.27,38.85,,0,0.0
ROAD TRANSPORT AND HIGHWAYS,4 LANING OF JAGADHRI TAJEWALA ROAD SECTION OF NH 907 (OLD NH 73A) UNDER NH(O) (PKG 1) IN THE STATE O - [N24001635,1269.5,,1269.5,151.0,,0,0.0
ROAD TRANSPORT AND HIGHWAYS,"IMPROVEMENT , UP-GRADATION OF NH-734 SECTION OF MORADABAD - THAKURDWARA - KASHIPUR: “PACKAGE-I: MORA - [N24002093",1841.92,,1841.92,163.42,,0,0.0
ROAD TRANSPORT AND HIGHWAYS,6L FROM BELGAUM TO SANKESHWAR BYPASS FROM KM 515.000 TO KM 555.017 OF NH 48 - [N24001679,1479.3,,1479.3,47.44,,0,0.0
ROAD TRANSPORT AND HIGHWAYS,2,4.0,,5.0,6.0,,0,0.25
ROAD TRANSPORT AND HIGHWAYS,BALANCE WORKS OF 4L PANVEL-INDAPUR SECTION OF NH-66 (OLD NH-17) FROM KM 42.300 (KASU) TO KM 84.600 ( - [N24001607,332.0,,332.0,184.34,,0,0.0
ROAD TRANSPORT AND HIGHWAYS,4L GREENFIELD A. MALOUT BYPASS FROM CH. KM 44.500 TO CH. KM 35.500 ON NH-07 AND CH. KM 0.000 TO KM 6 - [N24001638,646.42,,646.42,481.67,,0,0.0
ROAD TRANSPORT AND HIGHWAYS,CONSTRUCTION OF 4 LANE ELEVATED HIGHWAY AND AT- GRADE IMPROVEMENTS AT GOPALGANJ TOWN FROM DESIGN CH: - [N24001702,184.9,185.0,185.0,146.04,,0,0.0005408328826392337
ROAD TRANSPORT AND HIGHWAYS,UPGRADATION OF EXISTING 4 LANE ISMAILABAD-AMBALA SECTION (KM. 0+000 TO KM 42+500) (PART OF AMBALA-KO - [N24002037,609.32,609.0,609.0,18.53,,0,-0.0005251756055932022
ROAD TRANSPORT AND HIGHWAYS,SIX LANING OF PARAVOOR(DESIGN KM. 417+000) TO KOTTUKULANGARA(DESIGN KM. 454+500) SECTION OF NEW NH-6 - [N24001649,3273.61,,3273.61,340.49,,0,0.0
ROAD TRANSPORT AND HIGHWAYS,4L OF KARWAR (KM. 281.980 OF NH-62 NAGAUR ROAD) TO DANGIYAVAS OF JODHPUR RING ROAD (PKG-II) - [N24001558,736.75,,736.75,181.91,,0,0.0
ROAD TRANSPORT AND HIGHWAYS,CONSTRUCTION OF 6 LANE DURG RAIPUR ARANG BYPASS PKG 2 SECTION OF NH 53 FROM CH 44+500 TO CH.92+230 I - [N24002046,1958.94,1959.0,1958.94,585.16,,0,0.0
ROAD TRANSPORT AND HIGHWAYS,4L GREENFIELD ROAD CONNECTING NORTH AND SOUTH INDUSTRIAL CLUSTER OF KHANDALERU CREEK NEAR KRISHNAPAT - [N24001979,609.43,,609.43,25.24,,0,0.0
ROAD TRANSPORT AND HIGHWAYS,4L OF TWIN TUBE TUNNEL CONFIGURATION INCLUDING APPROACHES FROM MAROG TO DIGDOL (FROM KM.154.210 TO K - [N24001627,1912.17,,1912.17,32.75,,0,0.0
ROAD TRANSPORT AND HIGHWAYS,6L ACCESS CONTROLLED HIGHWAY FROM DND MAHARANI BAGH JN. WITH JAITPUR PUSHTA ROAD OF NH 148NA FROM - [N24001773,1467.44,,1942.89,888.96,,0,0.3239996183830344
ROAD TRANSPORT AND HIGHWAYS,6L KANTAKAPALLE – SABBAVARAM SECTION OF NH-130CD ROAD FROM KM 445.100 TO KM 464.662 (PKG-4) - [N24001836,824.29,,924.0,345.76,,0,0.12096470902231016
ROAD TRANSPORT AND HIGHWAYS,FOUR LANING OF NERALURU TO THORAPALLI AGRAHARAM SECTION OF NH-844 (PKG-I) FROM KM.0+000 TO KM.23+350 - [N24001693,1751.18,,1757.27,49.69,,0,0.00347765506686915
ROAD TRANSPORT AND HIGHWAYS,4L MEDINIPUR TO BALLUPUR FROM KM. 458.65 TO KM. 487.65 OF NH-07(PKG-2) - [N24001553,1092.9,,1092.9,460.72,,0,0.0
ROAD TRANSPORT AND HIGHWAYS,4L OF UJJAIN TO BADNAWAR FROM KM 26.900 TO KM 96.00 OF NH-752D - [N24001756,1352.56,,1352.56,736.4,,0,0.0
ROAD TRANSPORT AND HIGHWAYS,VADODARA MUMBAI EXPRESSWAY (PHASE II - PKG XIV) [KM. 3.000 TO KM. 20.200 OF SPUR] (SHIRSAD - AKLOLI) - [N24001507,1124.0,,1124.0,299.43,,0,0.0
ROAD TRANSPORT AND HIGHWAYS,VADODARA MUMBAI EXPRESSWAY (PHASE II - PKG XVI) [KM. 43.000 TO KM. 69.800 OF SPUR] (AMNE - BHOJ) - [N24001508,1450.0,,1450.0,518.58,,0,0.0
ROAD TRANSPORT AND HIGHWAYS,DEVELOPMENT OF SIX LANE SARGI-BASANWAHI OF NH 130 CD FROM KM.42+800 TO 99+500 UNDER RAIPUR VISAKHAPA - [N24001588,1470.73,,1470.73,454.5,,0,0.0
ROAD TRANSPORT AND HIGHWAYS,SIX LANING OF NATIONAL CORRIDOR NH19 FROM PANAGARH TO PALSIT IN THE STATE OF WEST BENGAL UNDER BHARA - [N24001748,2200.93,,2303.06,2303.06,,0,0.046403111411994075
ROAD TRANSPORT AND HIGHWAYS,2,4.0,,5.0,6.0,,0,0.25
ROAD TRANSPORT AND HIGHWAYS,6L OF KAGAL-SATARA SECTION FROM KM 658.000 TO KM 725.000 OF NH-48 (PKG-II) - [N24001493,1749.86,,1749.86,1118.0,,0,0.0
ROAD TRANSPORT AND HIGHWAYS,SIX LANE OF PALSIT TO DANKUNI SECTION FROM 588.870 TO KM. 652.700 - [N24001747,2193.23,,2314.0,1762.34,,0,0.05506490427360559
ROAD TRANSPORT AND HIGHWAYS,"IMPROVEMENT AND UP-GRADATION OF EXISTING ROAD TO 4L PS FROM KM 229.070 TO 260.800, END OF HARDOI DIS - [N24001732",540.97,,540.97,75.66,,0,0.0
STEEL,UP GRADATION OF AUTOMATION SYSTEM OF HOT STRIP MILL AT BOKARO STEEL PLANT - [N12000126,207.74,,207.74,179.72,,0,0.0
STEEL,REVAMPING OF OLD SUB SYSTEM OF BLAST FURNACE 3 AT BOKARO STEEL PLANT - [N12000129,513.82,,513.82,46.03,,0,0.0
STEEL,INSTALLATION OF 4TH SLAB CASTER ALONG WITH ITS AUXILIARIES AND A NEW LADLE FURNACE IN SMS-II AT RSP - [N12000125,970.18,,970.18,331.15,,0,0.0
STEEL,REBUILDING OF COKE OVEN BATTERY NO.4 OF DURGAPUR STEEL PLANT - [N12000132,916.78,,916.78,35.0,,0,0.0
STEEL,REBUILDING OF COKE OVEN BATTERY NO.6 OF BOKARO STEEL PLANT - [N12000133,627.31,,627.31,45.51,,0,0.0
STEEL,"REPLACEMENT OF CONVERTER VESSELS, TRUNNION RINGS, SUPPORT SYSTEM AND INSTALLATION OF SECONDARY EMISS - [N12000131",471.83,,471.83,35.04,,0,0.0
STEEL,REBUILDING OF COKE OVEN BATTERY NO.7 AND 8 OF BHILAI STEEL PLANT - [N12000134,884.1,,884.1,204.88,,0,0.0
TELECOMMUNICATIONS,PLANNIN ENGINEERING SUPPLY INSTALLATION TESTING COMMISSIONING INTEGARTION and ANNUAL MAINTENANCE OF - [N26000117,24544.55,,24556.35,1897.24,,0,0.0004807584575801664
TELECOMMUNICATIONS,OPTICAL TRANSPORT NETWORK (OTN) PH-4 IN BSNL - [N26000118,810.99,,810.99,,,0,0.0
TELECOMMUNICATIONS,MPLS-IP BASED ACCESS AND AGGREGATION NETWORK (MAAN) IN BSNL ALONG WITH TEST AND MEASURING EQUIPMENT - [N26000116,645.13,,645.13,76.0,,0,0.0
URBAN DEVELOPMENT,BANGALORE METRO RAIL PROJECT LIMITED. PHASE. 2A AND 2B - [N28000151,14788.1,,14788.1,2424.04,,0,0.0
URBAN DEVELOPMENT,2,4.0,,5.0,6.0,,0,0.25
URBAN DEVELOPMENT,CONSTRUCTION OF PERMANENT CAMPUS OF CENTRAL UNIVERSITY OF HIMACHAL PRADESH AT DEHRA AND JADRANGAL (D - [N28000154,512.34,,512.34,,,0,0.0
URBAN DEVELOPMENT,PCMC NIGDI PROJECT EXTENSION OF CORRIDOR 1 OF PUNE METRO PHASE 1 - [N28000157,910.18,,910.18,,,0,0.0
URBAN DEVELOPMENT,NAGPUR METRO RAIL PROJECT PHASE II - [N28000155,6708.0,,6708.0,151.78,,0,0.0
URBAN DEVELOPMENT,DELHI GHAZIABAD MEERUT RRTS CORRIDOR - [N28000134,30274.0,,30274.0,21387.42,,0,0.0
